setor_censitario,codigo_ibge,municipio,nome_territorio_exibicao,fonte_nome_territorio,tipo_territorio_ajustado,codigo_territorio_ibge
510010205000012,5100102,Acorizal,Campo Limpo,IBGE Malha de Setores Censitários 2022 — atributos territoriais CD_BAIRRO/NM_BAIRRO e correlatos,Aglomerado rural IBGE 2022,510010200001
510010207000001,5100102,Acorizal,Baús,IBGE Malha de Setores Censitários 2022 — atributos territoriais CD_BAIRRO/NM_BAIRRO e correlatos,Distrito IBGE 2022,510010207
510010207000002,5100102,Acorizal,Baús,IBGE Malha de Setores Censitários 2022 — atributos territoriais CD_BAIRRO/NM_BAIRRO e correlatos,Distrito IBGE 2022,510010207
510010207000003,5100102,Acorizal,Baús,IBGE Malha de Setores Censitários 2022 — atributos territoriais CD_BAIRRO/NM_BAIRRO e correlatos,Distrito IBGE 2022,510010207
510010210000001,5100102,Acorizal,Aldeia,IBGE Malha de Setores Censitários 2022 — atributos territoriais CD_BAIRRO/NM_BAIRRO e correlatos,Distrito IBGE 2022,510010210
510010210000002,5100102,Acorizal,Aldeia,IBGE Malha de Setores Censitários 2022 — atributos territoriais CD_BAIRRO/NM_BAIRRO e correlatos,Distrito IBGE 2022,510010210
510020105000001,5100201,Água Boa,Centro II,IBGE Malha de Setores Censitários 2022 — atributos territoriais CD_BAIRRO/NM_BAIRRO e correlatos,Bairro IBGE 2022,5100201009
510020105000002,5100201,Água Boa,Guarujá,IBGE Malha de Setores Censitários 2022 — atributos territoriais CD_BAIRRO/NM_BAIRRO e correlatos,Bairro IBGE 2022,5100201005
510020105000003,5100201,Água Boa,Guarujá,IBGE Malha de Setores Censitários 2022 — atributos territoriais CD_BAIRRO/NM_BAIRRO e correlatos,Bairro IBGE 2022,5100201005
510020105000004,5100201,Água Boa,Guarujá,IBGE Malha de Setores Censitários 2022 — atributos territoriais CD_BAIRRO/NM_BAIRRO e correlatos,Bairro IBGE 2022,5100201005
510020105000005,5100201,Água Boa,Guarujá - Expansão,IBGE Malha de Setores Censitários 2022 — atributos territoriais CD_BAIRRO/NM_BAIRRO e correlatos,Bairro IBGE 2022,5100201004
510020105000006,5100201,Água Boa,Nova Era,IBGE Malha de Setores Censitários 2022 — atributos territoriais CD_BAIRRO/NM_BAIRRO e correlatos,Bairro IBGE 2022,5100201007
510020105000007,5100201,Água Boa,Primavera,IBGE Malha de Setores Censitários 2022 — atributos territoriais CD_BAIRRO/NM_BAIRRO e correlatos,Bairro IBGE 2022,5100201008
510020105000008,5100201,Água Boa,Jardim Tropical,IBGE Malha de Setores Censitários 2022 — atributos territoriais CD_BAIRRO/NM_BAIRRO e correlatos,Bairro IBGE 2022,5100201001
510020105000012,5100201,Água Boa,Centro,IBGE Malha de Setores Censitários 2022 — atributos territoriais CD_BAIRRO/NM_BAIRRO e correlatos,Bairro IBGE 2022,5100201002
510020105000013,5100201,Água Boa,Centro,IBGE Malha de Setores Censitários 2022 — atributos territoriais CD_BAIRRO/NM_BAIRRO e correlatos,Bairro IBGE 2022,5100201002
510020105000015,5100201,Água Boa,Operário,IBGE Malha de Setores Censitários 2022 — atributos territoriais CD_BAIRRO/NM_BAIRRO e correlatos,Bairro IBGE 2022,5100201006
510020105000016,5100201,Água Boa,Operário,IBGE Malha de Setores Censitários 2022 — atributos territoriais CD_BAIRRO/NM_BAIRRO e correlatos,Bairro IBGE 2022,5100201006
510020105000017,5100201,Água Boa,Vila Nova,IBGE Malha de Setores Censitários 2022 — atributos territoriais CD_BAIRRO/NM_BAIRRO e correlatos,Bairro IBGE 2022,5100201003
510020105000018,5100201,Água Boa,Vila Nova,IBGE Malha de Setores Censitários 2022 — atributos territoriais CD_BAIRRO/NM_BAIRRO e correlatos,Bairro IBGE 2022,5100201003
510020105000027,5100201,Água Boa,Centro II,IBGE Malha de Setores Censitários 2022 — atributos territoriais CD_BAIRRO/NM_BAIRRO e correlatos,Bairro IBGE 2022,5100201009
510020105000028,5100201,Água Boa,Guarujá - Expansão,IBGE Malha de Setores Censitários 2022 — atributos territoriais CD_BAIRRO/NM_BAIRRO e correlatos,Bairro IBGE 2022,5100201004
510020105000029,5100201,Água Boa,Primavera,IBGE Malha de Setores Censitários 2022 — atributos territoriais CD_BAIRRO/NM_BAIRRO e correlatos,Bairro IBGE 2022,5100201008
510020105000030,5100201,Água Boa,Jardim Tropical,IBGE Malha de Setores Censitários 2022 — atributos territoriais CD_BAIRRO/NM_BAIRRO e correlatos,Bairro IBGE 2022,5100201001
510020105000038,5100201,Água Boa,Aldeia Indígena Tripá,IBGE Malha de Setores Censitários 2022 — atributos territoriais CD_BAIRRO/NM_BAIRRO e correlatos,Aglomerado rural IBGE 2022,510020100015
510020105000039,5100201,Água Boa,Aldeia Indígena Água Quente,IBGE Malha de Setores Censitários 2022 — atributos territoriais CD_BAIRRO/NM_BAIRRO e correlatos,Aglomerado rural IBGE 2022,510020100013
510020105000040,5100201,Água Boa,Aldeia Indígena Babaçu,IBGE Malha de Setores Censitários 2022 — atributos territoriais CD_BAIRRO/NM_BAIRRO e correlatos,Aglomerado rural IBGE 2022,510020100014
510020105000044,5100201,Água Boa,Nova Era,IBGE Malha de Setores Censitários 2022 — atributos territoriais CD_BAIRRO/NM_BAIRRO e correlatos,Bairro IBGE 2022,5100201007
510020105000050,5100201,Água Boa,Operário,IBGE Malha de Setores Censitários 2022 — atributos territoriais CD_BAIRRO/NM_BAIRRO e correlatos,Bairro IBGE 2022,5100201006
510020105000053,5100201,Água Boa,Aldeia Indígena Terra Nova,IBGE Malha de Setores Censitários 2022 — atributos territoriais CD_BAIRRO/NM_BAIRRO e correlatos,Aglomerado rural IBGE 2022,510020100016
510020105000055,5100201,Água Boa,Fazenda Sete de Setembro,IBGE Malha de Setores Censitários 2022 — atributos territoriais CD_BAIRRO/NM_BAIRRO e correlatos,Aglomerado rural IBGE 2022,510020100017
510020105000062,5100201,Água Boa,Aldeia Indígena Elshaday,IBGE Malha de Setores Censitários 2022 — atributos territoriais CD_BAIRRO/NM_BAIRRO e correlatos,Aglomerado rural IBGE 2022,510020100018
510020105000064,5100201,Água Boa,Agrovila do PA Santa Maria,IBGE Malha de Setores Censitários 2022 — atributos territoriais CD_BAIRRO/NM_BAIRRO e correlatos,Aglomerado rural IBGE 2022,510020100019
510020115000002,5100201,Água Boa,Jaraguá,IBGE Malha de Setores Censitários 2022 — atributos territoriais CD_BAIRRO/NM_BAIRRO e correlatos,Distrito IBGE 2022,510020115
510020115000004,5100201,Água Boa,Jaraguá,IBGE Malha de Setores Censitários 2022 — atributos territoriais CD_BAIRRO/NM_BAIRRO e correlatos,Distrito IBGE 2022,510020115
510020115000006,5100201,Água Boa,Jaraguá,IBGE Malha de Setores Censitários 2022 — atributos territoriais CD_BAIRRO/NM_BAIRRO e correlatos,Distrito IBGE 2022,510020115
510020115000007,5100201,Água Boa,Jaraguá,IBGE Malha de Setores Censitários 2022 — atributos territoriais CD_BAIRRO/NM_BAIRRO e correlatos,Distrito IBGE 2022,510020115
510020115000008,5100201,Água Boa,Jaraguá,IBGE Malha de Setores Censitários 2022 — atributos territoriais CD_BAIRRO/NM_BAIRRO e correlatos,Distrito IBGE 2022,510020115
510020115000009,5100201,Água Boa,Jaraguá,IBGE Malha de Setores Censitários 2022 — atributos territoriais CD_BAIRRO/NM_BAIRRO e correlatos,Distrito IBGE 2022,510020115
510020115000010,5100201,Água Boa,Jaraguá,IBGE Malha de Setores Censitários 2022 — atributos territoriais CD_BAIRRO/NM_BAIRRO e correlatos,Distrito IBGE 2022,510020115
510020125000001,5100201,Água Boa,Serrinha,IBGE Malha de Setores Censitários 2022 — atributos territoriais CD_BAIRRO/NM_BAIRRO e correlatos,Distrito IBGE 2022,510020125
510020125000002,5100201,Água Boa,Serrinha,IBGE Malha de Setores Censitários 2022 — atributos territoriais CD_BAIRRO/NM_BAIRRO e correlatos,Distrito IBGE 2022,510020125
510020125000003,5100201,Água Boa,Serrinha,IBGE Malha de Setores Censitários 2022 — atributos territoriais CD_BAIRRO/NM_BAIRRO e correlatos,Distrito IBGE 2022,510020125
510020125000004,5100201,Água Boa,Serrinha,IBGE Malha de Setores Censitários 2022 — atributos territoriais CD_BAIRRO/NM_BAIRRO e correlatos,Distrito IBGE 2022,510020125
510020125000005,5100201,Água Boa,Serrinha,IBGE Malha de Setores Censitários 2022 — atributos territoriais CD_BAIRRO/NM_BAIRRO e correlatos,Distrito IBGE 2022,510020125
510020125000006,5100201,Água Boa,Serrinha,IBGE Malha de Setores Censitários 2022 — atributos territoriais CD_BAIRRO/NM_BAIRRO e correlatos,Distrito IBGE 2022,510020125
510025005000003,5100250,Alta Floresta,Bom Jesus,IBGE Malha de Setores Censitários 2022 — atributos territoriais CD_BAIRRO/NM_BAIRRO e correlatos,Bairro IBGE 2022,5100250003
510025005000016,5100250,Alta Floresta,Santa Maria,IBGE Malha de Setores Censitários 2022 — atributos territoriais CD_BAIRRO/NM_BAIRRO e correlatos,Bairro IBGE 2022,5100250002
510025005000018,5100250,Alta Floresta,Cidade Bela,IBGE Malha de Setores Censitários 2022 — atributos territoriais CD_BAIRRO/NM_BAIRRO e correlatos,Bairro IBGE 2022,5100250017
510025005000019,5100250,Alta Floresta,Cidade Bela,IBGE Malha de Setores Censitários 2022 — atributos territoriais CD_BAIRRO/NM_BAIRRO e correlatos,Bairro IBGE 2022,5100250017
510025005000020,5100250,Alta Floresta,Jardim Imperial,IBGE Malha de Setores Censitários 2022 — atributos territoriais CD_BAIRRO/NM_BAIRRO e correlatos,Bairro IBGE 2022,5100250018
510025005000021,5100250,Alta Floresta,Boa Esperança,IBGE Malha de Setores Censitários 2022 — atributos territoriais CD_BAIRRO/NM_BAIRRO e correlatos,Bairro IBGE 2022,5100250007
510025005000022,5100250,Alta Floresta,Jardim Guaraná,IBGE Malha de Setores Censitários 2022 — atributos territoriais CD_BAIRRO/NM_BAIRRO e correlatos,Bairro IBGE 2022,5100250006
510025005000024,5100250,Alta Floresta,Bom Pastor,IBGE Malha de Setores Censitários 2022 — atributos territoriais CD_BAIRRO/NM_BAIRRO e correlatos,Bairro IBGE 2022,5100250019
510025005000025,5100250,Alta Floresta,Cidade Alta,IBGE Malha de Setores Censitários 2022 — atributos territoriais CD_BAIRRO/NM_BAIRRO e correlatos,Bairro IBGE 2022,5100250004
510025005000026,5100250,Alta Floresta,Cidade Alta,IBGE Malha de Setores Censitários 2022 — atributos territoriais CD_BAIRRO/NM_BAIRRO e correlatos,Bairro IBGE 2022,5100250004
510025005000027,5100250,Alta Floresta,Cidade Alta,IBGE Malha de Setores Censitários 2022 — atributos territoriais CD_BAIRRO/NM_BAIRRO e correlatos,Bairro IBGE 2022,5100250004
510025005000028,5100250,Alta Floresta,Bom Jesus,IBGE Malha de Setores Censitários 2022 — atributos territoriais CD_BAIRRO/NM_BAIRRO e correlatos,Bairro IBGE 2022,5100250003
510025005000030,5100250,Alta Floresta,Jardim das Araras,IBGE Malha de Setores Censitários 2022 — atributos territoriais CD_BAIRRO/NM_BAIRRO e correlatos,Bairro IBGE 2022,5100250021
510025005000031,5100250,Alta Floresta,Jardim Oliveiras,IBGE Malha de Setores Censitários 2022 — atributos territoriais CD_BAIRRO/NM_BAIRRO e correlatos,Bairro IBGE 2022,5100250015
510025005000033,5100250,Alta Floresta,Vila Nova,IBGE Malha de Setores Censitários 2022 — atributos territoriais CD_BAIRRO/NM_BAIRRO e correlatos,Bairro IBGE 2022,5100250008
510025005000035,5100250,Alta Floresta,Vila Nova,IBGE Malha de Setores Censitários 2022 — atributos territoriais CD_BAIRRO/NM_BAIRRO e correlatos,Bairro IBGE 2022,5100250008
510025005000038,5100250,Alta Floresta,Jardim Primavera,IBGE Malha de Setores Censitários 2022 — atributos territoriais CD_BAIRRO/NM_BAIRRO e correlatos,Bairro IBGE 2022,5100250009
510025005000043,5100250,Alta Floresta,Boa Esperança,IBGE Malha de Setores Censitários 2022 — atributos territoriais CD_BAIRRO/NM_BAIRRO e correlatos,Bairro IBGE 2022,5100250007
510025005000044,5100250,Alta Floresta,Cidade Alta,IBGE Malha de Setores Censitários 2022 — atributos territoriais CD_BAIRRO/NM_BAIRRO e correlatos,Bairro IBGE 2022,5100250004
510025005000045,5100250,Alta Floresta,Cidade Alta,IBGE Malha de Setores Censitários 2022 — atributos territoriais CD_BAIRRO/NM_BAIRRO e correlatos,Bairro IBGE 2022,5100250004
510025005000046,5100250,Alta Floresta,Cidade Alta,IBGE Malha de Setores Censitários 2022 — atributos territoriais CD_BAIRRO/NM_BAIRRO e correlatos,Bairro IBGE 2022,5100250004
510025005000047,5100250,Alta Floresta,Boa Nova,IBGE Malha de Setores Censitários 2022 — atributos territoriais CD_BAIRRO/NM_BAIRRO e correlatos,Bairro IBGE 2022,5100250020
510025005000048,5100250,Alta Floresta,Vila Nova,IBGE Malha de Setores Censitários 2022 — atributos territoriais CD_BAIRRO/NM_BAIRRO e correlatos,Bairro IBGE 2022,5100250008
510025005000049,5100250,Alta Floresta,Jardim Panorama,IBGE Malha de Setores Censitários 2022 — atributos territoriais CD_BAIRRO/NM_BAIRRO e correlatos,Bairro IBGE 2022,5100250016
510025005000063,5100250,Alta Floresta,União da Serra,IBGE Malha de Setores Censitários 2022 — atributos territoriais CD_BAIRRO/NM_BAIRRO e correlatos,Aglomerado rural IBGE 2022,510025000001
510025005000071,5100250,Alta Floresta,Cidade Bela,IBGE Malha de Setores Censitários 2022 — atributos territoriais CD_BAIRRO/NM_BAIRRO e correlatos,Bairro IBGE 2022,5100250017
510025005000072,5100250,Alta Floresta,Jardim Imperial,IBGE Malha de Setores Censitários 2022 — atributos territoriais CD_BAIRRO/NM_BAIRRO e correlatos,Bairro IBGE 2022,5100250018
510025005000073,5100250,Alta Floresta,Jardim Guaraná,IBGE Malha de Setores Censitários 2022 — atributos territoriais CD_BAIRRO/NM_BAIRRO e correlatos,Bairro IBGE 2022,5100250006
510025005000075,5100250,Alta Floresta,Bom Pastor,IBGE Malha de Setores Censitários 2022 — atributos territoriais CD_BAIRRO/NM_BAIRRO e correlatos,Bairro IBGE 2022,5100250019
510025005000076,5100250,Alta Floresta,Cidade Alta,IBGE Malha de Setores Censitários 2022 — atributos territoriais CD_BAIRRO/NM_BAIRRO e correlatos,Bairro IBGE 2022,5100250004
510025005000077,5100250,Alta Floresta,Cidade Alta,IBGE Malha de Setores Censitários 2022 — atributos territoriais CD_BAIRRO/NM_BAIRRO e correlatos,Bairro IBGE 2022,5100250004
510025005000078,5100250,Alta Floresta,Jardim das Araras,IBGE Malha de Setores Censitários 2022 — atributos territoriais CD_BAIRRO/NM_BAIRRO e correlatos,Bairro IBGE 2022,5100250021
510025005000080,5100250,Alta Floresta,Residencial Universitário,IBGE Malha de Setores Censitários 2022 — atributos territoriais CD_BAIRRO/NM_BAIRRO e correlatos,Bairro IBGE 2022,5100250014
510025005000081,5100250,Alta Floresta,Residencial Universitário,IBGE Malha de Setores Censitários 2022 — atributos territoriais CD_BAIRRO/NM_BAIRRO e correlatos,Bairro IBGE 2022,5100250014
510025005000083,5100250,Alta Floresta,Jardim Renascer,IBGE Malha de Setores Censitários 2022 — atributos territoriais CD_BAIRRO/NM_BAIRRO e correlatos,Bairro IBGE 2022,5100250011
510025005000084,5100250,Alta Floresta,Jardim Panorama,IBGE Malha de Setores Censitários 2022 — atributos territoriais CD_BAIRRO/NM_BAIRRO e correlatos,Bairro IBGE 2022,5100250016
510025005000085,5100250,Alta Floresta,Boa Esperança,IBGE Malha de Setores Censitários 2022 — atributos territoriais CD_BAIRRO/NM_BAIRRO e correlatos,Bairro IBGE 2022,5100250007
510025005000086,5100250,Alta Floresta,Boa Nova,IBGE Malha de Setores Censitários 2022 — atributos territoriais CD_BAIRRO/NM_BAIRRO e correlatos,Bairro IBGE 2022,5100250020
510025005000087,5100250,Alta Floresta,Boa Nova,IBGE Malha de Setores Censitários 2022 — atributos territoriais CD_BAIRRO/NM_BAIRRO e correlatos,Bairro IBGE 2022,5100250020
510025005000088,5100250,Alta Floresta,Jardim Panorama,IBGE Malha de Setores Censitários 2022 — atributos territoriais CD_BAIRRO/NM_BAIRRO e correlatos,Bairro IBGE 2022,5100250016
510025005000092,5100250,Alta Floresta,Jardim Primavera,IBGE Malha de Setores Censitários 2022 — atributos territoriais CD_BAIRRO/NM_BAIRRO e correlatos,Bairro IBGE 2022,5100250009
510025005000103,5100250,Alta Floresta,Distrito Industrial,IBGE Malha de Setores Censitários 2022 — atributos territoriais CD_BAIRRO/NM_BAIRRO e correlatos,Bairro IBGE 2022,5100250024
510025005000109,5100250,Alta Floresta,Cidade Bela,IBGE Malha de Setores Censitários 2022 — atributos territoriais CD_BAIRRO/NM_BAIRRO e correlatos,Bairro IBGE 2022,5100250017
510025005000110,5100250,Alta Floresta,Cidade Bela,IBGE Malha de Setores Censitários 2022 — atributos territoriais CD_BAIRRO/NM_BAIRRO e correlatos,Bairro IBGE 2022,5100250017
510025005000113,5100250,Alta Floresta,Jardim Panorama,IBGE Malha de Setores Censitários 2022 — atributos territoriais CD_BAIRRO/NM_BAIRRO e correlatos,Bairro IBGE 2022,5100250016
510025005000115,5100250,Alta Floresta,Residencial das Mangueiras ou Simplesmente R das Mangueiras,IBGE Malha de Setores Censitários 2022 — atributos territoriais CD_BAIRRO/NM_BAIRRO e correlatos,Bairro IBGE 2022,5100250013
510025005000117,5100250,Alta Floresta,São José Operário,IBGE Malha de Setores Censitários 2022 — atributos territoriais CD_BAIRRO/NM_BAIRRO e correlatos,Bairro IBGE 2022,5100250001
510025005000118,5100250,Alta Floresta,São José Operário,IBGE Malha de Setores Censitários 2022 — atributos territoriais CD_BAIRRO/NM_BAIRRO e correlatos,Bairro IBGE 2022,5100250001
510025005000119,5100250,Alta Floresta,Jardim das Flores,IBGE Malha de Setores Censitários 2022 — atributos territoriais CD_BAIRRO/NM_BAIRRO e correlatos,Bairro IBGE 2022,5100250005
510025005000120,5100250,Alta Floresta,Jardim das Flores,IBGE Malha de Setores Censitários 2022 — atributos territoriais CD_BAIRRO/NM_BAIRRO e correlatos,Bairro IBGE 2022,5100250005
510025005000121,5100250,Alta Floresta,Boa Nova,IBGE Malha de Setores Censitários 2022 — atributos territoriais CD_BAIRRO/NM_BAIRRO e correlatos,Bairro IBGE 2022,5100250020
510025005000122,5100250,Alta Floresta,Jardim Perimetral,IBGE Malha de Setores Censitários 2022 — atributos territoriais CD_BAIRRO/NM_BAIRRO e correlatos,Bairro IBGE 2022,5100250010
510025005000124,5100250,Alta Floresta,Jardim Flamboyant,IBGE Malha de Setores Censitários 2022 — atributos territoriais CD_BAIRRO/NM_BAIRRO e correlatos,Bairro IBGE 2022,5100250012
510025005000125,5100250,Alta Floresta,Residencial Universitário,IBGE Malha de Setores Censitários 2022 — atributos territoriais CD_BAIRRO/NM_BAIRRO e correlatos,Bairro IBGE 2022,5100250014
510025005000126,5100250,Alta Floresta,Jardim Tropical,IBGE Malha de Setores Censitários 2022 — atributos territoriais CD_BAIRRO/NM_BAIRRO e correlatos,Bairro IBGE 2022,5100250023
510025005000128,5100250,Alta Floresta,Parque dos Lagos,IBGE Malha de Setores Censitários 2022 — atributos territoriais CD_BAIRRO/NM_BAIRRO e correlatos,Bairro IBGE 2022,5100250022
510025005000129,5100250,Alta Floresta,Bom Pastor,IBGE Malha de Setores Censitários 2022 — atributos territoriais CD_BAIRRO/NM_BAIRRO e correlatos,Bairro IBGE 2022,5100250019
510025005000130,5100250,Alta Floresta,Jardim Guaraná,IBGE Malha de Setores Censitários 2022 — atributos territoriais CD_BAIRRO/NM_BAIRRO e correlatos,Bairro IBGE 2022,5100250006
510025005000132,5100250,Alta Floresta,Setor Trevo,IBGE Malha de Setores Censitários 2022 — atributos territoriais CD_BAIRRO/NM_BAIRRO e correlatos,Bairro IBGE 2022,5100250025
510030005000001,5100300,Alto Araguaia,Atlântico,IBGE Malha de Setores Censitários 2022 — atributos territoriais CD_BAIRRO/NM_BAIRRO e correlatos,Bairro IBGE 2022,5100300001
510030005000002,5100300,Alto Araguaia,Atlântico,IBGE Malha de Setores Censitários 2022 — atributos territoriais CD_BAIRRO/NM_BAIRRO e correlatos,Bairro IBGE 2022,5100300001
510030005000003,5100300,Alto Araguaia,Dom Bosco,IBGE Malha de Setores Censitários 2022 — atributos territoriais CD_BAIRRO/NM_BAIRRO e correlatos,Bairro IBGE 2022,5100300002
510030005000004,5100300,Alto Araguaia,Dom Bosco,IBGE Malha de Setores Censitários 2022 — atributos territoriais CD_BAIRRO/NM_BAIRRO e correlatos,Bairro IBGE 2022,5100300002
510030005000005,5100300,Alto Araguaia,Aeroporto,IBGE Malha de Setores Censitários 2022 — atributos territoriais CD_BAIRRO/NM_BAIRRO e correlatos,Bairro IBGE 2022,5100300003
510030005000006,5100300,Alto Araguaia,Aeroporto,IBGE Malha de Setores Censitários 2022 — atributos territoriais CD_BAIRRO/NM_BAIRRO e correlatos,Bairro IBGE 2022,5100300003
510030005000007,5100300,Alto Araguaia,Aeroporto,IBGE Malha de Setores Censitários 2022 — atributos territoriais CD_BAIRRO/NM_BAIRRO e correlatos,Bairro IBGE 2022,5100300003
510030005000009,5100300,Alto Araguaia,Distrito Industrial,IBGE Malha de Setores Censitários 2022 — atributos territoriais CD_BAIRRO/NM_BAIRRO e correlatos,Bairro IBGE 2022,5100300005
510030005000010,5100300,Alto Araguaia,Novo Araguaia,IBGE Malha de Setores Censitários 2022 — atributos territoriais CD_BAIRRO/NM_BAIRRO e correlatos,Bairro IBGE 2022,5100300004
510030005000011,5100300,Alto Araguaia,Boiadeiro,IBGE Malha de Setores Censitários 2022 — atributos territoriais CD_BAIRRO/NM_BAIRRO e correlatos,Bairro IBGE 2022,5100300009
510030005000012,5100300,Alto Araguaia,Boiadeiro,IBGE Malha de Setores Censitários 2022 — atributos territoriais CD_BAIRRO/NM_BAIRRO e correlatos,Bairro IBGE 2022,5100300009
510030005000013,5100300,Alto Araguaia,São Francisco de Assis,IBGE Malha de Setores Censitários 2022 — atributos territoriais CD_BAIRRO/NM_BAIRRO e correlatos,Bairro IBGE 2022,5100300007
510030005000015,5100300,Alto Araguaia,Cohab,IBGE Malha de Setores Censitários 2022 — atributos territoriais CD_BAIRRO/NM_BAIRRO e correlatos,Bairro IBGE 2022,5100300006
510030005000016,5100300,Alto Araguaia,Primavera,IBGE Malha de Setores Censitários 2022 — atributos territoriais CD_BAIRRO/NM_BAIRRO e correlatos,Bairro IBGE 2022,5100300008
510030005000017,5100300,Alto Araguaia,Alvorada,IBGE Malha de Setores Censitários 2022 — atributos territoriais CD_BAIRRO/NM_BAIRRO e correlatos,Bairro IBGE 2022,5100300010
510030005000018,5100300,Alto Araguaia,Centro,IBGE Malha de Setores Censitários 2022 — atributos territoriais CD_BAIRRO/NM_BAIRRO e correlatos,Bairro IBGE 2022,5100300012
510030005000019,5100300,Alto Araguaia,Centro,IBGE Malha de Setores Censitários 2022 — atributos territoriais CD_BAIRRO/NM_BAIRRO e correlatos,Bairro IBGE 2022,5100300012
510030005000020,5100300,Alto Araguaia,Beira Rio,IBGE Malha de Setores Censitários 2022 — atributos territoriais CD_BAIRRO/NM_BAIRRO e correlatos,Bairro IBGE 2022,5100300011
510030005000027,5100300,Alto Araguaia,Aeroporto,IBGE Malha de Setores Censitários 2022 — atributos territoriais CD_BAIRRO/NM_BAIRRO e correlatos,Bairro IBGE 2022,5100300003
510030005000028,5100300,Alto Araguaia,Boiadeiro,IBGE Malha de Setores Censitários 2022 — atributos territoriais CD_BAIRRO/NM_BAIRRO e correlatos,Bairro IBGE 2022,5100300009
510030005000031,5100300,Alto Araguaia,Aeroporto,IBGE Malha de Setores Censitários 2022 — atributos territoriais CD_BAIRRO/NM_BAIRRO e correlatos,Bairro IBGE 2022,5100300003
510030005000032,5100300,Alto Araguaia,Aeroporto,IBGE Malha de Setores Censitários 2022 — atributos territoriais CD_BAIRRO/NM_BAIRRO e correlatos,Bairro IBGE 2022,5100300003
510030005000033,5100300,Alto Araguaia,Aeroporto,IBGE Malha de Setores Censitários 2022 — atributos territoriais CD_BAIRRO/NM_BAIRRO e correlatos,Bairro IBGE 2022,5100300003
510030007000001,5100300,Alto Araguaia,Buriti,IBGE Malha de Setores Censitários 2022 — atributos territoriais CD_BAIRRO/NM_BAIRRO e correlatos,Distrito IBGE 2022,510030007
510030007000002,5100300,Alto Araguaia,Buriti,IBGE Malha de Setores Censitários 2022 — atributos territoriais CD_BAIRRO/NM_BAIRRO e correlatos,Distrito IBGE 2022,510030007
510030007000003,5100300,Alto Araguaia,Buriti,IBGE Malha de Setores Censitários 2022 — atributos territoriais CD_BAIRRO/NM_BAIRRO e correlatos,Distrito IBGE 2022,510030007
510030007000004,5100300,Alto Araguaia,Buriti,IBGE Malha de Setores Censitários 2022 — atributos territoriais CD_BAIRRO/NM_BAIRRO e correlatos,Distrito IBGE 2022,510030007
510035905000014,5100359,Alto Boa Vista,Aldeia Indígena Marãiwatséde,IBGE Malha de Setores Censitários 2022 — atributos territoriais CD_BAIRRO/NM_BAIRRO e correlatos,Aglomerado rural IBGE 2022,510035900004
510035905000017,5100359,Alto Boa Vista,Aldeia Indígena Madzabdze,IBGE Malha de Setores Censitários 2022 — atributos territoriais CD_BAIRRO/NM_BAIRRO e correlatos,Aglomerado rural IBGE 2022,510035900005
510035905000019,5100359,Alto Boa Vista,Aldeia Indígena Aopa / Aoipa,IBGE Malha de Setores Censitários 2022 — atributos territoriais CD_BAIRRO/NM_BAIRRO e correlatos,Aglomerado rural IBGE 2022,510035900006
510035905000020,5100359,Alto Boa Vista,Aldeia Indígena Etawawe,IBGE Malha de Setores Censitários 2022 — atributos territoriais CD_BAIRRO/NM_BAIRRO e correlatos,Aglomerado rural IBGE 2022,510035900007
510035905000021,5100359,Alto Boa Vista,Aldeia indígena Urubedzau,IBGE Malha de Setores Censitários 2022 — atributos territoriais CD_BAIRRO/NM_BAIRRO e correlatos,Aglomerado rural IBGE 2022,510035900011
510035905000022,5100359,Alto Boa Vista,Aldeia Indígena Monipa,IBGE Malha de Setores Censitários 2022 — atributos territoriais CD_BAIRRO/NM_BAIRRO e correlatos,Aglomerado rural IBGE 2022,510035900009
510035905000023,5100359,Alto Boa Vista,Aldeia indígena Tsupratsiutse,IBGE Malha de Setores Censitários 2022 — atributos territoriais CD_BAIRRO/NM_BAIRRO e correlatos,Aglomerado rural IBGE 2022,510035900010
510035905000024,5100359,Alto Boa Vista,Aldeia Indígena Cristo Rei,IBGE Malha de Setores Censitários 2022 — atributos territoriais CD_BAIRRO/NM_BAIRRO e correlatos,Aglomerado rural IBGE 2022,510035900008
510035905000026,5100359,Alto Boa Vista,Aldeia indígena Etetsiri Paradzane,IBGE Malha de Setores Censitários 2022 — atributos territoriais CD_BAIRRO/NM_BAIRRO e correlatos,Aglomerado rural IBGE 2022,510035900012
510035905000028,5100359,Alto Boa Vista,Agrovila do PA PA Bandeirantes,IBGE Malha de Setores Censitários 2022 — atributos territoriais CD_BAIRRO/NM_BAIRRO e correlatos,Aglomerado rural IBGE 2022,510035900013
510040905000033,5100409,Alto Garças,Fazenda Adriana,IBGE Malha de Setores Censitários 2022 — atributos territoriais CD_BAIRRO/NM_BAIRRO e correlatos,Aglomerado rural IBGE 2022,510040900001
510050807000001,5100508,Alto Paraguai,Capão Verde,IBGE Malha de Setores Censitários 2022 — atributos territoriais CD_BAIRRO/NM_BAIRRO e correlatos,Distrito IBGE 2022,510050807
510050807000002,5100508,Alto Paraguai,Capão Verde,IBGE Malha de Setores Censitários 2022 — atributos territoriais CD_BAIRRO/NM_BAIRRO e correlatos,Distrito IBGE 2022,510050807
510050807000003,5100508,Alto Paraguai,Capão Verde,IBGE Malha de Setores Censitários 2022 — atributos territoriais CD_BAIRRO/NM_BAIRRO e correlatos,Distrito IBGE 2022,510050807
510050807000004,5100508,Alto Paraguai,Agrovila do PA Campos Novos (Tira Sentido),IBGE Malha de Setores Censitários 2022 — atributos territoriais CD_BAIRRO/NM_BAIRRO e correlatos,Aglomerado rural IBGE 2022,510050800001
510050807000005,5100508,Alto Paraguai,Capão Verde,IBGE Malha de Setores Censitários 2022 — atributos territoriais CD_BAIRRO/NM_BAIRRO e correlatos,Distrito IBGE 2022,510050807
510050807000006,5100508,Alto Paraguai,Capão Verde,IBGE Malha de Setores Censitários 2022 — atributos territoriais CD_BAIRRO/NM_BAIRRO e correlatos,Distrito IBGE 2022,510050807
510050810000001,5100508,Alto Paraguai,Lavouras,IBGE Malha de Setores Censitários 2022 — atributos territoriais CD_BAIRRO/NM_BAIRRO e correlatos,Distrito IBGE 2022,510050810
510050810000002,5100508,Alto Paraguai,Lavouras,IBGE Malha de Setores Censitários 2022 — atributos territoriais CD_BAIRRO/NM_BAIRRO e correlatos,Distrito IBGE 2022,510050810
510050810000003,5100508,Alto Paraguai,Lavouras,IBGE Malha de Setores Censitários 2022 — atributos territoriais CD_BAIRRO/NM_BAIRRO e correlatos,Distrito IBGE 2022,510050810
510080505000001,5100805,Apiacás,Bom Jesus,IBGE Malha de Setores Censitários 2022 — atributos territoriais CD_BAIRRO/NM_BAIRRO e correlatos,Bairro IBGE 2022,5100805001
510080505000002,5100805,Apiacás,Bom Jesus,IBGE Malha de Setores Censitários 2022 — atributos territoriais CD_BAIRRO/NM_BAIRRO e correlatos,Bairro IBGE 2022,5100805001
510080505000006,5100805,Apiacás,Pioneiro,IBGE Malha de Setores Censitários 2022 — atributos territoriais CD_BAIRRO/NM_BAIRRO e correlatos,Bairro IBGE 2022,5100805003
510080505000010,5100805,Apiacás,Novo Planeta,IBGE Malha de Setores Censitários 2022 — atributos territoriais CD_BAIRRO/NM_BAIRRO e correlatos,Aglomerado rural IBGE 2022,510080500001
510080505000022,5100805,Apiacás,Pioneiro,IBGE Malha de Setores Censitários 2022 — atributos territoriais CD_BAIRRO/NM_BAIRRO e correlatos,Bairro IBGE 2022,5100805003
510080505000023,5100805,Apiacás,Jardim das Nações,IBGE Malha de Setores Censitários 2022 — atributos territoriais CD_BAIRRO/NM_BAIRRO e correlatos,Bairro IBGE 2022,5100805002
510080505000027,5100805,Apiacás,Primavera,IBGE Malha de Setores Censitários 2022 — atributos territoriais CD_BAIRRO/NM_BAIRRO e correlatos,Bairro IBGE 2022,5100805004
510080505000040,5100805,Apiacás,Aldeia Indígena Ximari,IBGE Malha de Setores Censitários 2022 — atributos territoriais CD_BAIRRO/NM_BAIRRO e correlatos,Aglomerado rural IBGE 2022,510080500002
510080505000041,5100805,Apiacás,Aldeia Indígena Dinossauro,IBGE Malha de Setores Censitários 2022 — atributos territoriais CD_BAIRRO/NM_BAIRRO e correlatos,Aglomerado rural IBGE 2022,510080500003
510080505000042,5100805,Apiacás,Aldeia Indígena Barro Vermelho,IBGE Malha de Setores Censitários 2022 — atributos territoriais CD_BAIRRO/NM_BAIRRO e correlatos,Aglomerado rural IBGE 2022,510080500004
510080505000043,5100805,Apiacás,Aldeia Indígena Mayrowi,IBGE Malha de Setores Censitários 2022 — atributos territoriais CD_BAIRRO/NM_BAIRRO e correlatos,Aglomerado rural IBGE 2022,510080500005
510080505000045,5100805,Apiacás,Aldeia Indígena Pontal,IBGE Malha de Setores Censitários 2022 — atributos territoriais CD_BAIRRO/NM_BAIRRO e correlatos,Aglomerado rural IBGE 2022,510080500006
510080505000047,5100805,Apiacás,Aldeia Indígena Canindé,IBGE Malha de Setores Censitários 2022 — atributos territoriais CD_BAIRRO/NM_BAIRRO e correlatos,Aglomerado rural IBGE 2022,510080500007
510080505000048,5100805,Apiacás,Aldeia Indígena Matrinxa,IBGE Malha de Setores Censitários 2022 — atributos territoriais CD_BAIRRO/NM_BAIRRO e correlatos,Aglomerado rural IBGE 2022,510080500008
510080505000049,5100805,Apiacás,Aldeia Indígena Três Marias,IBGE Malha de Setores Censitários 2022 — atributos territoriais CD_BAIRRO/NM_BAIRRO e correlatos,Aglomerado rural IBGE 2022,510080500009
510100105000026,5101001,Araguaiana,Cachoeirinha,IBGE Malha de Setores Censitários 2022 — atributos territoriais CD_BAIRRO/NM_BAIRRO e correlatos,Aglomerado rural IBGE 2022,510100100001
510120905000001,5101209,Araguainha,Centro,IBGE Malha de Setores Censitários 2022 — atributos territoriais CD_BAIRRO/NM_BAIRRO e correlatos,Bairro IBGE 2022,5101209001
510120905000007,5101209,Araguainha,Cohab,IBGE Malha de Setores Censitários 2022 — atributos territoriais CD_BAIRRO/NM_BAIRRO e correlatos,Bairro IBGE 2022,5101209002
510120905000008,5101209,Araguainha,Nossa Senhora Aparecida,IBGE Malha de Setores Censitários 2022 — atributos territoriais CD_BAIRRO/NM_BAIRRO e correlatos,Bairro IBGE 2022,5101209004
510120905000009,5101209,Araguainha,São Francisco,IBGE Malha de Setores Censitários 2022 — atributos territoriais CD_BAIRRO/NM_BAIRRO e correlatos,Bairro IBGE 2022,5101209003
510120905000010,5101209,Araguainha,João de Barro,IBGE Malha de Setores Censitários 2022 — atributos territoriais CD_BAIRRO/NM_BAIRRO e correlatos,Bairro IBGE 2022,5101209005
510125805000014,5101258,Araputanga,Farinópolis,IBGE Malha de Setores Censitários 2022 — atributos territoriais CD_BAIRRO/NM_BAIRRO e correlatos,Aglomerado rural IBGE 2022,510125800001
510125805000019,5101258,Araputanga,Cachoeirinha,IBGE Malha de Setores Censitários 2022 — atributos territoriais CD_BAIRRO/NM_BAIRRO e correlatos,Aglomerado rural IBGE 2022,510125800002
510125805000059,5101258,Araputanga,Agrovila do PA Botas,IBGE Malha de Setores Censitários 2022 — atributos territoriais CD_BAIRRO/NM_BAIRRO e correlatos,Aglomerado rural IBGE 2022,510125800004
510130805000001,5101308,Arenápolis,Vila Nova,IBGE Malha de Setores Censitários 2022 — atributos territoriais CD_BAIRRO/NM_BAIRRO e correlatos,Bairro IBGE 2022,5101308007
510130805000002,5101308,Arenápolis,Bela Vista,IBGE Malha de Setores Censitários 2022 — atributos territoriais CD_BAIRRO/NM_BAIRRO e correlatos,Bairro IBGE 2022,5101308002
510130805000006,5101308,Arenápolis,Bela Vista,IBGE Malha de Setores Censitários 2022 — atributos territoriais CD_BAIRRO/NM_BAIRRO e correlatos,Bairro IBGE 2022,5101308002
510130805000007,5101308,Arenápolis,Primavera,IBGE Malha de Setores Censitários 2022 — atributos territoriais CD_BAIRRO/NM_BAIRRO e correlatos,Bairro IBGE 2022,5101308003
510130805000008,5101308,Arenápolis,Bela Vista,IBGE Malha de Setores Censitários 2022 — atributos territoriais CD_BAIRRO/NM_BAIRRO e correlatos,Bairro IBGE 2022,5101308002
510130805000009,5101308,Arenápolis,Vila Nova,IBGE Malha de Setores Censitários 2022 — atributos territoriais CD_BAIRRO/NM_BAIRRO e correlatos,Bairro IBGE 2022,5101308007
510130805000010,5101308,Arenápolis,Vila Nova,IBGE Malha de Setores Censitários 2022 — atributos territoriais CD_BAIRRO/NM_BAIRRO e correlatos,Bairro IBGE 2022,5101308007
510130805000012,5101308,Arenápolis,Vila Rica,IBGE Malha de Setores Censitários 2022 — atributos territoriais CD_BAIRRO/NM_BAIRRO e correlatos,Bairro IBGE 2022,5101308008
510130805000013,5101308,Arenápolis,Bolívia,IBGE Malha de Setores Censitários 2022 — atributos territoriais CD_BAIRRO/NM_BAIRRO e correlatos,Bairro IBGE 2022,5101308009
510130805000014,5101308,Arenápolis,Centro,IBGE Malha de Setores Censitários 2022 — atributos territoriais CD_BAIRRO/NM_BAIRRO e correlatos,Bairro IBGE 2022,5101308010
510130805000019,5101308,Arenápolis,Novo Horizonte,IBGE Malha de Setores Censitários 2022 — atributos territoriais CD_BAIRRO/NM_BAIRRO e correlatos,Bairro IBGE 2022,5101308001
510130805000020,5101308,Arenápolis,Novo Horizonte,IBGE Malha de Setores Censitários 2022 — atributos territoriais CD_BAIRRO/NM_BAIRRO e correlatos,Bairro IBGE 2022,5101308001
510130805000021,5101308,Arenápolis,Novo Horizonte,IBGE Malha de Setores Censitários 2022 — atributos territoriais CD_BAIRRO/NM_BAIRRO e correlatos,Bairro IBGE 2022,5101308001
510130805000022,5101308,Arenápolis,Bela Vista,IBGE Malha de Setores Censitários 2022 — atributos territoriais CD_BAIRRO/NM_BAIRRO e correlatos,Bairro IBGE 2022,5101308002
510130805000023,5101308,Arenápolis,Bela Vista,IBGE Malha de Setores Censitários 2022 — atributos territoriais CD_BAIRRO/NM_BAIRRO e correlatos,Bairro IBGE 2022,5101308002
510130805000024,5101308,Arenápolis,Primavera,IBGE Malha de Setores Censitários 2022 — atributos territoriais CD_BAIRRO/NM_BAIRRO e correlatos,Bairro IBGE 2022,5101308003
510130805000025,5101308,Arenápolis,Primavera,IBGE Malha de Setores Censitários 2022 — atributos territoriais CD_BAIRRO/NM_BAIRRO e correlatos,Bairro IBGE 2022,5101308003
510130805000026,5101308,Arenápolis,Planalto dos Diamantes,IBGE Malha de Setores Censitários 2022 — atributos territoriais CD_BAIRRO/NM_BAIRRO e correlatos,Bairro IBGE 2022,5101308004
510130805000027,5101308,Arenápolis,São Mateus,IBGE Malha de Setores Censitários 2022 — atributos territoriais CD_BAIRRO/NM_BAIRRO e correlatos,Bairro IBGE 2022,5101308005
510130805000028,5101308,Arenápolis,São Mateus,IBGE Malha de Setores Censitários 2022 — atributos territoriais CD_BAIRRO/NM_BAIRRO e correlatos,Bairro IBGE 2022,5101308005
510130805000029,5101308,Arenápolis,São Mateus,IBGE Malha de Setores Censitários 2022 — atributos territoriais CD_BAIRRO/NM_BAIRRO e correlatos,Bairro IBGE 2022,5101308005
510130805000030,5101308,Arenápolis,São Mateus,IBGE Malha de Setores Censitários 2022 — atributos territoriais CD_BAIRRO/NM_BAIRRO e correlatos,Bairro IBGE 2022,5101308005
510130805000031,5101308,Arenápolis,Jardim Canaã,IBGE Malha de Setores Censitários 2022 — atributos territoriais CD_BAIRRO/NM_BAIRRO e correlatos,Bairro IBGE 2022,5101308006
510130805000032,5101308,Arenápolis,Vila Nova,IBGE Malha de Setores Censitários 2022 — atributos territoriais CD_BAIRRO/NM_BAIRRO e correlatos,Bairro IBGE 2022,5101308007
510130805000033,5101308,Arenápolis,Vila Rica,IBGE Malha de Setores Censitários 2022 — atributos territoriais CD_BAIRRO/NM_BAIRRO e correlatos,Bairro IBGE 2022,5101308008
510130805000035,5101308,Arenápolis,Centro,IBGE Malha de Setores Censitários 2022 — atributos territoriais CD_BAIRRO/NM_BAIRRO e correlatos,Bairro IBGE 2022,5101308010
510130805000038,5101308,Arenápolis,da Ponte,IBGE Malha de Setores Censitários 2022 — atributos territoriais CD_BAIRRO/NM_BAIRRO e correlatos,Bairro IBGE 2022,5101308012
510130805000039,5101308,Arenápolis,da Ponte,IBGE Malha de Setores Censitários 2022 — atributos territoriais CD_BAIRRO/NM_BAIRRO e correlatos,Bairro IBGE 2022,5101308012
510130805000043,5101308,Arenápolis,Bela Vista,IBGE Malha de Setores Censitários 2022 — atributos territoriais CD_BAIRRO/NM_BAIRRO e correlatos,Bairro IBGE 2022,5101308002
510130805000044,5101308,Arenápolis,Campinas,IBGE Malha de Setores Censitários 2022 — atributos territoriais CD_BAIRRO/NM_BAIRRO e correlatos,Bairro IBGE 2022,5101308011
510140705000016,5101407,Aripuanã,Aldeia Indígena Taquaral Ipê,IBGE Malha de Setores Censitários 2022 — atributos territoriais CD_BAIRRO/NM_BAIRRO e correlatos,Aglomerado rural IBGE 2022,510140700007
510140705000017,5101407,Aripuanã,Aldeia Indígena Cachoeirinha,IBGE Malha de Setores Censitários 2022 — atributos territoriais CD_BAIRRO/NM_BAIRRO e correlatos,Aglomerado rural IBGE 2022,510140700010
510140705000018,5101407,Aripuanã,Aldeia Indígena do Vovô,IBGE Malha de Setores Censitários 2022 — atributos territoriais CD_BAIRRO/NM_BAIRRO e correlatos,Aglomerado rural IBGE 2022,510140700009
510140705000019,5101407,Aripuanã,Aldeia Indígena Saba,IBGE Malha de Setores Censitários 2022 — atributos territoriais CD_BAIRRO/NM_BAIRRO e correlatos,Aglomerado rural IBGE 2022,510140700011
510140705000020,5101407,Aripuanã,Aldeia Indígena Nesek,IBGE Malha de Setores Censitários 2022 — atributos territoriais CD_BAIRRO/NM_BAIRRO e correlatos,Aglomerado rural IBGE 2022,510140700012
510140705000021,5101407,Aripuanã,Aldeia Indígena Flor da Selva,IBGE Malha de Setores Censitários 2022 — atributos territoriais CD_BAIRRO/NM_BAIRRO e correlatos,Aglomerado rural IBGE 2022,510140700001
510140705000022,5101407,Aripuanã,Aldeia Indígena Bananal ou Rio Preto I,IBGE Malha de Setores Censitários 2022 — atributos territoriais CD_BAIRRO/NM_BAIRRO e correlatos,Aglomerado rural IBGE 2022,510140700002
510140705000023,5101407,Aripuanã,Aldeia Indígena Capim,IBGE Malha de Setores Censitários 2022 — atributos territoriais CD_BAIRRO/NM_BAIRRO e correlatos,Aglomerado rural IBGE 2022,510140700003
510140705000024,5101407,Aripuanã,Aldeia Indígena Bananal,IBGE Malha de Setores Censitários 2022 — atributos territoriais CD_BAIRRO/NM_BAIRRO e correlatos,Aglomerado rural IBGE 2022,510140700006
510140705000025,5101407,Aripuanã,Aldeia Indígena da Cachoeira,IBGE Malha de Setores Censitários 2022 — atributos territoriais CD_BAIRRO/NM_BAIRRO e correlatos,Aglomerado rural IBGE 2022,510140700004
510140705000026,5101407,Aripuanã,Aldeia Indígena Areião,IBGE Malha de Setores Censitários 2022 — atributos territoriais CD_BAIRRO/NM_BAIRRO e correlatos,Aglomerado rural IBGE 2022,510140700005
510140705000027,5101407,Aripuanã,Aldeia Indígena do Antonio,IBGE Malha de Setores Censitários 2022 — atributos territoriais CD_BAIRRO/NM_BAIRRO e correlatos,Aglomerado rural IBGE 2022,510140700013
510140705000028,5101407,Aripuanã,Aldeia Indígena Taquaral Central,IBGE Malha de Setores Censitários 2022 — atributos territoriais CD_BAIRRO/NM_BAIRRO e correlatos,Aglomerado rural IBGE 2022,510140700008
510140705000085,5101407,Aripuanã,Aldeia Indígena Cidade Morena,IBGE Malha de Setores Censitários 2022 — atributos territoriais CD_BAIRRO/NM_BAIRRO e correlatos,Aglomerado rural IBGE 2022,510140700019
510140705000087,5101407,Aripuanã,Aldeia Indígena Flor do Prado,IBGE Malha de Setores Censitários 2022 — atributos territoriais CD_BAIRRO/NM_BAIRRO e correlatos,Aglomerado rural IBGE 2022,510140700020
510140705000089,5101407,Aripuanã,Aldeia Indígena Ponte Nova,IBGE Malha de Setores Censitários 2022 — atributos territoriais CD_BAIRRO/NM_BAIRRO e correlatos,Aglomerado rural IBGE 2022,510140700021
510140705000093,5101407,Aripuanã,Aldeia Indígena Flor da Selva,IBGE Malha de Setores Censitários 2022 — atributos territoriais CD_BAIRRO/NM_BAIRRO e correlatos,Aglomerado rural IBGE 2022,510140700001
510140705000094,5101407,Aripuanã,Aldeia Indígena Cidade Morena,IBGE Malha de Setores Censitários 2022 — atributos territoriais CD_BAIRRO/NM_BAIRRO e correlatos,Aglomerado rural IBGE 2022,510140700019
510140705000095,5101407,Aripuanã,Aldeia Indígena Mineiro,IBGE Malha de Setores Censitários 2022 — atributos territoriais CD_BAIRRO/NM_BAIRRO e correlatos,Aglomerado rural IBGE 2022,510140700023
510140705000096,5101407,Aripuanã,Aldeia Indígena Taquaral Divisa,IBGE Malha de Setores Censitários 2022 — atributos territoriais CD_BAIRRO/NM_BAIRRO e correlatos,Aglomerado rural IBGE 2022,510140700024
510140705000097,5101407,Aripuanã,Aldeia Indígena Paralelo 10,IBGE Malha de Setores Censitários 2022 — atributos territoriais CD_BAIRRO/NM_BAIRRO e correlatos,Aglomerado rural IBGE 2022,510140700025
510140705000099,5101407,Aripuanã,Aldeia Indígena Boa Esperança,IBGE Malha de Setores Censitários 2022 — atributos territoriais CD_BAIRRO/NM_BAIRRO e correlatos,Aglomerado rural IBGE 2022,510140700026
510140705000102,5101407,Aripuanã,Comunidade Nova Cidade Garimpona,IBGE Malha de Setores Censitários 2022 — atributos territoriais CD_BAIRRO/NM_BAIRRO e correlatos,Aglomerado rural IBGE 2022,510140700028
510140705000104,5101407,Aripuanã,Aldeia Indígena Pavoroza,IBGE Malha de Setores Censitários 2022 — atributos territoriais CD_BAIRRO/NM_BAIRRO e correlatos,Aglomerado rural IBGE 2022,510140700029
510140735000001,5101407,Aripuanã,Conselvan,IBGE Malha de Setores Censitários 2022 — atributos territoriais CD_BAIRRO/NM_BAIRRO e correlatos,Distrito IBGE 2022,510140735
510140735000002,5101407,Aripuanã,Conselvan,IBGE Malha de Setores Censitários 2022 — atributos territoriais CD_BAIRRO/NM_BAIRRO e correlatos,Distrito IBGE 2022,510140735
510140735000003,5101407,Aripuanã,Conselvan,IBGE Malha de Setores Censitários 2022 — atributos territoriais CD_BAIRRO/NM_BAIRRO e correlatos,Distrito IBGE 2022,510140735
510140735000004,5101407,Aripuanã,Conselvan,IBGE Malha de Setores Censitários 2022 — atributos territoriais CD_BAIRRO/NM_BAIRRO e correlatos,Distrito IBGE 2022,510140735
510140735000005,5101407,Aripuanã,Conselvan,IBGE Malha de Setores Censitários 2022 — atributos territoriais CD_BAIRRO/NM_BAIRRO e correlatos,Distrito IBGE 2022,510140735
510140735000006,5101407,Aripuanã,Conselvan,IBGE Malha de Setores Censitários 2022 — atributos territoriais CD_BAIRRO/NM_BAIRRO e correlatos,Distrito IBGE 2022,510140735
510140735000007,5101407,Aripuanã,Conselvan,IBGE Malha de Setores Censitários 2022 — atributos territoriais CD_BAIRRO/NM_BAIRRO e correlatos,Distrito IBGE 2022,510140735
510140735000008,5101407,Aripuanã,Conselvan,IBGE Malha de Setores Censitários 2022 — atributos territoriais CD_BAIRRO/NM_BAIRRO e correlatos,Distrito IBGE 2022,510140735
510140735000009,5101407,Aripuanã,Conselvan,IBGE Malha de Setores Censitários 2022 — atributos territoriais CD_BAIRRO/NM_BAIRRO e correlatos,Distrito IBGE 2022,510140735
510140735000010,5101407,Aripuanã,Conselvan,IBGE Malha de Setores Censitários 2022 — atributos territoriais CD_BAIRRO/NM_BAIRRO e correlatos,Distrito IBGE 2022,510140735
510140735000012,5101407,Aripuanã,Aldeia Indígena Volta Grande,IBGE Malha de Setores Censitários 2022 — atributos territoriais CD_BAIRRO/NM_BAIRRO e correlatos,Aglomerado rural IBGE 2022,510140700022
510140735000013,5101407,Aripuanã,Conselvan,IBGE Malha de Setores Censitários 2022 — atributos territoriais CD_BAIRRO/NM_BAIRRO e correlatos,Distrito IBGE 2022,510140735
510140735000014,5101407,Aripuanã,Conselvan,IBGE Malha de Setores Censitários 2022 — atributos territoriais CD_BAIRRO/NM_BAIRRO e correlatos,Distrito IBGE 2022,510140735
510140735000015,5101407,Aripuanã,Aldeia Indígena Ararauna,IBGE Malha de Setores Censitários 2022 — atributos territoriais CD_BAIRRO/NM_BAIRRO e correlatos,Aglomerado rural IBGE 2022,510140700027
510140735000016,5101407,Aripuanã,Conselvan,IBGE Malha de Setores Censitários 2022 — atributos territoriais CD_BAIRRO/NM_BAIRRO e correlatos,Distrito IBGE 2022,510140735
510160505000012,5101605,Barão de Melgaço,Cuiabá Mirim,IBGE Malha de Setores Censitários 2022 — atributos territoriais CD_BAIRRO/NM_BAIRRO e correlatos,Aglomerado rural IBGE 2022,510160500002
510160510000001,5101605,Barão de Melgaço,Joselândia,IBGE Malha de Setores Censitários 2022 — atributos territoriais CD_BAIRRO/NM_BAIRRO e correlatos,Distrito IBGE 2022,510160510
510160510000002,5101605,Barão de Melgaço,Joselândia,IBGE Malha de Setores Censitários 2022 — atributos territoriais CD_BAIRRO/NM_BAIRRO e correlatos,Distrito IBGE 2022,510160510
510160510000003,5101605,Barão de Melgaço,Joselândia,IBGE Malha de Setores Censitários 2022 — atributos territoriais CD_BAIRRO/NM_BAIRRO e correlatos,Distrito IBGE 2022,510160510
510160510000004,5101605,Barão de Melgaço,Joselândia,IBGE Malha de Setores Censitários 2022 — atributos territoriais CD_BAIRRO/NM_BAIRRO e correlatos,Distrito IBGE 2022,510160510
510160510000005,5101605,Barão de Melgaço,Joselândia,IBGE Malha de Setores Censitários 2022 — atributos territoriais CD_BAIRRO/NM_BAIRRO e correlatos,Distrito IBGE 2022,510160510
510160510000006,5101605,Barão de Melgaço,Joselândia,IBGE Malha de Setores Censitários 2022 — atributos territoriais CD_BAIRRO/NM_BAIRRO e correlatos,Distrito IBGE 2022,510160510
510160510000007,5101605,Barão de Melgaço,Joselândia,IBGE Malha de Setores Censitários 2022 — atributos territoriais CD_BAIRRO/NM_BAIRRO e correlatos,Distrito IBGE 2022,510160510
510160510000008,5101605,Barão de Melgaço,Joselândia,IBGE Malha de Setores Censitários 2022 — atributos territoriais CD_BAIRRO/NM_BAIRRO e correlatos,Distrito IBGE 2022,510160510
510160510000009,5101605,Barão de Melgaço,Joselândia,IBGE Malha de Setores Censitários 2022 — atributos territoriais CD_BAIRRO/NM_BAIRRO e correlatos,Distrito IBGE 2022,510160510
510160510000011,5101605,Barão de Melgaço,Joselândia,IBGE Malha de Setores Censitários 2022 — atributos territoriais CD_BAIRRO/NM_BAIRRO e correlatos,Distrito IBGE 2022,510160510
510160510000012,5101605,Barão de Melgaço,Joselândia,IBGE Malha de Setores Censitários 2022 — atributos territoriais CD_BAIRRO/NM_BAIRRO e correlatos,Distrito IBGE 2022,510160510
510160510000013,5101605,Barão de Melgaço,Joselândia,IBGE Malha de Setores Censitários 2022 — atributos territoriais CD_BAIRRO/NM_BAIRRO e correlatos,Distrito IBGE 2022,510160510
510160510000014,5101605,Barão de Melgaço,Joselândia,IBGE Malha de Setores Censitários 2022 — atributos territoriais CD_BAIRRO/NM_BAIRRO e correlatos,Distrito IBGE 2022,510160510
510160510000017,5101605,Barão de Melgaço,Joselândia,IBGE Malha de Setores Censitários 2022 — atributos territoriais CD_BAIRRO/NM_BAIRRO e correlatos,Distrito IBGE 2022,510160510
510160510000018,5101605,Barão de Melgaço,Joselândia,IBGE Malha de Setores Censitários 2022 — atributos territoriais CD_BAIRRO/NM_BAIRRO e correlatos,Distrito IBGE 2022,510160510
510160510000019,5101605,Barão de Melgaço,Joselândia,IBGE Malha de Setores Censitários 2022 — atributos territoriais CD_BAIRRO/NM_BAIRRO e correlatos,Distrito IBGE 2022,510160510
510160510000020,5101605,Barão de Melgaço,Joselândia,IBGE Malha de Setores Censitários 2022 — atributos territoriais CD_BAIRRO/NM_BAIRRO e correlatos,Distrito IBGE 2022,510160510
510160510000021,5101605,Barão de Melgaço,Joselândia,IBGE Malha de Setores Censitários 2022 — atributos territoriais CD_BAIRRO/NM_BAIRRO e correlatos,Distrito IBGE 2022,510160510
510160510000022,5101605,Barão de Melgaço,Joselândia,IBGE Malha de Setores Censitários 2022 — atributos territoriais CD_BAIRRO/NM_BAIRRO e correlatos,Distrito IBGE 2022,510160510
510160510000023,5101605,Barão de Melgaço,Joselândia,IBGE Malha de Setores Censitários 2022 — atributos territoriais CD_BAIRRO/NM_BAIRRO e correlatos,Distrito IBGE 2022,510160510
510160510000024,5101605,Barão de Melgaço,Joselândia,IBGE Malha de Setores Censitários 2022 — atributos territoriais CD_BAIRRO/NM_BAIRRO e correlatos,Distrito IBGE 2022,510160510
510160510000025,5101605,Barão de Melgaço,Joselândia,IBGE Malha de Setores Censitários 2022 — atributos territoriais CD_BAIRRO/NM_BAIRRO e correlatos,Distrito IBGE 2022,510160510
510160510000026,5101605,Barão de Melgaço,Joselândia,IBGE Malha de Setores Censitários 2022 — atributos territoriais CD_BAIRRO/NM_BAIRRO e correlatos,Distrito IBGE 2022,510160510
510160510000027,5101605,Barão de Melgaço,Joselândia,IBGE Malha de Setores Censitários 2022 — atributos territoriais CD_BAIRRO/NM_BAIRRO e correlatos,Distrito IBGE 2022,510160510
510160510000028,5101605,Barão de Melgaço,Joselândia,IBGE Malha de Setores Censitários 2022 — atributos territoriais CD_BAIRRO/NM_BAIRRO e correlatos,Distrito IBGE 2022,510160510
510160510000029,5101605,Barão de Melgaço,Joselândia,IBGE Malha de Setores Censitários 2022 — atributos territoriais CD_BAIRRO/NM_BAIRRO e correlatos,Distrito IBGE 2022,510160510
510160510000030,5101605,Barão de Melgaço,Joselândia,IBGE Malha de Setores Censitários 2022 — atributos territoriais CD_BAIRRO/NM_BAIRRO e correlatos,Distrito IBGE 2022,510160510
510160510000031,5101605,Barão de Melgaço,Aldeia Indígena Perigara,IBGE Malha de Setores Censitários 2022 — atributos territoriais CD_BAIRRO/NM_BAIRRO e correlatos,Aglomerado rural IBGE 2022,510160500001
510170405000001,5101704,Barra do Bugres,Jardim Aeroporto,IBGE Malha de Setores Censitários 2022 — atributos territoriais CD_BAIRRO/NM_BAIRRO e correlatos,Bairro IBGE 2022,5101704005
510170405000002,5101704,Barra do Bugres,Jardim Aeroporto,IBGE Malha de Setores Censitários 2022 — atributos territoriais CD_BAIRRO/NM_BAIRRO e correlatos,Bairro IBGE 2022,5101704005
510170405000003,5101704,Barra do Bugres,São Raimundo,IBGE Malha de Setores Censitários 2022 — atributos territoriais CD_BAIRRO/NM_BAIRRO e correlatos,Bairro IBGE 2022,5101704008
510170405000004,5101704,Barra do Bugres,Centro,IBGE Malha de Setores Censitários 2022 — atributos territoriais CD_BAIRRO/NM_BAIRRO e correlatos,Bairro IBGE 2022,5101704006
510170405000005,5101704,Barra do Bugres,Santa Cruz,IBGE Malha de Setores Censitários 2022 — atributos territoriais CD_BAIRRO/NM_BAIRRO e correlatos,Bairro IBGE 2022,5101704007
510170405000006,5101704,Barra do Bugres,Centro,IBGE Malha de Setores Censitários 2022 — atributos territoriais CD_BAIRRO/NM_BAIRRO e correlatos,Bairro IBGE 2022,5101704006
510170405000007,5101704,Barra do Bugres,Centro,IBGE Malha de Setores Censitários 2022 — atributos territoriais CD_BAIRRO/NM_BAIRRO e correlatos,Bairro IBGE 2022,5101704006
510170405000008,5101704,Barra do Bugres,Centro,IBGE Malha de Setores Censitários 2022 — atributos territoriais CD_BAIRRO/NM_BAIRRO e correlatos,Bairro IBGE 2022,5101704006
510170405000009,5101704,Barra do Bugres,Nova Esperança,IBGE Malha de Setores Censitários 2022 — atributos territoriais CD_BAIRRO/NM_BAIRRO e correlatos,Bairro IBGE 2022,5101704004
510170405000010,5101704,Barra do Bugres,Nova Esperança,IBGE Malha de Setores Censitários 2022 — atributos territoriais CD_BAIRRO/NM_BAIRRO e correlatos,Bairro IBGE 2022,5101704004
510170405000011,5101704,Barra do Bugres,Maracanã,IBGE Malha de Setores Censitários 2022 — atributos territoriais CD_BAIRRO/NM_BAIRRO e correlatos,Bairro IBGE 2022,5101704002
510170405000012,5101704,Barra do Bugres,Maracanã,IBGE Malha de Setores Censitários 2022 — atributos territoriais CD_BAIRRO/NM_BAIRRO e correlatos,Bairro IBGE 2022,5101704002
510170405000013,5101704,Barra do Bugres,Maracanã,IBGE Malha de Setores Censitários 2022 — atributos territoriais CD_BAIRRO/NM_BAIRRO e correlatos,Bairro IBGE 2022,5101704002
510170405000014,5101704,Barra do Bugres,União,IBGE Malha de Setores Censitários 2022 — atributos territoriais CD_BAIRRO/NM_BAIRRO e correlatos,Bairro IBGE 2022,5101704001
510170405000015,5101704,Barra do Bugres,União,IBGE Malha de Setores Censitários 2022 — atributos territoriais CD_BAIRRO/NM_BAIRRO e correlatos,Bairro IBGE 2022,5101704001
510170405000016,5101704,Barra do Bugres,União,IBGE Malha de Setores Censitários 2022 — atributos territoriais CD_BAIRRO/NM_BAIRRO e correlatos,Bairro IBGE 2022,5101704001
510170405000017,5101704,Barra do Bugres,União,IBGE Malha de Setores Censitários 2022 — atributos territoriais CD_BAIRRO/NM_BAIRRO e correlatos,Bairro IBGE 2022,5101704001
510170405000018,5101704,Barra do Bugres,União,IBGE Malha de Setores Censitários 2022 — atributos territoriais CD_BAIRRO/NM_BAIRRO e correlatos,Bairro IBGE 2022,5101704001
510170405000019,5101704,Barra do Bugres,União,IBGE Malha de Setores Censitários 2022 — atributos territoriais CD_BAIRRO/NM_BAIRRO e correlatos,Bairro IBGE 2022,5101704001
510170405000020,5101704,Barra do Bugres,13 de Maio,IBGE Malha de Setores Censitários 2022 — atributos territoriais CD_BAIRRO/NM_BAIRRO e correlatos,Bairro IBGE 2022,5101704003
510170405000021,5101704,Barra do Bugres,Maracanã,IBGE Malha de Setores Censitários 2022 — atributos territoriais CD_BAIRRO/NM_BAIRRO e correlatos,Bairro IBGE 2022,5101704002
510170405000022,5101704,Barra do Bugres,13 de Maio,IBGE Malha de Setores Censitários 2022 — atributos territoriais CD_BAIRRO/NM_BAIRRO e correlatos,Bairro IBGE 2022,5101704003
510170405000029,5101704,Barra do Bugres,Aldeia Indígena Umutina,IBGE Malha de Setores Censitários 2022 — atributos territoriais CD_BAIRRO/NM_BAIRRO e correlatos,Aglomerado rural IBGE 2022,510170400002
510170405000031,5101704,Barra do Bugres,Santo Antônio do Currupira,IBGE Malha de Setores Censitários 2022 — atributos territoriais CD_BAIRRO/NM_BAIRRO e correlatos,Aglomerado rural IBGE 2022,510170400003
510170405000032,5101704,Barra do Bugres,Mineração Emal Itaipu,IBGE Malha de Setores Censitários 2022 — atributos territoriais CD_BAIRRO/NM_BAIRRO e correlatos,Aglomerado rural IBGE 2022,510170400004
510170405000037,5101704,Barra do Bugres,Nova Fernandópolis,IBGE Malha de Setores Censitários 2022 — atributos territoriais CD_BAIRRO/NM_BAIRRO e correlatos,Aglomerado rural IBGE 2022,510170400001
510170405000041,5101704,Barra do Bugres,13 de Maio,IBGE Malha de Setores Censitários 2022 — atributos territoriais CD_BAIRRO/NM_BAIRRO e correlatos,Bairro IBGE 2022,5101704003
510170405000042,5101704,Barra do Bugres,Centro,IBGE Malha de Setores Censitários 2022 — atributos territoriais CD_BAIRRO/NM_BAIRRO e correlatos,Bairro IBGE 2022,5101704006
510170405000043,5101704,Barra do Bugres,Centro,IBGE Malha de Setores Censitários 2022 — atributos territoriais CD_BAIRRO/NM_BAIRRO e correlatos,Bairro IBGE 2022,5101704006
510170405000044,5101704,Barra do Bugres,Santa Cruz,IBGE Malha de Setores Censitários 2022 — atributos territoriais CD_BAIRRO/NM_BAIRRO e correlatos,Bairro IBGE 2022,5101704007
510170405000045,5101704,Barra do Bugres,Centro,IBGE Malha de Setores Censitários 2022 — atributos territoriais CD_BAIRRO/NM_BAIRRO e correlatos,Bairro IBGE 2022,5101704006
510170405000046,5101704,Barra do Bugres,Santa Cruz,IBGE Malha de Setores Censitários 2022 — atributos territoriais CD_BAIRRO/NM_BAIRRO e correlatos,Bairro IBGE 2022,5101704007
510170405000047,5101704,Barra do Bugres,13 de Maio,IBGE Malha de Setores Censitários 2022 — atributos territoriais CD_BAIRRO/NM_BAIRRO e correlatos,Bairro IBGE 2022,5101704003
510170405000048,5101704,Barra do Bugres,Maracanã,IBGE Malha de Setores Censitários 2022 — atributos territoriais CD_BAIRRO/NM_BAIRRO e correlatos,Bairro IBGE 2022,5101704002
510170405000049,5101704,Barra do Bugres,União,IBGE Malha de Setores Censitários 2022 — atributos territoriais CD_BAIRRO/NM_BAIRRO e correlatos,Bairro IBGE 2022,5101704001
510170405000050,5101704,Barra do Bugres,União,IBGE Malha de Setores Censitários 2022 — atributos territoriais CD_BAIRRO/NM_BAIRRO e correlatos,Bairro IBGE 2022,5101704001
510170405000052,5101704,Barra do Bugres,União,IBGE Malha de Setores Censitários 2022 — atributos territoriais CD_BAIRRO/NM_BAIRRO e correlatos,Bairro IBGE 2022,5101704001
510170405000053,5101704,Barra do Bugres,13 de Maio,IBGE Malha de Setores Censitários 2022 — atributos territoriais CD_BAIRRO/NM_BAIRRO e correlatos,Bairro IBGE 2022,5101704003
510170405000054,5101704,Barra do Bugres,Maracanã,IBGE Malha de Setores Censitários 2022 — atributos territoriais CD_BAIRRO/NM_BAIRRO e correlatos,Bairro IBGE 2022,5101704002
510170405000055,5101704,Barra do Bugres,Distrito Industrial,IBGE Malha de Setores Censitários 2022 — atributos territoriais CD_BAIRRO/NM_BAIRRO e correlatos,Bairro IBGE 2022,5101704009
510170405000056,5101704,Barra do Bugres,São Raimundo,IBGE Malha de Setores Censitários 2022 — atributos territoriais CD_BAIRRO/NM_BAIRRO e correlatos,Bairro IBGE 2022,5101704008
510170405000057,5101704,Barra do Bugres,Jardim Aeroporto,IBGE Malha de Setores Censitários 2022 — atributos territoriais CD_BAIRRO/NM_BAIRRO e correlatos,Bairro IBGE 2022,5101704005
510170405000058,5101704,Barra do Bugres,13 de Maio,IBGE Malha de Setores Censitários 2022 — atributos territoriais CD_BAIRRO/NM_BAIRRO e correlatos,Bairro IBGE 2022,5101704003
510170405000059,5101704,Barra do Bugres,São Raimundo,IBGE Malha de Setores Censitários 2022 — atributos territoriais CD_BAIRRO/NM_BAIRRO e correlatos,Bairro IBGE 2022,5101704008
510170405000060,5101704,Barra do Bugres,13 de Maio,IBGE Malha de Setores Censitários 2022 — atributos territoriais CD_BAIRRO/NM_BAIRRO e correlatos,Bairro IBGE 2022,5101704003
510170405000062,5101704,Barra do Bugres,União,IBGE Malha de Setores Censitários 2022 — atributos territoriais CD_BAIRRO/NM_BAIRRO e correlatos,Bairro IBGE 2022,5101704001
510170405000064,5101704,Barra do Bugres,União,IBGE Malha de Setores Censitários 2022 — atributos territoriais CD_BAIRRO/NM_BAIRRO e correlatos,Bairro IBGE 2022,5101704001
510170405000067,5101704,Barra do Bugres,Maracanã,IBGE Malha de Setores Censitários 2022 — atributos territoriais CD_BAIRRO/NM_BAIRRO e correlatos,Bairro IBGE 2022,5101704002
510170405000074,5101704,Barra do Bugres,Santa Cruz,IBGE Malha de Setores Censitários 2022 — atributos territoriais CD_BAIRRO/NM_BAIRRO e correlatos,Bairro IBGE 2022,5101704007
510170405000075,5101704,Barra do Bugres,Santa Cruz,IBGE Malha de Setores Censitários 2022 — atributos territoriais CD_BAIRRO/NM_BAIRRO e correlatos,Bairro IBGE 2022,5101704007
510170405000079,5101704,Barra do Bugres,Comunidade Quilombola Camarinha,IBGE Malha de Setores Censitários 2022 — atributos territoriais CD_BAIRRO/NM_BAIRRO e correlatos,Aglomerado rural IBGE 2022,510170400006
510170405000081,5101704,Barra do Bugres,Comunidade Quilombola Queimado,IBGE Malha de Setores Censitários 2022 — atributos territoriais CD_BAIRRO/NM_BAIRRO e correlatos,Aglomerado rural IBGE 2022,510170400007
510170405000083,5101704,Barra do Bugres,Comunidade Quilombola Baixiu,IBGE Malha de Setores Censitários 2022 — atributos territoriais CD_BAIRRO/NM_BAIRRO e correlatos,Aglomerado rural IBGE 2022,510170400008
510170405000084,5101704,Barra do Bugres,Aldeia Indígena Massepo,IBGE Malha de Setores Censitários 2022 — atributos territoriais CD_BAIRRO/NM_BAIRRO e correlatos,Aglomerado rural IBGE 2022,510170405009
510170405000085,5101704,Barra do Bugres,Aldeia Indígena Bakalana,IBGE Malha de Setores Censitários 2022 — atributos territoriais CD_BAIRRO/NM_BAIRRO e correlatos,Aglomerado rural IBGE 2022,510170405007
510170405000086,5101704,Barra do Bugres,Aldeia Indígena Águas Correntes,IBGE Malha de Setores Censitários 2022 — atributos territoriais CD_BAIRRO/NM_BAIRRO e correlatos,Aglomerado rural IBGE 2022,510170405008
510170406000001,5101704,Barra do Bugres,Assari,IBGE Malha de Setores Censitários 2022 — atributos territoriais CD_BAIRRO/NM_BAIRRO e correlatos,Distrito IBGE 2022,510170406
510170406000002,5101704,Barra do Bugres,Assari,IBGE Malha de Setores Censitários 2022 — atributos territoriais CD_BAIRRO/NM_BAIRRO e correlatos,Distrito IBGE 2022,510170406
510170406000003,5101704,Barra do Bugres,Assari,IBGE Malha de Setores Censitários 2022 — atributos territoriais CD_BAIRRO/NM_BAIRRO e correlatos,Distrito IBGE 2022,510170406
510170406000004,5101704,Barra do Bugres,Assari,IBGE Malha de Setores Censitários 2022 — atributos territoriais CD_BAIRRO/NM_BAIRRO e correlatos,Distrito IBGE 2022,510170406
510170422000001,5101704,Barra do Bugres,Tapirapuã,IBGE Malha de Setores Censitários 2022 — atributos territoriais CD_BAIRRO/NM_BAIRRO e correlatos,Distrito IBGE 2022,510170422
510170422000002,5101704,Barra do Bugres,Tapirapuã,IBGE Malha de Setores Censitários 2022 — atributos territoriais CD_BAIRRO/NM_BAIRRO e correlatos,Distrito IBGE 2022,510170422
510170422000003,5101704,Barra do Bugres,Tapirapuã,IBGE Malha de Setores Censitários 2022 — atributos territoriais CD_BAIRRO/NM_BAIRRO e correlatos,Distrito IBGE 2022,510170422
510170422000005,5101704,Barra do Bugres,Tapirapuã,IBGE Malha de Setores Censitários 2022 — atributos territoriais CD_BAIRRO/NM_BAIRRO e correlatos,Distrito IBGE 2022,510170422
510180305000130,5101803,Barra do Garças,Aldeia Indígena Namunkura,IBGE Malha de Setores Censitários 2022 — atributos territoriais CD_BAIRRO/NM_BAIRRO e correlatos,Aglomerado rural IBGE 2022,510180300005
510180305000131,5101803,Barra do Garças,Aldeia Indígena Nossa Senhora Auxiliadora,IBGE Malha de Setores Censitários 2022 — atributos territoriais CD_BAIRRO/NM_BAIRRO e correlatos,Aglomerado rural IBGE 2022,510180300006
510180305000132,5101803,Barra do Garças,Aldeia Indígena Nossa Senhora Aparecida Owapu,IBGE Malha de Setores Censitários 2022 — atributos territoriais CD_BAIRRO/NM_BAIRRO e correlatos,Aglomerado rural IBGE 2022,510180300007
510180305000133,5101803,Barra do Garças,Aldeia Indígena Divina Providência,IBGE Malha de Setores Censitários 2022 — atributos territoriais CD_BAIRRO/NM_BAIRRO e correlatos,Aglomerado rural IBGE 2022,510180300025
510180305000134,5101803,Barra do Garças,Aldeia Indígena Santíssima Trindade,IBGE Malha de Setores Censitários 2022 — atributos territoriais CD_BAIRRO/NM_BAIRRO e correlatos,Aglomerado rural IBGE 2022,510180300026
510180305000138,5101803,Barra do Garças,Aldeia Indígena São Braz,IBGE Malha de Setores Censitários 2022 — atributos territoriais CD_BAIRRO/NM_BAIRRO e correlatos,Aglomerado rural IBGE 2022,510180300030
510180305000139,5101803,Barra do Garças,Aldeia Indígena Maria das Dores,IBGE Malha de Setores Censitários 2022 — atributos territoriais CD_BAIRRO/NM_BAIRRO e correlatos,Aglomerado rural IBGE 2022,510180300031
510180305000140,5101803,Barra do Garças,Aldeia Indígena Corpo de Cristo,IBGE Malha de Setores Censitários 2022 — atributos territoriais CD_BAIRRO/NM_BAIRRO e correlatos,Aglomerado rural IBGE 2022,510180300032
510180305000141,5101803,Barra do Garças,Aldeia Indígena 25 de Natal,IBGE Malha de Setores Censitários 2022 — atributos territoriais CD_BAIRRO/NM_BAIRRO e correlatos,Aglomerado rural IBGE 2022,510180300033
510180305000143,5101803,Barra do Garças,Aldeia Indígena São Gabriel,IBGE Malha de Setores Censitários 2022 — atributos territoriais CD_BAIRRO/NM_BAIRRO e correlatos,Aglomerado rural IBGE 2022,510180300034
510180305000145,5101803,Barra do Garças,Voadeira,IBGE Malha de Setores Censitários 2022 — atributos territoriais CD_BAIRRO/NM_BAIRRO e correlatos,Aglomerado rural IBGE 2022,510180300044
510180315000001,5101803,Barra do Garças,Indianópolis,IBGE Malha de Setores Censitários 2022 — atributos territoriais CD_BAIRRO/NM_BAIRRO e correlatos,Distrito IBGE 2022,510180315
510180315000002,5101803,Barra do Garças,Indianópolis,IBGE Malha de Setores Censitários 2022 — atributos territoriais CD_BAIRRO/NM_BAIRRO e correlatos,Distrito IBGE 2022,510180315
510180315000005,5101803,Barra do Garças,Indianópolis,IBGE Malha de Setores Censitários 2022 — atributos territoriais CD_BAIRRO/NM_BAIRRO e correlatos,Distrito IBGE 2022,510180315
510180315000006,5101803,Barra do Garças,Indianópolis,IBGE Malha de Setores Censitários 2022 — atributos territoriais CD_BAIRRO/NM_BAIRRO e correlatos,Distrito IBGE 2022,510180315
510180315000007,5101803,Barra do Garças,Indianópolis,IBGE Malha de Setores Censitários 2022 — atributos territoriais CD_BAIRRO/NM_BAIRRO e correlatos,Distrito IBGE 2022,510180315
510180315000008,5101803,Barra do Garças,Indianópolis,IBGE Malha de Setores Censitários 2022 — atributos territoriais CD_BAIRRO/NM_BAIRRO e correlatos,Distrito IBGE 2022,510180315
510180315000011,5101803,Barra do Garças,Indianópolis,IBGE Malha de Setores Censitários 2022 — atributos territoriais CD_BAIRRO/NM_BAIRRO e correlatos,Distrito IBGE 2022,510180315
510180330000011,5101803,Barra do Garças,Aldeia Indígena São José,IBGE Malha de Setores Censitários 2022 — atributos territoriais CD_BAIRRO/NM_BAIRRO e correlatos,Aglomerado rural IBGE 2022,510180300008
510180330000012,5101803,Barra do Garças,Aldeia Indígena Sagrado Coração De Jesus,IBGE Malha de Setores Censitários 2022 — atributos territoriais CD_BAIRRO/NM_BAIRRO e correlatos,Aglomerado rural IBGE 2022,510180300009
510180330000013,5101803,Barra do Garças,Aldeia Indígena Rainha da Paz,IBGE Malha de Setores Censitários 2022 — atributos territoriais CD_BAIRRO/NM_BAIRRO e correlatos,Aglomerado rural IBGE 2022,510180300010
510180330000014,5101803,Barra do Garças,Aldeia Indígena Nossa Senhora da Guia,IBGE Malha de Setores Censitários 2022 — atributos territoriais CD_BAIRRO/NM_BAIRRO e correlatos,Aglomerado rural IBGE 2022,510180300011
510180330000015,5101803,Barra do Garças,Aldeia Indígena Nova Jerusalém / Sagrada Família,IBGE Malha de Setores Censitários 2022 — atributos territoriais CD_BAIRRO/NM_BAIRRO e correlatos,Aglomerado rural IBGE 2022,510180300012
510180330000018,5101803,Barra do Garças,Aldeia Indígena Nossa Senhora de Fátima,IBGE Malha de Setores Censitários 2022 — atributos territoriais CD_BAIRRO/NM_BAIRRO e correlatos,Aglomerado rural IBGE 2022,510180300015
510180330000019,5101803,Barra do Garças,Aldeia Indígena São Francisco / Jundiaí,IBGE Malha de Setores Censitários 2022 — atributos territoriais CD_BAIRRO/NM_BAIRRO e correlatos,Aglomerado rural IBGE 2022,510180300016
510180330000020,5101803,Barra do Garças,Aldeia Indígena Nossa Senhora das Graças,IBGE Malha de Setores Censitários 2022 — atributos territoriais CD_BAIRRO/NM_BAIRRO e correlatos,Aglomerado rural IBGE 2022,510180300017
510180330000021,5101803,Barra do Garças,Aldeia Indígena Juan Diego,IBGE Malha de Setores Censitários 2022 — atributos territoriais CD_BAIRRO/NM_BAIRRO e correlatos,Aglomerado rural IBGE 2022,510180300018
510180330000022,5101803,Barra do Garças,Aldeia Indígena Salvador,IBGE Malha de Setores Censitários 2022 — atributos territoriais CD_BAIRRO/NM_BAIRRO e correlatos,Aglomerado rural IBGE 2022,510180300019
510180330000023,5101803,Barra do Garças,Aldeia Indígena Nossa Senhora da Guadalupe,IBGE Malha de Setores Censitários 2022 — atributos territoriais CD_BAIRRO/NM_BAIRRO e correlatos,Aglomerado rural IBGE 2022,510180300020
510180330000024,5101803,Barra do Garças,Aldeia Indígena São Marcos,IBGE Malha de Setores Censitários 2022 — atributos territoriais CD_BAIRRO/NM_BAIRRO e correlatos,Aglomerado rural IBGE 2022,510180300004
510180330000025,5101803,Barra do Garças,Aldeia Indígena Sagrada Família / Imaculada Conceição,IBGE Malha de Setores Censitários 2022 — atributos territoriais CD_BAIRRO/NM_BAIRRO e correlatos,Aglomerado rural IBGE 2022,510180300022
510180330000026,5101803,Barra do Garças,Aldeia Indígena Raimundo Hambe,IBGE Malha de Setores Censitários 2022 — atributos territoriais CD_BAIRRO/NM_BAIRRO e correlatos,Aglomerado rural IBGE 2022,510180300021
510180330000028,5101803,Barra do Garças,Aldeia Indígena Jesus de Nazaré,IBGE Malha de Setores Censitários 2022 — atributos territoriais CD_BAIRRO/NM_BAIRRO e correlatos,Aglomerado rural IBGE 2022,510180300023
510180330000029,5101803,Barra do Garças,Aldeia Indígena Nova Esperança,IBGE Malha de Setores Censitários 2022 — atributos territoriais CD_BAIRRO/NM_BAIRRO e correlatos,Aglomerado rural IBGE 2022,510180300024
510180330000030,5101803,Barra do Garças,Toricueije,IBGE Malha de Setores Censitários 2022 — atributos territoriais CD_BAIRRO/NM_BAIRRO e correlatos,Distrito IBGE 2022,510180330
510180330000032,5101803,Barra do Garças,Toricueije,IBGE Malha de Setores Censitários 2022 — atributos territoriais CD_BAIRRO/NM_BAIRRO e correlatos,Distrito IBGE 2022,510180330
510180330000033,5101803,Barra do Garças,Assentamento Passa Vinte,IBGE Malha de Setores Censitários 2022 — atributos territoriais CD_BAIRRO/NM_BAIRRO e correlatos,Aglomerado rural IBGE 2022,510180300029
510180330000034,5101803,Barra do Garças,Aldeia Indígena Obra de Maria,IBGE Malha de Setores Censitários 2022 — atributos territoriais CD_BAIRRO/NM_BAIRRO e correlatos,Aglomerado rural IBGE 2022,510180300035
510180330000035,5101803,Barra do Garças,Aldeia Indígena Terra de Maria,IBGE Malha de Setores Censitários 2022 — atributos territoriais CD_BAIRRO/NM_BAIRRO e correlatos,Aglomerado rural IBGE 2022,510180300036
510180330000036,5101803,Barra do Garças,Aldeia Indígena José e Maria,IBGE Malha de Setores Censitários 2022 — atributos territoriais CD_BAIRRO/NM_BAIRRO e correlatos,Aglomerado rural IBGE 2022,510180300037
510180330000037,5101803,Barra do Garças,Aldeia Indígena São João Batista,IBGE Malha de Setores Censitários 2022 — atributos territoriais CD_BAIRRO/NM_BAIRRO e correlatos,Aglomerado rural IBGE 2022,510180300038
510180330000038,5101803,Barra do Garças,Aldeia Indígena São Cristovão,IBGE Malha de Setores Censitários 2022 — atributos territoriais CD_BAIRRO/NM_BAIRRO e correlatos,Aglomerado rural IBGE 2022,510180300027
510180330000039,5101803,Barra do Garças,Aldeia Indígena Cristo Redentor,IBGE Malha de Setores Censitários 2022 — atributos territoriais CD_BAIRRO/NM_BAIRRO e correlatos,Aglomerado rural IBGE 2022,510180300040
510180330000040,5101803,Barra do Garças,Aldeia Indígena Nova Vida,IBGE Malha de Setores Censitários 2022 — atributos territoriais CD_BAIRRO/NM_BAIRRO e correlatos,Aglomerado rural IBGE 2022,510180300039
510180330000041,5101803,Barra do Garças,Aldeia Indígena Jardim das Oliveiras,IBGE Malha de Setores Censitários 2022 — atributos territoriais CD_BAIRRO/NM_BAIRRO e correlatos,Aglomerado rural IBGE 2022,510180300041
510180330000042,5101803,Barra do Garças,Aldeia Indígena Cristo Rei,IBGE Malha de Setores Censitários 2022 — atributos territoriais CD_BAIRRO/NM_BAIRRO e correlatos,Aglomerado rural IBGE 2022,510180300042
510180330000043,5101803,Barra do Garças,Aldeia Indígena Dom Romeiro,IBGE Malha de Setores Censitários 2022 — atributos territoriais CD_BAIRRO/NM_BAIRRO e correlatos,Aglomerado rural IBGE 2022,510180300028
510180330000044,5101803,Barra do Garças,Toricueije,IBGE Malha de Setores Censitários 2022 — atributos territoriais CD_BAIRRO/NM_BAIRRO e correlatos,Distrito IBGE 2022,510180330
510180330000045,5101803,Barra do Garças,Aldeia Indígena Diamantino,IBGE Malha de Setores Censitários 2022 — atributos territoriais CD_BAIRRO/NM_BAIRRO e correlatos,Aglomerado rural IBGE 2022,510180300043
510180335000001,5101803,Barra do Garças,Vale dos Sonhos,IBGE Malha de Setores Censitários 2022 — atributos territoriais CD_BAIRRO/NM_BAIRRO e correlatos,Distrito IBGE 2022,510180335
510180335000002,5101803,Barra do Garças,Vale dos Sonhos,IBGE Malha de Setores Censitários 2022 — atributos territoriais CD_BAIRRO/NM_BAIRRO e correlatos,Distrito IBGE 2022,510180335
510180335000003,5101803,Barra do Garças,Vale dos Sonhos,IBGE Malha de Setores Censitários 2022 — atributos territoriais CD_BAIRRO/NM_BAIRRO e correlatos,Distrito IBGE 2022,510180335
510180335000004,5101803,Barra do Garças,Vale dos Sonhos,IBGE Malha de Setores Censitários 2022 — atributos territoriais CD_BAIRRO/NM_BAIRRO e correlatos,Distrito IBGE 2022,510180335
510185205000005,5101852,Bom Jesus do Araguaia,Malú,IBGE Malha de Setores Censitários 2022 — atributos territoriais CD_BAIRRO/NM_BAIRRO e correlatos,Aglomerado rural IBGE 2022,510185200001
510185205000019,5101852,Bom Jesus do Araguaia,Agrovila do PA Macife,IBGE Malha de Setores Censitários 2022 — atributos territoriais CD_BAIRRO/NM_BAIRRO e correlatos,Aglomerado rural IBGE 2022,510185200003
510185205000028,5101852,Bom Jesus do Araguaia,Planalto do Araguaia,IBGE Malha de Setores Censitários 2022 — atributos territoriais CD_BAIRRO/NM_BAIRRO e correlatos,Aglomerado rural IBGE 2022,510185200004
510185205000030,5101852,Bom Jesus do Araguaia,Aldeia Indígena Tsibaadzatsi,IBGE Malha de Setores Censitários 2022 — atributos territoriais CD_BAIRRO/NM_BAIRRO e correlatos,Aglomerado rural IBGE 2022,510185200005
510190205000004,5101902,Brasnorte,Arco Íris,IBGE Malha de Setores Censitários 2022 — atributos territoriais CD_BAIRRO/NM_BAIRRO e correlatos,Bairro IBGE 2022,5101902004
510190205000008,5101902,Brasnorte,Pôr do Sol,IBGE Malha de Setores Censitários 2022 — atributos territoriais CD_BAIRRO/NM_BAIRRO e correlatos,Bairro IBGE 2022,5101902003
510190205000014,5101902,Brasnorte,Aldeia Indígena Cravari,IBGE Malha de Setores Censitários 2022 — atributos territoriais CD_BAIRRO/NM_BAIRRO e correlatos,Aglomerado rural IBGE 2022,510190200001
510190205000015,5101902,Brasnorte,Aldeia Indígena Paredão,IBGE Malha de Setores Censitários 2022 — atributos territoriais CD_BAIRRO/NM_BAIRRO e correlatos,Aglomerado rural IBGE 2022,510190200002
510190205000018,5101902,Brasnorte,Aldeia Indígena Japuira Menkü,IBGE Malha de Setores Censitários 2022 — atributos territoriais CD_BAIRRO/NM_BAIRRO e correlatos,Aglomerado rural IBGE 2022,510190200003
510190205000028,5101902,Brasnorte,Aeroporto,IBGE Malha de Setores Censitários 2022 — atributos territoriais CD_BAIRRO/NM_BAIRRO e correlatos,Bairro IBGE 2022,5101902001
510190205000044,5101902,Brasnorte,Mundo Novo,IBGE Malha de Setores Censitários 2022 — atributos territoriais CD_BAIRRO/NM_BAIRRO e correlatos,Aglomerado rural IBGE 2022,510190200005
510190205000047,5101902,Brasnorte,Aldeia Indígena 13 de Maio,IBGE Malha de Setores Censitários 2022 — atributos territoriais CD_BAIRRO/NM_BAIRRO e correlatos,Aglomerado rural IBGE 2022,510190200019
510190205000048,5101902,Brasnorte,Aldeia Indígena Perdiz,IBGE Malha de Setores Censitários 2022 — atributos territoriais CD_BAIRRO/NM_BAIRRO e correlatos,Aglomerado rural IBGE 2022,510190200020
510190205000049,5101902,Brasnorte,Aldeia Indígena Recanto do Alípio,IBGE Malha de Setores Censitários 2022 — atributos territoriais CD_BAIRRO/NM_BAIRRO e correlatos,Aglomerado rural IBGE 2022,510190200021
510190205000051,5101902,Brasnorte,Aldeia Indígena Asa Branca,IBGE Malha de Setores Censitários 2022 — atributos territoriais CD_BAIRRO/NM_BAIRRO e correlatos,Aglomerado rural IBGE 2022,510190200023
510190205000055,5101902,Brasnorte,Aldeia Indígena Cachoeirinha,IBGE Malha de Setores Censitários 2022 — atributos territoriais CD_BAIRRO/NM_BAIRRO e correlatos,Aglomerado rural IBGE 2022,510190200030
510190205000061,5101902,Brasnorte,Agrovila do PA Vila Nova,IBGE Malha de Setores Censitários 2022 — atributos territoriais CD_BAIRRO/NM_BAIRRO e correlatos,Aglomerado rural IBGE 2022,510190200031
510190210000001,5101902,Brasnorte,Água da Prata,IBGE Malha de Setores Censitários 2022 — atributos territoriais CD_BAIRRO/NM_BAIRRO e correlatos,Distrito IBGE 2022,510190210
510190210000002,5101902,Brasnorte,Água da Prata,IBGE Malha de Setores Censitários 2022 — atributos territoriais CD_BAIRRO/NM_BAIRRO e correlatos,Distrito IBGE 2022,510190210
510190210000003,5101902,Brasnorte,Água da Prata,IBGE Malha de Setores Censitários 2022 — atributos territoriais CD_BAIRRO/NM_BAIRRO e correlatos,Distrito IBGE 2022,510190210
510190210000005,5101902,Brasnorte,Água da Prata,IBGE Malha de Setores Censitários 2022 — atributos territoriais CD_BAIRRO/NM_BAIRRO e correlatos,Distrito IBGE 2022,510190210
510190210000006,5101902,Brasnorte,Água da Prata,IBGE Malha de Setores Censitários 2022 — atributos territoriais CD_BAIRRO/NM_BAIRRO e correlatos,Distrito IBGE 2022,510190210
510190210000007,5101902,Brasnorte,Água da Prata,IBGE Malha de Setores Censitários 2022 — atributos territoriais CD_BAIRRO/NM_BAIRRO e correlatos,Distrito IBGE 2022,510190210
510190210000008,5101902,Brasnorte,Água da Prata,IBGE Malha de Setores Censitários 2022 — atributos territoriais CD_BAIRRO/NM_BAIRRO e correlatos,Distrito IBGE 2022,510190210
510190210000009,5101902,Brasnorte,Água da Prata,IBGE Malha de Setores Censitários 2022 — atributos territoriais CD_BAIRRO/NM_BAIRRO e correlatos,Distrito IBGE 2022,510190210
510190210000010,5101902,Brasnorte,Agrovila do PA São Bento,IBGE Malha de Setores Censitários 2022 — atributos territoriais CD_BAIRRO/NM_BAIRRO e correlatos,Aglomerado rural IBGE 2022,510190200006
510190210000012,5101902,Brasnorte,Aldeia Indígena Vale do Sol,IBGE Malha de Setores Censitários 2022 — atributos territoriais CD_BAIRRO/NM_BAIRRO e correlatos,Aglomerado rural IBGE 2022,510190200007
510190210000013,5101902,Brasnorte,Aldeia Indígena Primavera,IBGE Malha de Setores Censitários 2022 — atributos territoriais CD_BAIRRO/NM_BAIRRO e correlatos,Aglomerado rural IBGE 2022,510190200008
510190210000014,5101902,Brasnorte,Aldeia Indígena Nova,IBGE Malha de Setores Censitários 2022 — atributos territoriais CD_BAIRRO/NM_BAIRRO e correlatos,Aglomerado rural IBGE 2022,510190200009
510190210000015,5101902,Brasnorte,Aldeia Indígena Seringal 1,IBGE Malha de Setores Censitários 2022 — atributos territoriais CD_BAIRRO/NM_BAIRRO e correlatos,Aglomerado rural IBGE 2022,510190200010
510190210000016,5101902,Brasnorte,Aldeia Indígena Seringal 2,IBGE Malha de Setores Censitários 2022 — atributos territoriais CD_BAIRRO/NM_BAIRRO e correlatos,Aglomerado rural IBGE 2022,510190200011
510190210000017,5101902,Brasnorte,Aldeia Indígena Pedra Bonita,IBGE Malha de Setores Censitários 2022 — atributos territoriais CD_BAIRRO/NM_BAIRRO e correlatos,Aglomerado rural IBGE 2022,510190200012
510190210000018,5101902,Brasnorte,Aldeia Indígena Divisa,IBGE Malha de Setores Censitários 2022 — atributos territoriais CD_BAIRRO/NM_BAIRRO e correlatos,Aglomerado rural IBGE 2022,510190200013
510190210000019,5101902,Brasnorte,Aldeia Indígena Barranco Vermelho,IBGE Malha de Setores Censitários 2022 — atributos territoriais CD_BAIRRO/NM_BAIRRO e correlatos,Aglomerado rural IBGE 2022,510190200014
510190210000020,5101902,Brasnorte,Aldeia Indígena Curva,IBGE Malha de Setores Censitários 2022 — atributos territoriais CD_BAIRRO/NM_BAIRRO e correlatos,Aglomerado rural IBGE 2022,510190200015
510190210000021,5101902,Brasnorte,Aldeia Indígena Segunda,IBGE Malha de Setores Censitários 2022 — atributos territoriais CD_BAIRRO/NM_BAIRRO e correlatos,Aglomerado rural IBGE 2022,510190200016
510190210000022,5101902,Brasnorte,Aldeia Indígena Beira Rio,IBGE Malha de Setores Censitários 2022 — atributos territoriais CD_BAIRRO/NM_BAIRRO e correlatos,Aglomerado rural IBGE 2022,510190200017
510190210000023,5101902,Brasnorte,Aldeia Indígena Santa Rita,IBGE Malha de Setores Censitários 2022 — atributos territoriais CD_BAIRRO/NM_BAIRRO e correlatos,Aglomerado rural IBGE 2022,510190200018
510190210000024,5101902,Brasnorte,Aldeia Indígena Escolinha,IBGE Malha de Setores Censitários 2022 — atributos territoriais CD_BAIRRO/NM_BAIRRO e correlatos,Aglomerado rural IBGE 2022,510190200022
510190210000026,5101902,Brasnorte,Aldeia Indígena Velha,IBGE Malha de Setores Censitários 2022 — atributos territoriais CD_BAIRRO/NM_BAIRRO e correlatos,Aglomerado rural IBGE 2022,510190200024
510190210000027,5101902,Brasnorte,Aldeia Indígena Bacaval,IBGE Malha de Setores Censitários 2022 — atributos territoriais CD_BAIRRO/NM_BAIRRO e correlatos,Aglomerado rural IBGE 2022,510190200025
510190210000028,5101902,Brasnorte,Aldeia Indígena Areia Branca,IBGE Malha de Setores Censitários 2022 — atributos territoriais CD_BAIRRO/NM_BAIRRO e correlatos,Aglomerado rural IBGE 2022,510190200026
510190210000029,5101902,Brasnorte,Aldeia Indígena Laranjal,IBGE Malha de Setores Censitários 2022 — atributos territoriais CD_BAIRRO/NM_BAIRRO e correlatos,Aglomerado rural IBGE 2022,510190200027
510190210000030,5101902,Brasnorte,Aldeia Indígena Cabeceirinha,IBGE Malha de Setores Censitários 2022 — atributos territoriais CD_BAIRRO/NM_BAIRRO e correlatos,Aglomerado rural IBGE 2022,510190200028
510190210000031,5101902,Brasnorte,Aldeia Indígena Cajueiro,IBGE Malha de Setores Censitários 2022 — atributos territoriais CD_BAIRRO/NM_BAIRRO e correlatos,Aglomerado rural IBGE 2022,510190200029
510190210000032,5101902,Brasnorte,Água da Prata,IBGE Malha de Setores Censitários 2022 — atributos territoriais CD_BAIRRO/NM_BAIRRO e correlatos,Distrito IBGE 2022,510190210
510250405000001,5102504,Cáceres,Lavapés,IBGE Malha de Setores Censitários 2022 — atributos territoriais CD_BAIRRO/NM_BAIRRO e correlatos,Bairro IBGE 2022,5102504001
510250405000002,5102504,Cáceres,Dner,IBGE Malha de Setores Censitários 2022 — atributos territoriais CD_BAIRRO/NM_BAIRRO e correlatos,Bairro IBGE 2022,5102504002
510250405000003,5102504,Cáceres,Dner,IBGE Malha de Setores Censitários 2022 — atributos territoriais CD_BAIRRO/NM_BAIRRO e correlatos,Bairro IBGE 2022,5102504002
510250405000004,5102504,Cáceres,Jardim Celeste,IBGE Malha de Setores Censitários 2022 — atributos territoriais CD_BAIRRO/NM_BAIRRO e correlatos,Bairro IBGE 2022,5102504003
510250405000005,5102504,Cáceres,Santa Izabel,IBGE Malha de Setores Censitários 2022 — atributos territoriais CD_BAIRRO/NM_BAIRRO e correlatos,Bairro IBGE 2022,5102504004
510250405000006,5102504,Cáceres,Maracanãzinho,IBGE Malha de Setores Censitários 2022 — atributos territoriais CD_BAIRRO/NM_BAIRRO e correlatos,Bairro IBGE 2022,5102504005
510250405000007,5102504,Cáceres,Maracanãzinho,IBGE Malha de Setores Censitários 2022 — atributos territoriais CD_BAIRRO/NM_BAIRRO e correlatos,Bairro IBGE 2022,5102504005
510250405000008,5102504,Cáceres,Vila Mariana,IBGE Malha de Setores Censitários 2022 — atributos territoriais CD_BAIRRO/NM_BAIRRO e correlatos,Bairro IBGE 2022,5102504006
510250405000009,5102504,Cáceres,Vila Mariana,IBGE Malha de Setores Censitários 2022 — atributos territoriais CD_BAIRRO/NM_BAIRRO e correlatos,Bairro IBGE 2022,5102504006
510250405000010,5102504,Cáceres,Vila Mariana,IBGE Malha de Setores Censitários 2022 — atributos territoriais CD_BAIRRO/NM_BAIRRO e correlatos,Bairro IBGE 2022,5102504006
510250405000011,5102504,Cáceres,Cohab Velha,IBGE Malha de Setores Censitários 2022 — atributos territoriais CD_BAIRRO/NM_BAIRRO e correlatos,Bairro IBGE 2022,5102504007
510250405000012,5102504,Cáceres,Cohab Velha,IBGE Malha de Setores Censitários 2022 — atributos territoriais CD_BAIRRO/NM_BAIRRO e correlatos,Bairro IBGE 2022,5102504007
510250405000013,5102504,Cáceres,Cohab Velha,IBGE Malha de Setores Censitários 2022 — atributos territoriais CD_BAIRRO/NM_BAIRRO e correlatos,Bairro IBGE 2022,5102504007
510250405000014,5102504,Cáceres,Monte Verde,IBGE Malha de Setores Censitários 2022 — atributos territoriais CD_BAIRRO/NM_BAIRRO e correlatos,Bairro IBGE 2022,5102504008
510250405000015,5102504,Cáceres,Cidade Alta,IBGE Malha de Setores Censitários 2022 — atributos territoriais CD_BAIRRO/NM_BAIRRO e correlatos,Bairro IBGE 2022,5102504009
510250405000016,5102504,Cáceres,Joaquim Murtinho,IBGE Malha de Setores Censitários 2022 — atributos territoriais CD_BAIRRO/NM_BAIRRO e correlatos,Bairro IBGE 2022,5102504010
510250405000017,5102504,Cáceres,Joaquim Murtinho,IBGE Malha de Setores Censitários 2022 — atributos territoriais CD_BAIRRO/NM_BAIRRO e correlatos,Bairro IBGE 2022,5102504010
510250405000018,5102504,Cáceres,Joaquim Murtinho,IBGE Malha de Setores Censitários 2022 — atributos territoriais CD_BAIRRO/NM_BAIRRO e correlatos,Bairro IBGE 2022,5102504010
510250405000019,5102504,Cáceres,Cavalhada II,IBGE Malha de Setores Censitários 2022 — atributos territoriais CD_BAIRRO/NM_BAIRRO e correlatos,Bairro IBGE 2022,5102504011
510250405000020,5102504,Cáceres,Cavalhada II,IBGE Malha de Setores Censitários 2022 — atributos territoriais CD_BAIRRO/NM_BAIRRO e correlatos,Bairro IBGE 2022,5102504011
510250405000021,5102504,Cáceres,Cavalhada II,IBGE Malha de Setores Censitários 2022 — atributos territoriais CD_BAIRRO/NM_BAIRRO e correlatos,Bairro IBGE 2022,5102504011
510250405000022,5102504,Cáceres,Cavalhada III,IBGE Malha de Setores Censitários 2022 — atributos territoriais CD_BAIRRO/NM_BAIRRO e correlatos,Bairro IBGE 2022,5102504012
510250405000023,5102504,Cáceres,Cavalhada III,IBGE Malha de Setores Censitários 2022 — atributos territoriais CD_BAIRRO/NM_BAIRRO e correlatos,Bairro IBGE 2022,5102504012
510250405000024,5102504,Cáceres,Vila Nova,IBGE Malha de Setores Censitários 2022 — atributos territoriais CD_BAIRRO/NM_BAIRRO e correlatos,Bairro IBGE 2022,5102504013
510250405000025,5102504,Cáceres,Jardim Padre Paulo,IBGE Malha de Setores Censitários 2022 — atributos territoriais CD_BAIRRO/NM_BAIRRO e correlatos,Bairro IBGE 2022,5102504014
510250405000026,5102504,Cáceres,Jardim Padre Paulo,IBGE Malha de Setores Censitários 2022 — atributos territoriais CD_BAIRRO/NM_BAIRRO e correlatos,Bairro IBGE 2022,5102504014
510250405000027,5102504,Cáceres,Jardim Padre Paulo,IBGE Malha de Setores Censitários 2022 — atributos territoriais CD_BAIRRO/NM_BAIRRO e correlatos,Bairro IBGE 2022,5102504014
510250405000028,5102504,Cáceres,Betel,IBGE Malha de Setores Censitários 2022 — atributos territoriais CD_BAIRRO/NM_BAIRRO e correlatos,Bairro IBGE 2022,5102504015
510250405000029,5102504,Cáceres,Carrapatinho,IBGE Malha de Setores Censitários 2022 — atributos territoriais CD_BAIRRO/NM_BAIRRO e correlatos,Bairro IBGE 2022,5102504016
510250405000030,5102504,Cáceres,São Jorge,IBGE Malha de Setores Censitários 2022 — atributos territoriais CD_BAIRRO/NM_BAIRRO e correlatos,Bairro IBGE 2022,5102504017
510250405000032,5102504,Cáceres,Santos Dumont,IBGE Malha de Setores Censitários 2022 — atributos territoriais CD_BAIRRO/NM_BAIRRO e correlatos,Bairro IBGE 2022,5102504019
510250405000033,5102504,Cáceres,Jardim Guanabara,IBGE Malha de Setores Censitários 2022 — atributos territoriais CD_BAIRRO/NM_BAIRRO e correlatos,Bairro IBGE 2022,5102504020
510250405000034,5102504,Cáceres,Nova Era,IBGE Malha de Setores Censitários 2022 — atributos territoriais CD_BAIRRO/NM_BAIRRO e correlatos,Bairro IBGE 2022,5102504021
510250405000035,5102504,Cáceres,Vitória Régia,IBGE Malha de Setores Censitários 2022 — atributos territoriais CD_BAIRRO/NM_BAIRRO e correlatos,Bairro IBGE 2022,5102504022
510250405000036,5102504,Cáceres,Vitória Régia,IBGE Malha de Setores Censitários 2022 — atributos territoriais CD_BAIRRO/NM_BAIRRO e correlatos,Bairro IBGE 2022,5102504022
510250405000037,5102504,Cáceres,Jardim do Trevo,IBGE Malha de Setores Censitários 2022 — atributos territoriais CD_BAIRRO/NM_BAIRRO e correlatos,Bairro IBGE 2022,5102504023
510250405000038,5102504,Cáceres,Jardim Marajoara,IBGE Malha de Setores Censitários 2022 — atributos territoriais CD_BAIRRO/NM_BAIRRO e correlatos,Bairro IBGE 2022,5102504024
510250405000039,5102504,Cáceres,Jardim Marajoara,IBGE Malha de Setores Censitários 2022 — atributos territoriais CD_BAIRRO/NM_BAIRRO e correlatos,Bairro IBGE 2022,5102504024
510250405000040,5102504,Cáceres,Cidade Nova,IBGE Malha de Setores Censitários 2022 — atributos territoriais CD_BAIRRO/NM_BAIRRO e correlatos,Bairro IBGE 2022,5102504025
510250405000041,5102504,Cáceres,Cidade Nova,IBGE Malha de Setores Censitários 2022 — atributos territoriais CD_BAIRRO/NM_BAIRRO e correlatos,Bairro IBGE 2022,5102504025
510250405000042,5102504,Cáceres,Junco,IBGE Malha de Setores Censitários 2022 — atributos territoriais CD_BAIRRO/NM_BAIRRO e correlatos,Bairro IBGE 2022,5102504026
510250405000043,5102504,Cáceres,Junco,IBGE Malha de Setores Censitários 2022 — atributos territoriais CD_BAIRRO/NM_BAIRRO e correlatos,Bairro IBGE 2022,5102504026
510250405000044,5102504,Cáceres,Santo Antônio,IBGE Malha de Setores Censitários 2022 — atributos territoriais CD_BAIRRO/NM_BAIRRO e correlatos,Bairro IBGE 2022,5102504027
510250405000045,5102504,Cáceres,Vila Real,IBGE Malha de Setores Censitários 2022 — atributos territoriais CD_BAIRRO/NM_BAIRRO e correlatos,Bairro IBGE 2022,5102504028
510250405000046,5102504,Cáceres,Vila Real,IBGE Malha de Setores Censitários 2022 — atributos territoriais CD_BAIRRO/NM_BAIRRO e correlatos,Bairro IBGE 2022,5102504028
510250405000047,5102504,Cáceres,Garcez,IBGE Malha de Setores Censitários 2022 — atributos territoriais CD_BAIRRO/NM_BAIRRO e correlatos,Bairro IBGE 2022,5102504029
510250405000048,5102504,Cáceres,Jardim Imperial,IBGE Malha de Setores Censitários 2022 — atributos territoriais CD_BAIRRO/NM_BAIRRO e correlatos,Bairro IBGE 2022,5102504030
510250405000049,5102504,Cáceres,Jardim Imperial,IBGE Malha de Setores Censitários 2022 — atributos territoriais CD_BAIRRO/NM_BAIRRO e correlatos,Bairro IBGE 2022,5102504030
510250405000050,5102504,Cáceres,Jardim Paraíso,IBGE Malha de Setores Censitários 2022 — atributos territoriais CD_BAIRRO/NM_BAIRRO e correlatos,Bairro IBGE 2022,5102504031
510250405000052,5102504,Cáceres,Rodeio,IBGE Malha de Setores Censitários 2022 — atributos territoriais CD_BAIRRO/NM_BAIRRO e correlatos,Bairro IBGE 2022,5102504032
510250405000053,5102504,Cáceres,São Lourenço,IBGE Malha de Setores Censitários 2022 — atributos territoriais CD_BAIRRO/NM_BAIRRO e correlatos,Bairro IBGE 2022,5102504033
510250405000054,5102504,Cáceres,Santa Cruz,IBGE Malha de Setores Censitários 2022 — atributos territoriais CD_BAIRRO/NM_BAIRRO e correlatos,Bairro IBGE 2022,5102504034
510250405000055,5102504,Cáceres,Santa Cruz,IBGE Malha de Setores Censitários 2022 — atributos territoriais CD_BAIRRO/NM_BAIRRO e correlatos,Bairro IBGE 2022,5102504034
510250405000056,5102504,Cáceres,Jardim São Luiz da Ponte,IBGE Malha de Setores Censitários 2022 — atributos territoriais CD_BAIRRO/NM_BAIRRO e correlatos,Bairro IBGE 2022,5102504035
510250405000057,5102504,Cáceres,Jardim São Luiz da Ponte,IBGE Malha de Setores Censitários 2022 — atributos territoriais CD_BAIRRO/NM_BAIRRO e correlatos,Bairro IBGE 2022,5102504035
510250405000058,5102504,Cáceres,São Miguel,IBGE Malha de Setores Censitários 2022 — atributos territoriais CD_BAIRRO/NM_BAIRRO e correlatos,Bairro IBGE 2022,5102504036
510250405000059,5102504,Cáceres,Centro,IBGE Malha de Setores Censitários 2022 — atributos territoriais CD_BAIRRO/NM_BAIRRO e correlatos,Bairro IBGE 2022,5102504037
510250405000060,5102504,Cáceres,Centro,IBGE Malha de Setores Censitários 2022 — atributos territoriais CD_BAIRRO/NM_BAIRRO e correlatos,Bairro IBGE 2022,5102504037
510250405000061,5102504,Cáceres,Centro,IBGE Malha de Setores Censitários 2022 — atributos territoriais CD_BAIRRO/NM_BAIRRO e correlatos,Bairro IBGE 2022,5102504037
510250405000062,5102504,Cáceres,Centro,IBGE Malha de Setores Censitários 2022 — atributos territoriais CD_BAIRRO/NM_BAIRRO e correlatos,Bairro IBGE 2022,5102504037
510250405000063,5102504,Cáceres,Centro,IBGE Malha de Setores Censitários 2022 — atributos territoriais CD_BAIRRO/NM_BAIRRO e correlatos,Bairro IBGE 2022,5102504037
510250405000064,5102504,Cáceres,Centro,IBGE Malha de Setores Censitários 2022 — atributos territoriais CD_BAIRRO/NM_BAIRRO e correlatos,Bairro IBGE 2022,5102504037
510250405000065,5102504,Cáceres,Centro,IBGE Malha de Setores Censitários 2022 — atributos territoriais CD_BAIRRO/NM_BAIRRO e correlatos,Bairro IBGE 2022,5102504037
510250405000066,5102504,Cáceres,Centro,IBGE Malha de Setores Censitários 2022 — atributos territoriais CD_BAIRRO/NM_BAIRRO e correlatos,Bairro IBGE 2022,5102504037
510250405000067,5102504,Cáceres,Centro,IBGE Malha de Setores Censitários 2022 — atributos territoriais CD_BAIRRO/NM_BAIRRO e correlatos,Bairro IBGE 2022,5102504037
510250405000068,5102504,Cáceres,Centro,IBGE Malha de Setores Censitários 2022 — atributos territoriais CD_BAIRRO/NM_BAIRRO e correlatos,Bairro IBGE 2022,5102504037
510250405000069,5102504,Cáceres,Centro,IBGE Malha de Setores Censitários 2022 — atributos territoriais CD_BAIRRO/NM_BAIRRO e correlatos,Bairro IBGE 2022,5102504037
510250405000070,5102504,Cáceres,Cavalhada I,IBGE Malha de Setores Censitários 2022 — atributos territoriais CD_BAIRRO/NM_BAIRRO e correlatos,Bairro IBGE 2022,5102504038
510250405000071,5102504,Cáceres,Cavalhada I,IBGE Malha de Setores Censitários 2022 — atributos territoriais CD_BAIRRO/NM_BAIRRO e correlatos,Bairro IBGE 2022,5102504038
510250405000072,5102504,Cáceres,Cavalhada I,IBGE Malha de Setores Censitários 2022 — atributos territoriais CD_BAIRRO/NM_BAIRRO e correlatos,Bairro IBGE 2022,5102504038
510250405000073,5102504,Cáceres,Santa Rosa,IBGE Malha de Setores Censitários 2022 — atributos territoriais CD_BAIRRO/NM_BAIRRO e correlatos,Bairro IBGE 2022,5102504039
510250405000074,5102504,Cáceres,Vila Irene,IBGE Malha de Setores Censitários 2022 — atributos territoriais CD_BAIRRO/NM_BAIRRO e correlatos,Bairro IBGE 2022,5102504040
510250405000075,5102504,Cáceres,Massa Barro,IBGE Malha de Setores Censitários 2022 — atributos territoriais CD_BAIRRO/NM_BAIRRO e correlatos,Bairro IBGE 2022,5102504041
510250405000076,5102504,Cáceres,Cohab Nova,IBGE Malha de Setores Censitários 2022 — atributos territoriais CD_BAIRRO/NM_BAIRRO e correlatos,Bairro IBGE 2022,5102504042
510250405000077,5102504,Cáceres,Cohab Nova,IBGE Malha de Setores Censitários 2022 — atributos territoriais CD_BAIRRO/NM_BAIRRO e correlatos,Bairro IBGE 2022,5102504042
510250405000078,5102504,Cáceres,Cohab Nova,IBGE Malha de Setores Censitários 2022 — atributos territoriais CD_BAIRRO/NM_BAIRRO e correlatos,Bairro IBGE 2022,5102504042
510250405000079,5102504,Cáceres,Olhos D'água,IBGE Malha de Setores Censitários 2022 — atributos territoriais CD_BAIRRO/NM_BAIRRO e correlatos,Bairro IBGE 2022,5102504043
510250405000099,5102504,Cáceres,Lavapés,IBGE Malha de Setores Censitários 2022 — atributos territoriais CD_BAIRRO/NM_BAIRRO e correlatos,Bairro IBGE 2022,5102504001
510250405000100,5102504,Cáceres,Jardim Celeste,IBGE Malha de Setores Censitários 2022 — atributos territoriais CD_BAIRRO/NM_BAIRRO e correlatos,Bairro IBGE 2022,5102504003
510250405000101,5102504,Cáceres,Santa Izabel,IBGE Malha de Setores Censitários 2022 — atributos territoriais CD_BAIRRO/NM_BAIRRO e correlatos,Bairro IBGE 2022,5102504004
510250405000102,5102504,Cáceres,Vila Mariana,IBGE Malha de Setores Censitários 2022 — atributos territoriais CD_BAIRRO/NM_BAIRRO e correlatos,Bairro IBGE 2022,5102504006
510250405000103,5102504,Cáceres,Monte Verde,IBGE Malha de Setores Censitários 2022 — atributos territoriais CD_BAIRRO/NM_BAIRRO e correlatos,Bairro IBGE 2022,5102504008
510250405000105,5102504,Cáceres,Cavalhada II,IBGE Malha de Setores Censitários 2022 — atributos territoriais CD_BAIRRO/NM_BAIRRO e correlatos,Bairro IBGE 2022,5102504011
510250405000106,5102504,Cáceres,Cavalhada III,IBGE Malha de Setores Censitários 2022 — atributos territoriais CD_BAIRRO/NM_BAIRRO e correlatos,Bairro IBGE 2022,5102504012
510250405000107,5102504,Cáceres,Cavalhada III,IBGE Malha de Setores Censitários 2022 — atributos territoriais CD_BAIRRO/NM_BAIRRO e correlatos,Bairro IBGE 2022,5102504012
510250405000108,5102504,Cáceres,Vila Nova,IBGE Malha de Setores Censitários 2022 — atributos territoriais CD_BAIRRO/NM_BAIRRO e correlatos,Bairro IBGE 2022,5102504013
510250405000109,5102504,Cáceres,Jardim Padre Paulo,IBGE Malha de Setores Censitários 2022 — atributos territoriais CD_BAIRRO/NM_BAIRRO e correlatos,Bairro IBGE 2022,5102504014
510250405000110,5102504,Cáceres,Jardim Guanabara,IBGE Malha de Setores Censitários 2022 — atributos territoriais CD_BAIRRO/NM_BAIRRO e correlatos,Bairro IBGE 2022,5102504020
510250405000111,5102504,Cáceres,Residencial Aroldo Fanaia,IBGE Malha de Setores Censitários 2022 — atributos territoriais CD_BAIRRO/NM_BAIRRO e correlatos,Bairro IBGE 2022,5102504047
510250405000112,5102504,Cáceres,Nova Era,IBGE Malha de Setores Censitários 2022 — atributos territoriais CD_BAIRRO/NM_BAIRRO e correlatos,Bairro IBGE 2022,5102504021
510250405000113,5102504,Cáceres,Vitória Régia,IBGE Malha de Setores Censitários 2022 — atributos territoriais CD_BAIRRO/NM_BAIRRO e correlatos,Bairro IBGE 2022,5102504022
510250405000114,5102504,Cáceres,Jardim do Trevo,IBGE Malha de Setores Censitários 2022 — atributos territoriais CD_BAIRRO/NM_BAIRRO e correlatos,Bairro IBGE 2022,5102504023
510250405000115,5102504,Cáceres,Cidade Nova,IBGE Malha de Setores Censitários 2022 — atributos territoriais CD_BAIRRO/NM_BAIRRO e correlatos,Bairro IBGE 2022,5102504025
510250405000116,5102504,Cáceres,Cidade Nova,IBGE Malha de Setores Censitários 2022 — atributos territoriais CD_BAIRRO/NM_BAIRRO e correlatos,Bairro IBGE 2022,5102504025
510250405000117,5102504,Cáceres,Jardim União,IBGE Malha de Setores Censitários 2022 — atributos territoriais CD_BAIRRO/NM_BAIRRO e correlatos,Bairro IBGE 2022,5102504046
510250405000118,5102504,Cáceres,Junco,IBGE Malha de Setores Censitários 2022 — atributos territoriais CD_BAIRRO/NM_BAIRRO e correlatos,Bairro IBGE 2022,5102504026
510250405000119,5102504,Cáceres,Junco,IBGE Malha de Setores Censitários 2022 — atributos territoriais CD_BAIRRO/NM_BAIRRO e correlatos,Bairro IBGE 2022,5102504026
510250405000120,5102504,Cáceres,Jardim Panorama,IBGE Malha de Setores Censitários 2022 — atributos territoriais CD_BAIRRO/NM_BAIRRO e correlatos,Bairro IBGE 2022,5102504045
510250405000121,5102504,Cáceres,Jardim Panorama,IBGE Malha de Setores Censitários 2022 — atributos territoriais CD_BAIRRO/NM_BAIRRO e correlatos,Bairro IBGE 2022,5102504045
510250405000122,5102504,Cáceres,Jardim Imperial,IBGE Malha de Setores Censitários 2022 — atributos territoriais CD_BAIRRO/NM_BAIRRO e correlatos,Bairro IBGE 2022,5102504030
510250405000123,5102504,Cáceres,Jardim Imperial,IBGE Malha de Setores Censitários 2022 — atributos territoriais CD_BAIRRO/NM_BAIRRO e correlatos,Bairro IBGE 2022,5102504030
510250405000124,5102504,Cáceres,Jardim Paraíso,IBGE Malha de Setores Censitários 2022 — atributos territoriais CD_BAIRRO/NM_BAIRRO e correlatos,Bairro IBGE 2022,5102504031
510250405000125,5102504,Cáceres,Rodeio,IBGE Malha de Setores Censitários 2022 — atributos territoriais CD_BAIRRO/NM_BAIRRO e correlatos,Bairro IBGE 2022,5102504032
510250405000126,5102504,Cáceres,Rodeio,IBGE Malha de Setores Censitários 2022 — atributos territoriais CD_BAIRRO/NM_BAIRRO e correlatos,Bairro IBGE 2022,5102504032
510250405000127,5102504,Cáceres,Santa Cruz,IBGE Malha de Setores Censitários 2022 — atributos territoriais CD_BAIRRO/NM_BAIRRO e correlatos,Bairro IBGE 2022,5102504034
510250405000128,5102504,Cáceres,Vila Irene,IBGE Malha de Setores Censitários 2022 — atributos territoriais CD_BAIRRO/NM_BAIRRO e correlatos,Bairro IBGE 2022,5102504040
510250405000129,5102504,Cáceres,Cohab Nova,IBGE Malha de Setores Censitários 2022 — atributos territoriais CD_BAIRRO/NM_BAIRRO e correlatos,Bairro IBGE 2022,5102504042
510250405000131,5102504,Cáceres,Soteco,IBGE Malha de Setores Censitários 2022 — atributos territoriais CD_BAIRRO/NM_BAIRRO e correlatos,Aglomerado rural IBGE 2022,510250400006
510250405000133,5102504,Cáceres,Clarinópolis,IBGE Malha de Setores Censitários 2022 — atributos territoriais CD_BAIRRO/NM_BAIRRO e correlatos,Aglomerado rural IBGE 2022,510250400005
510250405000139,5102504,Cáceres,Garcez,IBGE Malha de Setores Censitários 2022 — atributos territoriais CD_BAIRRO/NM_BAIRRO e correlatos,Bairro IBGE 2022,5102504029
510250405000144,5102504,Cáceres,Rodeio,IBGE Malha de Setores Censitários 2022 — atributos territoriais CD_BAIRRO/NM_BAIRRO e correlatos,Bairro IBGE 2022,5102504032
510250405000145,5102504,Cáceres,Cavalhada II,IBGE Malha de Setores Censitários 2022 — atributos territoriais CD_BAIRRO/NM_BAIRRO e correlatos,Bairro IBGE 2022,5102504011
510250405000147,5102504,Cáceres,Residencial Aroldo Fanaia,IBGE Malha de Setores Censitários 2022 — atributos territoriais CD_BAIRRO/NM_BAIRRO e correlatos,Bairro IBGE 2022,5102504047
510250405000148,5102504,Cáceres,Residencial Aroldo Fanaia,IBGE Malha de Setores Censitários 2022 — atributos territoriais CD_BAIRRO/NM_BAIRRO e correlatos,Bairro IBGE 2022,5102504047
510250405000149,5102504,Cáceres,Santos Dumont,IBGE Malha de Setores Censitários 2022 — atributos territoriais CD_BAIRRO/NM_BAIRRO e correlatos,Bairro IBGE 2022,5102504019
510250405000150,5102504,Cáceres,Santos Dumont,IBGE Malha de Setores Censitários 2022 — atributos territoriais CD_BAIRRO/NM_BAIRRO e correlatos,Bairro IBGE 2022,5102504019
510250405000151,5102504,Cáceres,Cavalhada I,IBGE Malha de Setores Censitários 2022 — atributos territoriais CD_BAIRRO/NM_BAIRRO e correlatos,Bairro IBGE 2022,5102504038
510250405000152,5102504,Cáceres,Massa Barro,IBGE Malha de Setores Censitários 2022 — atributos territoriais CD_BAIRRO/NM_BAIRRO e correlatos,Bairro IBGE 2022,5102504041
510250405000153,5102504,Cáceres,Jardim São Luiz da Ponte,IBGE Malha de Setores Censitários 2022 — atributos territoriais CD_BAIRRO/NM_BAIRRO e correlatos,Bairro IBGE 2022,5102504035
510250405000154,5102504,Cáceres,Santo Antônio,IBGE Malha de Setores Censitários 2022 — atributos territoriais CD_BAIRRO/NM_BAIRRO e correlatos,Bairro IBGE 2022,5102504027
510250405000155,5102504,Cáceres,Nova Era,IBGE Malha de Setores Censitários 2022 — atributos territoriais CD_BAIRRO/NM_BAIRRO e correlatos,Bairro IBGE 2022,5102504021
510250405000156,5102504,Cáceres,Cavalhada I,IBGE Malha de Setores Censitários 2022 — atributos territoriais CD_BAIRRO/NM_BAIRRO e correlatos,Bairro IBGE 2022,5102504038
510250405000157,5102504,Cáceres,Vila Irene,IBGE Malha de Setores Censitários 2022 — atributos territoriais CD_BAIRRO/NM_BAIRRO e correlatos,Bairro IBGE 2022,5102504040
510250405000158,5102504,Cáceres,Centro,IBGE Malha de Setores Censitários 2022 — atributos territoriais CD_BAIRRO/NM_BAIRRO e correlatos,Bairro IBGE 2022,5102504037
510250405000159,5102504,Cáceres,Jardim Paraíso,IBGE Malha de Setores Censitários 2022 — atributos territoriais CD_BAIRRO/NM_BAIRRO e correlatos,Bairro IBGE 2022,5102504031
510250405000160,5102504,Cáceres,Junco,IBGE Malha de Setores Censitários 2022 — atributos territoriais CD_BAIRRO/NM_BAIRRO e correlatos,Bairro IBGE 2022,5102504026
510250405000161,5102504,Cáceres,Vitória Régia,IBGE Malha de Setores Censitários 2022 — atributos territoriais CD_BAIRRO/NM_BAIRRO e correlatos,Bairro IBGE 2022,5102504022
510250405000162,5102504,Cáceres,Dner,IBGE Malha de Setores Censitários 2022 — atributos territoriais CD_BAIRRO/NM_BAIRRO e correlatos,Bairro IBGE 2022,5102504002
510250405000163,5102504,Cáceres,Dner,IBGE Malha de Setores Censitários 2022 — atributos territoriais CD_BAIRRO/NM_BAIRRO e correlatos,Bairro IBGE 2022,5102504002
510250405000164,5102504,Cáceres,Garcez,IBGE Malha de Setores Censitários 2022 — atributos territoriais CD_BAIRRO/NM_BAIRRO e correlatos,Bairro IBGE 2022,5102504029
510250405000181,5102504,Cáceres,Vila Real,IBGE Malha de Setores Censitários 2022 — atributos territoriais CD_BAIRRO/NM_BAIRRO e correlatos,Bairro IBGE 2022,5102504028
510250405000182,5102504,Cáceres,Vila Real,IBGE Malha de Setores Censitários 2022 — atributos territoriais CD_BAIRRO/NM_BAIRRO e correlatos,Bairro IBGE 2022,5102504028
510250405000190,5102504,Cáceres,Joaquim Murtinho,IBGE Malha de Setores Censitários 2022 — atributos territoriais CD_BAIRRO/NM_BAIRRO e correlatos,Bairro IBGE 2022,5102504010
510250405000191,5102504,Cáceres,Espírito Santo,IBGE Malha de Setores Censitários 2022 — atributos territoriais CD_BAIRRO/NM_BAIRRO e correlatos,Bairro IBGE 2022,5102504044
510250405000192,5102504,Cáceres,Lobo,IBGE Malha de Setores Censitários 2022 — atributos territoriais CD_BAIRRO/NM_BAIRRO e correlatos,Bairro IBGE 2022,5102504018
510250405000193,5102504,Cáceres,Lobo,IBGE Malha de Setores Censitários 2022 — atributos territoriais CD_BAIRRO/NM_BAIRRO e correlatos,Bairro IBGE 2022,5102504018
510250405000194,5102504,Cáceres,Lobo,IBGE Malha de Setores Censitários 2022 — atributos territoriais CD_BAIRRO/NM_BAIRRO e correlatos,Bairro IBGE 2022,5102504018
510250405000195,5102504,Cáceres,Lobo,IBGE Malha de Setores Censitários 2022 — atributos territoriais CD_BAIRRO/NM_BAIRRO e correlatos,Bairro IBGE 2022,5102504018
510250405000196,5102504,Cáceres,Vila Irene,IBGE Malha de Setores Censitários 2022 — atributos territoriais CD_BAIRRO/NM_BAIRRO e correlatos,Bairro IBGE 2022,5102504040
510250405000197,5102504,Cáceres,Vila Irene,IBGE Malha de Setores Censitários 2022 — atributos territoriais CD_BAIRRO/NM_BAIRRO e correlatos,Bairro IBGE 2022,5102504040
510250405000200,5102504,Cáceres,Rodeio,IBGE Malha de Setores Censitários 2022 — atributos territoriais CD_BAIRRO/NM_BAIRRO e correlatos,Bairro IBGE 2022,5102504032
510250405000201,5102504,Cáceres,Rodeio,IBGE Malha de Setores Censitários 2022 — atributos territoriais CD_BAIRRO/NM_BAIRRO e correlatos,Bairro IBGE 2022,5102504032
510250405000202,5102504,Cáceres,Nova Era,IBGE Malha de Setores Censitários 2022 — atributos territoriais CD_BAIRRO/NM_BAIRRO e correlatos,Bairro IBGE 2022,5102504021
510250405000203,5102504,Cáceres,Nova Era,IBGE Malha de Setores Censitários 2022 — atributos territoriais CD_BAIRRO/NM_BAIRRO e correlatos,Bairro IBGE 2022,5102504021
510250407000001,5102504,Cáceres,Bezerro Branco,IBGE Malha de Setores Censitários 2022 — atributos territoriais CD_BAIRRO/NM_BAIRRO e correlatos,Distrito IBGE 2022,510250407
510250407000003,5102504,Cáceres,Bezerro Branco,IBGE Malha de Setores Censitários 2022 — atributos territoriais CD_BAIRRO/NM_BAIRRO e correlatos,Distrito IBGE 2022,510250407
510250407000004,5102504,Cáceres,Bezerro Branco,IBGE Malha de Setores Censitários 2022 — atributos territoriais CD_BAIRRO/NM_BAIRRO e correlatos,Distrito IBGE 2022,510250407
510250407000005,5102504,Cáceres,Bezerro Branco,IBGE Malha de Setores Censitários 2022 — atributos territoriais CD_BAIRRO/NM_BAIRRO e correlatos,Distrito IBGE 2022,510250407
510250415000001,5102504,Cáceres,Caramujo,IBGE Malha de Setores Censitários 2022 — atributos territoriais CD_BAIRRO/NM_BAIRRO e correlatos,Distrito IBGE 2022,510250415
510250415000002,5102504,Cáceres,Caramujo,IBGE Malha de Setores Censitários 2022 — atributos territoriais CD_BAIRRO/NM_BAIRRO e correlatos,Distrito IBGE 2022,510250415
510250415000003,5102504,Cáceres,Caramujo,IBGE Malha de Setores Censitários 2022 — atributos territoriais CD_BAIRRO/NM_BAIRRO e correlatos,Distrito IBGE 2022,510250415
510250415000004,5102504,Cáceres,Caramujo,IBGE Malha de Setores Censitários 2022 — atributos territoriais CD_BAIRRO/NM_BAIRRO e correlatos,Distrito IBGE 2022,510250415
510250415000005,5102504,Cáceres,Caramujo,IBGE Malha de Setores Censitários 2022 — atributos territoriais CD_BAIRRO/NM_BAIRRO e correlatos,Distrito IBGE 2022,510250415
510250415000006,5102504,Cáceres,Caramujo,IBGE Malha de Setores Censitários 2022 — atributos territoriais CD_BAIRRO/NM_BAIRRO e correlatos,Distrito IBGE 2022,510250415
510250425000001,5102504,Cáceres,Horizonte do Oeste,IBGE Malha de Setores Censitários 2022 — atributos territoriais CD_BAIRRO/NM_BAIRRO e correlatos,Distrito IBGE 2022,510250425
510250425000002,5102504,Cáceres,Horizonte do Oeste,IBGE Malha de Setores Censitários 2022 — atributos territoriais CD_BAIRRO/NM_BAIRRO e correlatos,Distrito IBGE 2022,510250425
510250425000003,5102504,Cáceres,Horizonte do Oeste,IBGE Malha de Setores Censitários 2022 — atributos territoriais CD_BAIRRO/NM_BAIRRO e correlatos,Distrito IBGE 2022,510250425
510250430000001,5102504,Cáceres,Nova Cáceres,IBGE Malha de Setores Censitários 2022 — atributos territoriais CD_BAIRRO/NM_BAIRRO e correlatos,Distrito IBGE 2022,510250430
510250430000002,5102504,Cáceres,Nova Cáceres,IBGE Malha de Setores Censitários 2022 — atributos territoriais CD_BAIRRO/NM_BAIRRO e correlatos,Distrito IBGE 2022,510250430
510250430000003,5102504,Cáceres,Nova Cáceres,IBGE Malha de Setores Censitários 2022 — atributos territoriais CD_BAIRRO/NM_BAIRRO e correlatos,Distrito IBGE 2022,510250430
510260305000001,5102603,Campinápolis,Centro,IBGE Malha de Setores Censitários 2022 — atributos territoriais CD_BAIRRO/NM_BAIRRO e correlatos,Bairro IBGE 2022,5102603001
510260305000002,5102603,Campinápolis,Centro,IBGE Malha de Setores Censitários 2022 — atributos territoriais CD_BAIRRO/NM_BAIRRO e correlatos,Bairro IBGE 2022,5102603001
510260305000003,5102603,Campinápolis,Centro,IBGE Malha de Setores Censitários 2022 — atributos territoriais CD_BAIRRO/NM_BAIRRO e correlatos,Bairro IBGE 2022,5102603001
510260305000004,5102603,Campinápolis,Antônio Pedro,IBGE Malha de Setores Censitários 2022 — atributos territoriais CD_BAIRRO/NM_BAIRRO e correlatos,Bairro IBGE 2022,5102603002
510260305000005,5102603,Campinápolis,Antônio Pedro,IBGE Malha de Setores Censitários 2022 — atributos territoriais CD_BAIRRO/NM_BAIRRO e correlatos,Bairro IBGE 2022,5102603002
510260305000006,5102603,Campinápolis,Antônio Pedro,IBGE Malha de Setores Censitários 2022 — atributos territoriais CD_BAIRRO/NM_BAIRRO e correlatos,Bairro IBGE 2022,5102603002
510260305000007,5102603,Campinápolis,União,IBGE Malha de Setores Censitários 2022 — atributos territoriais CD_BAIRRO/NM_BAIRRO e correlatos,Bairro IBGE 2022,5102603003
510260305000008,5102603,Campinápolis,União,IBGE Malha de Setores Censitários 2022 — atributos territoriais CD_BAIRRO/NM_BAIRRO e correlatos,Bairro IBGE 2022,5102603003
510260305000011,5102603,Campinápolis,Amélio,IBGE Malha de Setores Censitários 2022 — atributos territoriais CD_BAIRRO/NM_BAIRRO e correlatos,Bairro IBGE 2022,5102603004
510260305000017,5102603,Campinápolis,Cristalina,IBGE Malha de Setores Censitários 2022 — atributos territoriais CD_BAIRRO/NM_BAIRRO e correlatos,Bairro IBGE 2022,5102603005
510260305000018,5102603,Campinápolis,Cristalina,IBGE Malha de Setores Censitários 2022 — atributos territoriais CD_BAIRRO/NM_BAIRRO e correlatos,Bairro IBGE 2022,5102603005
510260305000019,5102603,Campinápolis,Zé Viola,IBGE Malha de Setores Censitários 2022 — atributos territoriais CD_BAIRRO/NM_BAIRRO e correlatos,Bairro IBGE 2022,5102603006
510260305000020,5102603,Campinápolis,Zé Viola,IBGE Malha de Setores Censitários 2022 — atributos territoriais CD_BAIRRO/NM_BAIRRO e correlatos,Bairro IBGE 2022,5102603006
510260305000023,5102603,Campinápolis,Castilho,IBGE Malha de Setores Censitários 2022 — atributos territoriais CD_BAIRRO/NM_BAIRRO e correlatos,Bairro IBGE 2022,5102603007
510260305000024,5102603,Campinápolis,Castilho,IBGE Malha de Setores Censitários 2022 — atributos territoriais CD_BAIRRO/NM_BAIRRO e correlatos,Bairro IBGE 2022,5102603007
510260305000031,5102603,Campinápolis,Aldeia Indígena Água Cristal,IBGE Malha de Setores Censitários 2022 — atributos territoriais CD_BAIRRO/NM_BAIRRO e correlatos,Aglomerado rural IBGE 2022,510260300066
510260305000032,5102603,Campinápolis,Aldeia Indígena Santa Helena,IBGE Malha de Setores Censitários 2022 — atributos territoriais CD_BAIRRO/NM_BAIRRO e correlatos,Aglomerado rural IBGE 2022,510260300002
510260305000033,5102603,Campinápolis,Aldeia Indígena Boa Vida,IBGE Malha de Setores Censitários 2022 — atributos territoriais CD_BAIRRO/NM_BAIRRO e correlatos,Aglomerado rural IBGE 2022,510260300003
510260305000035,5102603,Campinápolis,Aldeia Indígena Nova Jerusalém,IBGE Malha de Setores Censitários 2022 — atributos territoriais CD_BAIRRO/NM_BAIRRO e correlatos,Aglomerado rural IBGE 2022,510260300005
510260305000036,5102603,Campinápolis,Aldeia Indígena Aldeinha,IBGE Malha de Setores Censitários 2022 — atributos territoriais CD_BAIRRO/NM_BAIRRO e correlatos,Aglomerado rural IBGE 2022,510260300006
510260305000039,5102603,Campinápolis,Aldeia Indígena Aldeiona,IBGE Malha de Setores Censitários 2022 — atributos territoriais CD_BAIRRO/NM_BAIRRO e correlatos,Aglomerado rural IBGE 2022,510260300009
510260305000040,5102603,Campinápolis,Aldeia Indígena Baixão,IBGE Malha de Setores Censitários 2022 — atributos territoriais CD_BAIRRO/NM_BAIRRO e correlatos,Aglomerado rural IBGE 2022,510260300010
510260305000041,5102603,Campinápolis,Aldeia Indígena Mato Grosso,IBGE Malha de Setores Censitários 2022 — atributos territoriais CD_BAIRRO/NM_BAIRRO e correlatos,Aglomerado rural IBGE 2022,510260300011
510260305000042,5102603,Campinápolis,Aldeia Indígena Buritizal,IBGE Malha de Setores Censitários 2022 — atributos territoriais CD_BAIRRO/NM_BAIRRO e correlatos,Aglomerado rural IBGE 2022,510260300012
510260305000043,5102603,Campinápolis,Aldeia Indígena Brasil,IBGE Malha de Setores Censitários 2022 — atributos territoriais CD_BAIRRO/NM_BAIRRO e correlatos,Aglomerado rural IBGE 2022,510260300013
510260305000044,5102603,Campinápolis,Aldeia Indígena Ente Pore,IBGE Malha de Setores Censitários 2022 — atributos territoriais CD_BAIRRO/NM_BAIRRO e correlatos,Aglomerado rural IBGE 2022,510260300014
510260305000045,5102603,Campinápolis,Aldeia Indígena Pedra Preta,IBGE Malha de Setores Censitários 2022 — atributos territoriais CD_BAIRRO/NM_BAIRRO e correlatos,Aglomerado rural IBGE 2022,510260300015
510260305000046,5102603,Campinápolis,Aldeia Indígena Santo do Céu,IBGE Malha de Setores Censitários 2022 — atributos territoriais CD_BAIRRO/NM_BAIRRO e correlatos,Aglomerado rural IBGE 2022,510260300016
510260305000047,5102603,Campinápolis,Aldeia Indígena Santa Luzia,IBGE Malha de Setores Censitários 2022 — atributos territoriais CD_BAIRRO/NM_BAIRRO e correlatos,Aglomerado rural IBGE 2022,510260300017
510260305000048,5102603,Campinápolis,Aldeia Indígena Santo André,IBGE Malha de Setores Censitários 2022 — atributos territoriais CD_BAIRRO/NM_BAIRRO e correlatos,Aglomerado rural IBGE 2022,510260300018
510260305000049,5102603,Campinápolis,Aldeia Indígena São Jorge,IBGE Malha de Setores Censitários 2022 — atributos territoriais CD_BAIRRO/NM_BAIRRO e correlatos,Aglomerado rural IBGE 2022,510260300019
510260305000050,5102603,Campinápolis,Aldeia Indígena Parabubure,IBGE Malha de Setores Censitários 2022 — atributos territoriais CD_BAIRRO/NM_BAIRRO e correlatos,Aglomerado rural IBGE 2022,510260300020
510260305000051,5102603,Campinápolis,Aldeia Indígena Dzepá,IBGE Malha de Setores Censitários 2022 — atributos territoriais CD_BAIRRO/NM_BAIRRO e correlatos,Aglomerado rural IBGE 2022,510260300102
510260305000052,5102603,Campinápolis,Aldeia Indígena Palmeiras,IBGE Malha de Setores Censitários 2022 — atributos territoriais CD_BAIRRO/NM_BAIRRO e correlatos,Aglomerado rural IBGE 2022,510260300022
510260305000054,5102603,Campinápolis,Aldeia Indígena Lagoinha,IBGE Malha de Setores Censitários 2022 — atributos territoriais CD_BAIRRO/NM_BAIRRO e correlatos,Aglomerado rural IBGE 2022,510260300024
510260305000055,5102603,Campinápolis,Aldeia Indígena Nossa Senhora Aparecida,IBGE Malha de Setores Censitários 2022 — atributos territoriais CD_BAIRRO/NM_BAIRRO e correlatos,Aglomerado rural IBGE 2022,510260300025
510260305000056,5102603,Campinápolis,Aldeia Indígena São José,IBGE Malha de Setores Censitários 2022 — atributos territoriais CD_BAIRRO/NM_BAIRRO e correlatos,Aglomerado rural IBGE 2022,510260300026
510260305000057,5102603,Campinápolis,Aldeia Indígena Santa Clara,IBGE Malha de Setores Censitários 2022 — atributos territoriais CD_BAIRRO/NM_BAIRRO e correlatos,Aglomerado rural IBGE 2022,510260300027
510260305000058,5102603,Campinápolis,Aldeia Indígena São Felipe,IBGE Malha de Setores Censitários 2022 — atributos territoriais CD_BAIRRO/NM_BAIRRO e correlatos,Aglomerado rural IBGE 2022,510260300028
510260305000059,5102603,Campinápolis,Aldeia Indígena Espírito Santo,IBGE Malha de Setores Censitários 2022 — atributos territoriais CD_BAIRRO/NM_BAIRRO e correlatos,Aglomerado rural IBGE 2022,510260300029
510260305000060,5102603,Campinápolis,Aldeia Indígena São Domingos Sávio,IBGE Malha de Setores Censitários 2022 — atributos territoriais CD_BAIRRO/NM_BAIRRO e correlatos,Aglomerado rural IBGE 2022,510260300030
510260305000064,5102603,Campinápolis,Aldeia Indígena Chão Preto,IBGE Malha de Setores Censitários 2022 — atributos territoriais CD_BAIRRO/NM_BAIRRO e correlatos,Aglomerado rural IBGE 2022,510260300001
510260305000067,5102603,Campinápolis,Aldeia Indígena São Pedro,IBGE Malha de Setores Censitários 2022 — atributos territoriais CD_BAIRRO/NM_BAIRRO e correlatos,Aglomerado rural IBGE 2022,510260300041
510260305000068,5102603,Campinápolis,Aldeia Indígena São Paulo,IBGE Malha de Setores Censitários 2022 — atributos territoriais CD_BAIRRO/NM_BAIRRO e correlatos,Aglomerado rural IBGE 2022,510260300042
510260305000070,5102603,Campinápolis,Aldeia Indígena Novo Barreiro,IBGE Malha de Setores Censitários 2022 — atributos territoriais CD_BAIRRO/NM_BAIRRO e correlatos,Aglomerado rural IBGE 2022,510260300031
510260305000071,5102603,Campinápolis,Aldeia Indígena Egito,IBGE Malha de Setores Censitários 2022 — atributos territoriais CD_BAIRRO/NM_BAIRRO e correlatos,Aglomerado rural IBGE 2022,510260300032
510260305000072,5102603,Campinápolis,Aldeia Indígena Santa Cruz,IBGE Malha de Setores Censitários 2022 — atributos territoriais CD_BAIRRO/NM_BAIRRO e correlatos,Aglomerado rural IBGE 2022,510260300033
510260305000073,5102603,Campinápolis,Aldeia Indígena Betel,IBGE Malha de Setores Censitários 2022 — atributos territoriais CD_BAIRRO/NM_BAIRRO e correlatos,Aglomerado rural IBGE 2022,510260300034
510260305000074,5102603,Campinápolis,Aldeia Indígena Sucuri,IBGE Malha de Setores Censitários 2022 — atributos territoriais CD_BAIRRO/NM_BAIRRO e correlatos,Aglomerado rural IBGE 2022,510260300035
510260305000075,5102603,Campinápolis,Aldeia Indígena Alto da Vitória,IBGE Malha de Setores Censitários 2022 — atributos territoriais CD_BAIRRO/NM_BAIRRO e correlatos,Aglomerado rural IBGE 2022,510260300036
510260305000076,5102603,Campinápolis,Aldeia Indígena Córrego da Mata,IBGE Malha de Setores Censitários 2022 — atributos territoriais CD_BAIRRO/NM_BAIRRO e correlatos,Aglomerado rural IBGE 2022,510260300037
510260305000077,5102603,Campinápolis,Aldeia Indígena Jacú,IBGE Malha de Setores Censitários 2022 — atributos territoriais CD_BAIRRO/NM_BAIRRO e correlatos,Aglomerado rural IBGE 2022,510260300038
510260305000078,5102603,Campinápolis,Aldeia Indígena Estrela,IBGE Malha de Setores Censitários 2022 — atributos territoriais CD_BAIRRO/NM_BAIRRO e correlatos,Aglomerado rural IBGE 2022,510260300039
510260305000083,5102603,Campinápolis,Aldeia Indígena Alvorada,IBGE Malha de Setores Censitários 2022 — atributos territoriais CD_BAIRRO/NM_BAIRRO e correlatos,Aglomerado rural IBGE 2022,510260300044
510260305000084,5102603,Campinápolis,Aldeia Indígena Rio Kuluene,IBGE Malha de Setores Censitários 2022 — atributos territoriais CD_BAIRRO/NM_BAIRRO e correlatos,Aglomerado rural IBGE 2022,510260300045
510260305000085,5102603,Campinápolis,Aldeia Indígena Cohab,IBGE Malha de Setores Censitários 2022 — atributos territoriais CD_BAIRRO/NM_BAIRRO e correlatos,Aglomerado rural IBGE 2022,510260300046
510260305000086,5102603,Campinápolis,Aldeia Indígena Córregos dos Patos,IBGE Malha de Setores Censitários 2022 — atributos territoriais CD_BAIRRO/NM_BAIRRO e correlatos,Aglomerado rural IBGE 2022,510260300047
510260305000087,5102603,Campinápolis,Aldeia Indígena Santa Catarina,IBGE Malha de Setores Censitários 2022 — atributos territoriais CD_BAIRRO/NM_BAIRRO e correlatos,Aglomerado rural IBGE 2022,510260300048
510260305000088,5102603,Campinápolis,Aldeia Indígena Daritidze,IBGE Malha de Setores Censitários 2022 — atributos territoriais CD_BAIRRO/NM_BAIRRO e correlatos,Aglomerado rural IBGE 2022,510260300049
510260305000089,5102603,Campinápolis,Aldeia Indígena Rio Maria,IBGE Malha de Setores Censitários 2022 — atributos territoriais CD_BAIRRO/NM_BAIRRO e correlatos,Aglomerado rural IBGE 2022,510260300050
510260305000090,5102603,Campinápolis,Aldeia Indígena Mata Verde,IBGE Malha de Setores Censitários 2022 — atributos territoriais CD_BAIRRO/NM_BAIRRO e correlatos,Aglomerado rural IBGE 2022,510260300051
510260305000091,5102603,Campinápolis,Aldeia Indígena Tel-Aviv,IBGE Malha de Setores Censitários 2022 — atributos territoriais CD_BAIRRO/NM_BAIRRO e correlatos,Aglomerado rural IBGE 2022,510260300052
510260305000092,5102603,Campinápolis,Aldeia Indígena Luto Sagrado,IBGE Malha de Setores Censitários 2022 — atributos territoriais CD_BAIRRO/NM_BAIRRO e correlatos,Aglomerado rural IBGE 2022,510260300053
510260305000093,5102603,Campinápolis,Aldeia Indígena Buruwe,IBGE Malha de Setores Censitários 2022 — atributos territoriais CD_BAIRRO/NM_BAIRRO e correlatos,Aglomerado rural IBGE 2022,510260300054
510260305000094,5102603,Campinápolis,Aldeia Indígena Santa Rosa,IBGE Malha de Setores Censitários 2022 — atributos territoriais CD_BAIRRO/NM_BAIRRO e correlatos,Aglomerado rural IBGE 2022,510260300055
510260305000095,5102603,Campinápolis,Aldeia Indígena Tireripa,IBGE Malha de Setores Censitários 2022 — atributos territoriais CD_BAIRRO/NM_BAIRRO e correlatos,Aglomerado rural IBGE 2022,510260300056
510260305000096,5102603,Campinápolis,Aldeia Indígena Rooredzaodze,IBGE Malha de Setores Censitários 2022 — atributos territoriais CD_BAIRRO/NM_BAIRRO e correlatos,Aglomerado rural IBGE 2022,510260300057
510260305000097,5102603,Campinápolis,Aldeia Indígena São Mateus,IBGE Malha de Setores Censitários 2022 — atributos territoriais CD_BAIRRO/NM_BAIRRO e correlatos,Aglomerado rural IBGE 2022,510260300058
510260305000098,5102603,Campinápolis,Aldeia Indígena Teihidzatse,IBGE Malha de Setores Censitários 2022 — atributos territoriais CD_BAIRRO/NM_BAIRRO e correlatos,Aglomerado rural IBGE 2022,510260300059
510260305000099,5102603,Campinápolis,Aldeia Indígena Dez Mandamentos,IBGE Malha de Setores Censitários 2022 — atributos territoriais CD_BAIRRO/NM_BAIRRO e correlatos,Aglomerado rural IBGE 2022,510260300060
510260305000100,5102603,Campinápolis,Aldeia Indígena Madre Laura,IBGE Malha de Setores Censitários 2022 — atributos territoriais CD_BAIRRO/NM_BAIRRO e correlatos,Aglomerado rural IBGE 2022,510260300061
510260305000101,5102603,Campinápolis,Aldeia Indígena Três Reis Magos,IBGE Malha de Setores Censitários 2022 — atributos territoriais CD_BAIRRO/NM_BAIRRO e correlatos,Aglomerado rural IBGE 2022,510260300062
510260305000102,5102603,Campinápolis,Aldeia Indígena Corpo de Cristo,IBGE Malha de Setores Censitários 2022 — atributos territoriais CD_BAIRRO/NM_BAIRRO e correlatos,Aglomerado rural IBGE 2022,510260300063
510260305000103,5102603,Campinápolis,Aldeia Indígena Waratedewa,IBGE Malha de Setores Censitários 2022 — atributos territoriais CD_BAIRRO/NM_BAIRRO e correlatos,Aglomerado rural IBGE 2022,510260300064
510260305000105,5102603,Campinápolis,Aldeia Indígena Matrinchã,IBGE Malha de Setores Censitários 2022 — atributos territoriais CD_BAIRRO/NM_BAIRRO e correlatos,Aglomerado rural IBGE 2022,510260300065
510260305000106,5102603,Campinápolis,Aldeia Indígena Novo Paraíso,IBGE Malha de Setores Censitários 2022 — atributos territoriais CD_BAIRRO/NM_BAIRRO e correlatos,Aglomerado rural IBGE 2022,510260300007
510260305000107,5102603,Campinápolis,Aldeia Indígena Água Quente,IBGE Malha de Setores Censitários 2022 — atributos territoriais CD_BAIRRO/NM_BAIRRO e correlatos,Aglomerado rural IBGE 2022,510260300067
510260305000108,5102603,Campinápolis,Aldeia Indígena Campina,IBGE Malha de Setores Censitários 2022 — atributos territoriais CD_BAIRRO/NM_BAIRRO e correlatos,Aglomerado rural IBGE 2022,510260300004
510260305000109,5102603,Campinápolis,Aldeia Indígena Serrinha,IBGE Malha de Setores Censitários 2022 — atributos territoriais CD_BAIRRO/NM_BAIRRO e correlatos,Aglomerado rural IBGE 2022,510260300068
510260305000110,5102603,Campinápolis,Aldeia Indígena Santa Maria,IBGE Malha de Setores Censitários 2022 — atributos territoriais CD_BAIRRO/NM_BAIRRO e correlatos,Aglomerado rural IBGE 2022,510260300023
510260305000111,5102603,Campinápolis,Aldeia Indígena Deus é Amor / Três Marias,IBGE Malha de Setores Censitários 2022 — atributos territoriais CD_BAIRRO/NM_BAIRRO e correlatos,Aglomerado rural IBGE 2022,510260300069
510260305000113,5102603,Campinápolis,Aldeia Indígena Rio Piranhão,IBGE Malha de Setores Censitários 2022 — atributos territoriais CD_BAIRRO/NM_BAIRRO e correlatos,Aglomerado rural IBGE 2022,510260300070
510260305000114,5102603,Campinápolis,Aldeia Indígena Campos Belos,IBGE Malha de Setores Censitários 2022 — atributos territoriais CD_BAIRRO/NM_BAIRRO e correlatos,Aglomerado rural IBGE 2022,510260300071
510260305000115,5102603,Campinápolis,Aldeia Indígena Duteroi,IBGE Malha de Setores Censitários 2022 — atributos territoriais CD_BAIRRO/NM_BAIRRO e correlatos,Aglomerado rural IBGE 2022,510260300072
510260305000116,5102603,Campinápolis,Aldeia Indígena Capela,IBGE Malha de Setores Censitários 2022 — atributos territoriais CD_BAIRRO/NM_BAIRRO e correlatos,Aglomerado rural IBGE 2022,510260300073
510260305000118,5102603,Campinápolis,Aldeia Indígena Santa Fé,IBGE Malha de Setores Censitários 2022 — atributos territoriais CD_BAIRRO/NM_BAIRRO e correlatos,Aglomerado rural IBGE 2022,510260300074
510260305000119,5102603,Campinápolis,Aldeia Indígena Bela Vista,IBGE Malha de Setores Censitários 2022 — atributos territoriais CD_BAIRRO/NM_BAIRRO e correlatos,Aglomerado rural IBGE 2022,510260300075
510260305000120,5102603,Campinápolis,Aldeia Indígena Dzeiwahu,IBGE Malha de Setores Censitários 2022 — atributos territoriais CD_BAIRRO/NM_BAIRRO e correlatos,Aglomerado rural IBGE 2022,510260300076
510260305000121,5102603,Campinápolis,Aldeia Indígena Nova Canaã,IBGE Malha de Setores Censitários 2022 — atributos territoriais CD_BAIRRO/NM_BAIRRO e correlatos,Aglomerado rural IBGE 2022,510260300077
510260305000122,5102603,Campinápolis,Aldeia Indígena sem Denominação 1,IBGE Malha de Setores Censitários 2022 — atributos territoriais CD_BAIRRO/NM_BAIRRO e correlatos,Aglomerado rural IBGE 2022,510260300078
510260305000123,5102603,Campinápolis,Aldeia Indígena Salvador,IBGE Malha de Setores Censitários 2022 — atributos territoriais CD_BAIRRO/NM_BAIRRO e correlatos,Aglomerado rural IBGE 2022,510260300079
510260305000124,5102603,Campinápolis,Aldeia Indígena Tseredzatse,IBGE Malha de Setores Censitários 2022 — atributos territoriais CD_BAIRRO/NM_BAIRRO e correlatos,Aglomerado rural IBGE 2022,510260300080
510260305000126,5102603,Campinápolis,Aldeia Indígena Colina,IBGE Malha de Setores Censitários 2022 — atributos territoriais CD_BAIRRO/NM_BAIRRO e correlatos,Aglomerado rural IBGE 2022,510260300081
510260305000127,5102603,Campinápolis,Aldeia Indígena Panorama,IBGE Malha de Setores Censitários 2022 — atributos territoriais CD_BAIRRO/NM_BAIRRO e correlatos,Aglomerado rural IBGE 2022,510260300082
510260305000128,5102603,Campinápolis,Aldeia Indígena Querência,IBGE Malha de Setores Censitários 2022 — atributos territoriais CD_BAIRRO/NM_BAIRRO e correlatos,Aglomerado rural IBGE 2022,510260300083
510260305000129,5102603,Campinápolis,Aldeia Indígena Terra Santa,IBGE Malha de Setores Censitários 2022 — atributos territoriais CD_BAIRRO/NM_BAIRRO e correlatos,Aglomerado rural IBGE 2022,510260300084
510260305000130,5102603,Campinápolis,Aldeia Indígena Monte Pacoal/Serra Verde,IBGE Malha de Setores Censitários 2022 — atributos territoriais CD_BAIRRO/NM_BAIRRO e correlatos,Aglomerado rural IBGE 2022,510260300085
510260305000131,5102603,Campinápolis,Aldeia Indígena Santo Antônio,IBGE Malha de Setores Censitários 2022 — atributos territoriais CD_BAIRRO/NM_BAIRRO e correlatos,Aglomerado rural IBGE 2022,510260300086
510260305000132,5102603,Campinápolis,Aldeia Indígena Liderança,IBGE Malha de Setores Censitários 2022 — atributos territoriais CD_BAIRRO/NM_BAIRRO e correlatos,Aglomerado rural IBGE 2022,510260300087
510260305000133,5102603,Campinápolis,Aldeia Indígena Couto Magalhães,IBGE Malha de Setores Censitários 2022 — atributos territoriais CD_BAIRRO/NM_BAIRRO e correlatos,Aglomerado rural IBGE 2022,510260300088
510260305000134,5102603,Campinápolis,Aldeia Indígena Central,IBGE Malha de Setores Censitários 2022 — atributos territoriais CD_BAIRRO/NM_BAIRRO e correlatos,Aglomerado rural IBGE 2022,510260300089
510260305000135,5102603,Campinápolis,Aldeia Indígena São Gabriel,IBGE Malha de Setores Censitários 2022 — atributos territoriais CD_BAIRRO/NM_BAIRRO e correlatos,Aglomerado rural IBGE 2022,510260300090
510260305000136,5102603,Campinápolis,Aldeia Indígena Bom Jesus da Lapa,IBGE Malha de Setores Censitários 2022 — atributos territoriais CD_BAIRRO/NM_BAIRRO e correlatos,Aglomerado rural IBGE 2022,510260300091
510260305000142,5102603,Campinápolis,Aldeia Indígena Auwêupsibimédze,IBGE Malha de Setores Censitários 2022 — atributos territoriais CD_BAIRRO/NM_BAIRRO e correlatos,Aglomerado rural IBGE 2022,510260300092
510260305000143,5102603,Campinápolis,Aldeia Indígena Hu U Hi,IBGE Malha de Setores Censitários 2022 — atributos territoriais CD_BAIRRO/NM_BAIRRO e correlatos,Aglomerado rural IBGE 2022,510260300097
510260305000144,5102603,Campinápolis,Aldeia Indígena Rio das Tropas V,IBGE Malha de Setores Censitários 2022 — atributos territoriais CD_BAIRRO/NM_BAIRRO e correlatos,Aglomerado rural IBGE 2022,510260300093
510260305000145,5102603,Campinápolis,Aldeia Indígena Campos Do Jordão,IBGE Malha de Setores Censitários 2022 — atributos territoriais CD_BAIRRO/NM_BAIRRO e correlatos,Aglomerado rural IBGE 2022,510260300094
510260305000146,5102603,Campinápolis,Aldeia Indígena Betania,IBGE Malha de Setores Censitários 2022 — atributos territoriais CD_BAIRRO/NM_BAIRRO e correlatos,Aglomerado rural IBGE 2022,510260300095
510260305000147,5102603,Campinápolis,ALDEIA INDÍGENA SANTA BERTIOGA,IBGE Malha de Setores Censitários 2022 — atributos territoriais CD_BAIRRO/NM_BAIRRO e correlatos,Aglomerado rural IBGE 2022,510260300096
510260305000149,5102603,Campinápolis,ALDEIA INDÍGENA ASIA,IBGE Malha de Setores Censitários 2022 — atributos territoriais CD_BAIRRO/NM_BAIRRO e correlatos,Aglomerado rural IBGE 2022,510260300098
510260305000150,5102603,Campinápolis,Aldeia Indígena Itaquerè,IBGE Malha de Setores Censitários 2022 — atributos territoriais CD_BAIRRO/NM_BAIRRO e correlatos,Aglomerado rural IBGE 2022,510260300099
510260305000151,5102603,Campinápolis,Aldeia Indígena Goiânia,IBGE Malha de Setores Censitários 2022 — atributos territoriais CD_BAIRRO/NM_BAIRRO e correlatos,Aglomerado rural IBGE 2022,510260300100
510260305000152,5102603,Campinápolis,Aldeia Indígena São João Batista,IBGE Malha de Setores Censitários 2022 — atributos territoriais CD_BAIRRO/NM_BAIRRO e correlatos,Aglomerado rural IBGE 2022,510260300021
510260305000153,5102603,Campinápolis,Aldeia Indígena Moritu,IBGE Malha de Setores Censitários 2022 — atributos territoriais CD_BAIRRO/NM_BAIRRO e correlatos,Aglomerado rural IBGE 2022,510260300101
510260305000154,5102603,Campinápolis,Aldeia Indígena Vila Rica,IBGE Malha de Setores Censitários 2022 — atributos territoriais CD_BAIRRO/NM_BAIRRO e correlatos,Aglomerado rural IBGE 2022,510260300103
510260305000155,5102603,Campinápolis,Aldeia Indígena Wedepai Wairó,IBGE Malha de Setores Censitários 2022 — atributos territoriais CD_BAIRRO/NM_BAIRRO e correlatos,Aglomerado rural IBGE 2022,510260300104
510260305000156,5102603,Campinápolis,Aldeia Indígena Natal,IBGE Malha de Setores Censitários 2022 — atributos territoriais CD_BAIRRO/NM_BAIRRO e correlatos,Aglomerado rural IBGE 2022,510260300105
510260305000157,5102603,Campinápolis,Aldeia Indígena São Miguel,IBGE Malha de Setores Censitários 2022 — atributos territoriais CD_BAIRRO/NM_BAIRRO e correlatos,Aglomerado rural IBGE 2022,510260300106
510260305000159,5102603,Campinápolis,Aldeia Indígena Nossa Senhora Maria Nossa Mãe,IBGE Malha de Setores Censitários 2022 — atributos territoriais CD_BAIRRO/NM_BAIRRO e correlatos,Aglomerado rural IBGE 2022,510260300107
510260305000161,5102603,Campinápolis,aldeia indígena Novo Porto Alegre,IBGE Malha de Setores Censitários 2022 — atributos territoriais CD_BAIRRO/NM_BAIRRO e correlatos,Aglomerado rural IBGE 2022,510260300108
510260305000162,5102603,Campinápolis,aldeia indígena Novo Teihidzatse,IBGE Malha de Setores Censitários 2022 — atributos territoriais CD_BAIRRO/NM_BAIRRO e correlatos,Aglomerado rural IBGE 2022,510260300109
510260305000163,5102603,Campinápolis,aldeia indígena São Tiago,IBGE Malha de Setores Censitários 2022 — atributos territoriais CD_BAIRRO/NM_BAIRRO e correlatos,Aglomerado rural IBGE 2022,510260300110
510260305000164,5102603,Campinápolis,Aldeia Indígena São Francisco,IBGE Malha de Setores Censitários 2022 — atributos territoriais CD_BAIRRO/NM_BAIRRO e correlatos,Aglomerado rural IBGE 2022,510260300111
510260305000165,5102603,Campinápolis,aldeia indígena Vila Maria Santa,IBGE Malha de Setores Censitários 2022 — atributos territoriais CD_BAIRRO/NM_BAIRRO e correlatos,Aglomerado rural IBGE 2022,510260300113
510260305000167,5102603,Campinápolis,aldeia indígena Santa Rita de Cássia,IBGE Malha de Setores Censitários 2022 — atributos territoriais CD_BAIRRO/NM_BAIRRO e correlatos,Aglomerado rural IBGE 2022,510260300112
510260305000168,5102603,Campinápolis,Aldeia Indígena Nossa Senhora,IBGE Malha de Setores Censitários 2022 — atributos territoriais CD_BAIRRO/NM_BAIRRO e correlatos,Aglomerado rural IBGE 2022,510260300114
510260305000169,5102603,Campinápolis,Aldeia Indígena Lima Verde,IBGE Malha de Setores Censitários 2022 — atributos territoriais CD_BAIRRO/NM_BAIRRO e correlatos,Aglomerado rural IBGE 2022,510260300115
510260305000171,5102603,Campinápolis,Aldeia Indígena Kairos,IBGE Malha de Setores Censitários 2022 — atributos territoriais CD_BAIRRO/NM_BAIRRO e correlatos,Aglomerado rural IBGE 2022,510260300116
510260305000172,5102603,Campinápolis,Zé Viola,IBGE Malha de Setores Censitários 2022 — atributos territoriais CD_BAIRRO/NM_BAIRRO e correlatos,Bairro IBGE 2022,5102603006
510260305000173,5102603,Campinápolis,Amélio,IBGE Malha de Setores Censitários 2022 — atributos territoriais CD_BAIRRO/NM_BAIRRO e correlatos,Bairro IBGE 2022,5102603004
510260305000174,5102603,Campinápolis,Amélio,IBGE Malha de Setores Censitários 2022 — atributos territoriais CD_BAIRRO/NM_BAIRRO e correlatos,Bairro IBGE 2022,5102603004
510260315000001,5102603,Campinápolis,São José do Couto,IBGE Malha de Setores Censitários 2022 — atributos territoriais CD_BAIRRO/NM_BAIRRO e correlatos,Distrito IBGE 2022,510260315
510260315000002,5102603,Campinápolis,São José do Couto,IBGE Malha de Setores Censitários 2022 — atributos territoriais CD_BAIRRO/NM_BAIRRO e correlatos,Distrito IBGE 2022,510260315
510260315000003,5102603,Campinápolis,São José do Couto,IBGE Malha de Setores Censitários 2022 — atributos territoriais CD_BAIRRO/NM_BAIRRO e correlatos,Distrito IBGE 2022,510260315
510260315000004,5102603,Campinápolis,São José do Couto,IBGE Malha de Setores Censitários 2022 — atributos territoriais CD_BAIRRO/NM_BAIRRO e correlatos,Distrito IBGE 2022,510260315
510260315000018,5102603,Campinápolis,São José do Couto,IBGE Malha de Setores Censitários 2022 — atributos territoriais CD_BAIRRO/NM_BAIRRO e correlatos,Distrito IBGE 2022,510260315
510263705000001,5102637,Campo Novo do Parecis,Centro,IBGE Malha de Setores Censitários 2022 — atributos territoriais CD_BAIRRO/NM_BAIRRO e correlatos,Bairro IBGE 2022,5102637005
510263705000002,5102637,Campo Novo do Parecis,Centro,IBGE Malha de Setores Censitários 2022 — atributos territoriais CD_BAIRRO/NM_BAIRRO e correlatos,Bairro IBGE 2022,5102637005
510263705000003,5102637,Campo Novo do Parecis,Centro,IBGE Malha de Setores Censitários 2022 — atributos territoriais CD_BAIRRO/NM_BAIRRO e correlatos,Bairro IBGE 2022,5102637005
510263705000004,5102637,Campo Novo do Parecis,Centro,IBGE Malha de Setores Censitários 2022 — atributos territoriais CD_BAIRRO/NM_BAIRRO e correlatos,Bairro IBGE 2022,5102637005
510263705000005,5102637,Campo Novo do Parecis,Centro,IBGE Malha de Setores Censitários 2022 — atributos territoriais CD_BAIRRO/NM_BAIRRO e correlatos,Bairro IBGE 2022,5102637005
510263705000006,5102637,Campo Novo do Parecis,Centro,IBGE Malha de Setores Censitários 2022 — atributos territoriais CD_BAIRRO/NM_BAIRRO e correlatos,Bairro IBGE 2022,5102637005
510263705000007,5102637,Campo Novo do Parecis,Nossa Senhora Aparecida,IBGE Malha de Setores Censitários 2022 — atributos territoriais CD_BAIRRO/NM_BAIRRO e correlatos,Bairro IBGE 2022,5102637001
510263705000008,5102637,Campo Novo do Parecis,Nossa Senhora Aparecida,IBGE Malha de Setores Censitários 2022 — atributos territoriais CD_BAIRRO/NM_BAIRRO e correlatos,Bairro IBGE 2022,5102637001
510263705000009,5102637,Campo Novo do Parecis,Nossa Senhora Aparecida,IBGE Malha de Setores Censitários 2022 — atributos territoriais CD_BAIRRO/NM_BAIRRO e correlatos,Bairro IBGE 2022,5102637001
510263705000010,5102637,Campo Novo do Parecis,Nossa Senhora Aparecida,IBGE Malha de Setores Censitários 2022 — atributos territoriais CD_BAIRRO/NM_BAIRRO e correlatos,Bairro IBGE 2022,5102637001
510263705000012,5102637,Campo Novo do Parecis,Boa Esperança,IBGE Malha de Setores Censitários 2022 — atributos territoriais CD_BAIRRO/NM_BAIRRO e correlatos,Bairro IBGE 2022,5102637006
510263705000013,5102637,Campo Novo do Parecis,Boa Esperança,IBGE Malha de Setores Censitários 2022 — atributos territoriais CD_BAIRRO/NM_BAIRRO e correlatos,Bairro IBGE 2022,5102637006
510263705000014,5102637,Campo Novo do Parecis,Boa Esperança,IBGE Malha de Setores Censitários 2022 — atributos territoriais CD_BAIRRO/NM_BAIRRO e correlatos,Bairro IBGE 2022,5102637006
510263705000015,5102637,Campo Novo do Parecis,Boa Esperança,IBGE Malha de Setores Censitários 2022 — atributos territoriais CD_BAIRRO/NM_BAIRRO e correlatos,Bairro IBGE 2022,5102637006
510263705000016,5102637,Campo Novo do Parecis,Jardim Primavera,IBGE Malha de Setores Censitários 2022 — atributos territoriais CD_BAIRRO/NM_BAIRRO e correlatos,Bairro IBGE 2022,5102637007
510263705000017,5102637,Campo Novo do Parecis,Jardim Primavera,IBGE Malha de Setores Censitários 2022 — atributos territoriais CD_BAIRRO/NM_BAIRRO e correlatos,Bairro IBGE 2022,5102637007
510263705000018,5102637,Campo Novo do Parecis,Jardim das Palmeiras,IBGE Malha de Setores Censitários 2022 — atributos territoriais CD_BAIRRO/NM_BAIRRO e correlatos,Bairro IBGE 2022,5102637002
510263705000019,5102637,Campo Novo do Parecis,Jardim das Palmeiras,IBGE Malha de Setores Censitários 2022 — atributos territoriais CD_BAIRRO/NM_BAIRRO e correlatos,Bairro IBGE 2022,5102637002
510263705000020,5102637,Campo Novo do Parecis,Olenka,IBGE Malha de Setores Censitários 2022 — atributos territoriais CD_BAIRRO/NM_BAIRRO e correlatos,Bairro IBGE 2022,5102637003
510263705000022,5102637,Campo Novo do Parecis,Alvorada,IBGE Malha de Setores Censitários 2022 — atributos territoriais CD_BAIRRO/NM_BAIRRO e correlatos,Bairro IBGE 2022,5102637004
510263705000026,5102637,Campo Novo do Parecis,Aldeia Indígena Seringal / Cabeceira do Seringal 2,IBGE Malha de Setores Censitários 2022 — atributos territoriais CD_BAIRRO/NM_BAIRRO e correlatos,Aglomerado rural IBGE 2022,510263700002
510263705000027,5102637,Campo Novo do Parecis,Aldeia Indígena Chapada Azul,IBGE Malha de Setores Censitários 2022 — atributos territoriais CD_BAIRRO/NM_BAIRRO e correlatos,Aglomerado rural IBGE 2022,510263700003
510263705000028,5102637,Campo Novo do Parecis,Aldeia Indígena Bacaval,IBGE Malha de Setores Censitários 2022 — atributos territoriais CD_BAIRRO/NM_BAIRRO e correlatos,Aglomerado rural IBGE 2022,510263700004
510263705000031,5102637,Campo Novo do Parecis,Nossa Senhora Aparecida,IBGE Malha de Setores Censitários 2022 — atributos territoriais CD_BAIRRO/NM_BAIRRO e correlatos,Bairro IBGE 2022,5102637001
510263705000032,5102637,Campo Novo do Parecis,Nossa Senhora Aparecida,IBGE Malha de Setores Censitários 2022 — atributos territoriais CD_BAIRRO/NM_BAIRRO e correlatos,Bairro IBGE 2022,5102637001
510263705000033,5102637,Campo Novo do Parecis,Jardim das Palmeiras,IBGE Malha de Setores Censitários 2022 — atributos territoriais CD_BAIRRO/NM_BAIRRO e correlatos,Bairro IBGE 2022,5102637002
510263705000035,5102637,Campo Novo do Parecis,Jardim das Palmeiras,IBGE Malha de Setores Censitários 2022 — atributos territoriais CD_BAIRRO/NM_BAIRRO e correlatos,Bairro IBGE 2022,5102637002
510263705000036,5102637,Campo Novo do Parecis,Jardim das Palmeiras,IBGE Malha de Setores Censitários 2022 — atributos territoriais CD_BAIRRO/NM_BAIRRO e correlatos,Bairro IBGE 2022,5102637002
510263705000037,5102637,Campo Novo do Parecis,Alvorada,IBGE Malha de Setores Censitários 2022 — atributos territoriais CD_BAIRRO/NM_BAIRRO e correlatos,Bairro IBGE 2022,5102637004
510263705000038,5102637,Campo Novo do Parecis,Jardim das Palmeiras,IBGE Malha de Setores Censitários 2022 — atributos territoriais CD_BAIRRO/NM_BAIRRO e correlatos,Bairro IBGE 2022,5102637002
510263705000040,5102637,Campo Novo do Parecis,Jardim das Palmeiras,IBGE Malha de Setores Censitários 2022 — atributos territoriais CD_BAIRRO/NM_BAIRRO e correlatos,Bairro IBGE 2022,5102637002
510263705000041,5102637,Campo Novo do Parecis,Jardim das Palmeiras,IBGE Malha de Setores Censitários 2022 — atributos territoriais CD_BAIRRO/NM_BAIRRO e correlatos,Bairro IBGE 2022,5102637002
510263705000042,5102637,Campo Novo do Parecis,Jardim das Palmeiras,IBGE Malha de Setores Censitários 2022 — atributos territoriais CD_BAIRRO/NM_BAIRRO e correlatos,Bairro IBGE 2022,5102637002
510263705000043,5102637,Campo Novo do Parecis,Jardim das Palmeiras,IBGE Malha de Setores Censitários 2022 — atributos territoriais CD_BAIRRO/NM_BAIRRO e correlatos,Bairro IBGE 2022,5102637002
510263705000044,5102637,Campo Novo do Parecis,Olenka,IBGE Malha de Setores Censitários 2022 — atributos territoriais CD_BAIRRO/NM_BAIRRO e correlatos,Bairro IBGE 2022,5102637003
510263705000046,5102637,Campo Novo do Parecis,Nossa Senhora Aparecida,IBGE Malha de Setores Censitários 2022 — atributos territoriais CD_BAIRRO/NM_BAIRRO e correlatos,Bairro IBGE 2022,5102637001
510263705000054,5102637,Campo Novo do Parecis,Aldeia Indígena Quatro Cachoeira,IBGE Malha de Setores Censitários 2022 — atributos territoriais CD_BAIRRO/NM_BAIRRO e correlatos,Aglomerado rural IBGE 2022,510263700010
510263705000055,5102637,Campo Novo do Parecis,Alvorada,IBGE Malha de Setores Censitários 2022 — atributos territoriais CD_BAIRRO/NM_BAIRRO e correlatos,Bairro IBGE 2022,5102637004
510263705000056,5102637,Campo Novo do Parecis,Alvorada,IBGE Malha de Setores Censitários 2022 — atributos territoriais CD_BAIRRO/NM_BAIRRO e correlatos,Bairro IBGE 2022,5102637004
510263705000057,5102637,Campo Novo do Parecis,Jardim das Palmeiras,IBGE Malha de Setores Censitários 2022 — atributos territoriais CD_BAIRRO/NM_BAIRRO e correlatos,Bairro IBGE 2022,5102637002
510263705000058,5102637,Campo Novo do Parecis,Jardim das Palmeiras,IBGE Malha de Setores Censitários 2022 — atributos territoriais CD_BAIRRO/NM_BAIRRO e correlatos,Bairro IBGE 2022,5102637002
510263705000060,5102637,Campo Novo do Parecis,Aldeia Indígena Wazare,IBGE Malha de Setores Censitários 2022 — atributos territoriais CD_BAIRRO/NM_BAIRRO e correlatos,Aglomerado rural IBGE 2022,510263700015
510263715000001,5102637,Campo Novo do Parecis,Itanorte,IBGE Malha de Setores Censitários 2022 — atributos territoriais CD_BAIRRO/NM_BAIRRO e correlatos,Distrito IBGE 2022,510263715
510263715000002,5102637,Campo Novo do Parecis,Itanorte,IBGE Malha de Setores Censitários 2022 — atributos territoriais CD_BAIRRO/NM_BAIRRO e correlatos,Distrito IBGE 2022,510263715
510263715000003,5102637,Campo Novo do Parecis,Itanorte,IBGE Malha de Setores Censitários 2022 — atributos territoriais CD_BAIRRO/NM_BAIRRO e correlatos,Distrito IBGE 2022,510263715
510263715000004,5102637,Campo Novo do Parecis,Itanorte,IBGE Malha de Setores Censitários 2022 — atributos territoriais CD_BAIRRO/NM_BAIRRO e correlatos,Distrito IBGE 2022,510263715
510263720000001,5102637,Campo Novo do Parecis,Marechal Rondon,IBGE Malha de Setores Censitários 2022 — atributos territoriais CD_BAIRRO/NM_BAIRRO e correlatos,Distrito IBGE 2022,510263720
510263720000002,5102637,Campo Novo do Parecis,Marechal Rondon,IBGE Malha de Setores Censitários 2022 — atributos territoriais CD_BAIRRO/NM_BAIRRO e correlatos,Distrito IBGE 2022,510263720
510263720000004,5102637,Campo Novo do Parecis,Aldeia Indígena Sacre II,IBGE Malha de Setores Censitários 2022 — atributos territoriais CD_BAIRRO/NM_BAIRRO e correlatos,Aglomerado rural IBGE 2022,510263700005
510263720000005,5102637,Campo Novo do Parecis,Marechal Rondon,IBGE Malha de Setores Censitários 2022 — atributos territoriais CD_BAIRRO/NM_BAIRRO e correlatos,Distrito IBGE 2022,510263720
510263720000006,5102637,Campo Novo do Parecis,Marechal Rondon,IBGE Malha de Setores Censitários 2022 — atributos territoriais CD_BAIRRO/NM_BAIRRO e correlatos,Distrito IBGE 2022,510263720
510263720000007,5102637,Campo Novo do Parecis,Marechal Rondon,IBGE Malha de Setores Censitários 2022 — atributos territoriais CD_BAIRRO/NM_BAIRRO e correlatos,Distrito IBGE 2022,510263720
510263720000008,5102637,Campo Novo do Parecis,Aldeia Indígena Morrinho,IBGE Malha de Setores Censitários 2022 — atributos territoriais CD_BAIRRO/NM_BAIRRO e correlatos,Aglomerado rural IBGE 2022,510263700011
510263720000009,5102637,Campo Novo do Parecis,Aldeia Indígena Bacaiuval,IBGE Malha de Setores Censitários 2022 — atributos territoriais CD_BAIRRO/NM_BAIRRO e correlatos,Aglomerado rural IBGE 2022,510263700012
510263720000010,5102637,Campo Novo do Parecis,Aldeia Indígena Utiariti,IBGE Malha de Setores Censitários 2022 — atributos territoriais CD_BAIRRO/NM_BAIRRO e correlatos,Aglomerado rural IBGE 2022,510263700013
510263720000011,5102637,Campo Novo do Parecis,Aldeia Indígena Sacre 2,IBGE Malha de Setores Censitários 2022 — atributos territoriais CD_BAIRRO/NM_BAIRRO e correlatos,Aglomerado rural IBGE 2022,510263700014
510267805000001,5102678,Campo Verde,Centro,IBGE Malha de Setores Censitários 2022 — atributos territoriais CD_BAIRRO/NM_BAIRRO e correlatos,Bairro IBGE 2022,5102678001
510267805000002,5102678,Campo Verde,Centro,IBGE Malha de Setores Censitários 2022 — atributos territoriais CD_BAIRRO/NM_BAIRRO e correlatos,Bairro IBGE 2022,5102678001
510267805000003,5102678,Campo Verde,Centro,IBGE Malha de Setores Censitários 2022 — atributos territoriais CD_BAIRRO/NM_BAIRRO e correlatos,Bairro IBGE 2022,5102678001
510267805000004,5102678,Campo Verde,Centro,IBGE Malha de Setores Censitários 2022 — atributos territoriais CD_BAIRRO/NM_BAIRRO e correlatos,Bairro IBGE 2022,5102678001
510267805000005,5102678,Campo Verde,Centro,IBGE Malha de Setores Censitários 2022 — atributos territoriais CD_BAIRRO/NM_BAIRRO e correlatos,Bairro IBGE 2022,5102678001
510267805000006,5102678,Campo Verde,Centro,IBGE Malha de Setores Censitários 2022 — atributos territoriais CD_BAIRRO/NM_BAIRRO e correlatos,Bairro IBGE 2022,5102678001
510267805000007,5102678,Campo Verde,Jardim Campo Verde,IBGE Malha de Setores Censitários 2022 — atributos territoriais CD_BAIRRO/NM_BAIRRO e correlatos,Bairro IBGE 2022,5102678002
510267805000008,5102678,Campo Verde,Jardim Campo Verde,IBGE Malha de Setores Censitários 2022 — atributos territoriais CD_BAIRRO/NM_BAIRRO e correlatos,Bairro IBGE 2022,5102678002
510267805000009,5102678,Campo Verde,Jardim Campo Verde,IBGE Malha de Setores Censitários 2022 — atributos territoriais CD_BAIRRO/NM_BAIRRO e correlatos,Bairro IBGE 2022,5102678002
510267805000010,5102678,Campo Verde,São Lourenço,IBGE Malha de Setores Censitários 2022 — atributos territoriais CD_BAIRRO/NM_BAIRRO e correlatos,Bairro IBGE 2022,5102678003
510267805000011,5102678,Campo Verde,São Lourenço,IBGE Malha de Setores Censitários 2022 — atributos territoriais CD_BAIRRO/NM_BAIRRO e correlatos,Bairro IBGE 2022,5102678003
510267805000012,5102678,Campo Verde,São Lourenço,IBGE Malha de Setores Censitários 2022 — atributos territoriais CD_BAIRRO/NM_BAIRRO e correlatos,Bairro IBGE 2022,5102678003
510267805000013,5102678,Campo Verde,São Lourenço,IBGE Malha de Setores Censitários 2022 — atributos territoriais CD_BAIRRO/NM_BAIRRO e correlatos,Bairro IBGE 2022,5102678003
510267805000015,5102678,Campo Verde,Jupiara,IBGE Malha de Setores Censitários 2022 — atributos territoriais CD_BAIRRO/NM_BAIRRO e correlatos,Bairro IBGE 2022,5102678004
510267805000016,5102678,Campo Verde,Jupiara,IBGE Malha de Setores Censitários 2022 — atributos territoriais CD_BAIRRO/NM_BAIRRO e correlatos,Bairro IBGE 2022,5102678004
510267805000017,5102678,Campo Verde,Jupiara,IBGE Malha de Setores Censitários 2022 — atributos territoriais CD_BAIRRO/NM_BAIRRO e correlatos,Bairro IBGE 2022,5102678004
510267805000018,5102678,Campo Verde,Jupiara,IBGE Malha de Setores Censitários 2022 — atributos territoriais CD_BAIRRO/NM_BAIRRO e correlatos,Bairro IBGE 2022,5102678004
510267805000021,5102678,Campo Verde,Vale do Sol,IBGE Malha de Setores Censitários 2022 — atributos territoriais CD_BAIRRO/NM_BAIRRO e correlatos,Bairro IBGE 2022,5102678005
510267805000028,5102678,Campo Verde,Centro,IBGE Malha de Setores Censitários 2022 — atributos territoriais CD_BAIRRO/NM_BAIRRO e correlatos,Bairro IBGE 2022,5102678001
510267805000029,5102678,Campo Verde,Centro,IBGE Malha de Setores Censitários 2022 — atributos territoriais CD_BAIRRO/NM_BAIRRO e correlatos,Bairro IBGE 2022,5102678001
510267805000030,5102678,Campo Verde,Jardim Campo Verde,IBGE Malha de Setores Censitários 2022 — atributos territoriais CD_BAIRRO/NM_BAIRRO e correlatos,Bairro IBGE 2022,5102678002
510267805000031,5102678,Campo Verde,São Lourenço,IBGE Malha de Setores Censitários 2022 — atributos territoriais CD_BAIRRO/NM_BAIRRO e correlatos,Bairro IBGE 2022,5102678003
510267805000032,5102678,Campo Verde,São Lourenço,IBGE Malha de Setores Censitários 2022 — atributos territoriais CD_BAIRRO/NM_BAIRRO e correlatos,Bairro IBGE 2022,5102678003
510267805000033,5102678,Campo Verde,São Lourenço,IBGE Malha de Setores Censitários 2022 — atributos territoriais CD_BAIRRO/NM_BAIRRO e correlatos,Bairro IBGE 2022,5102678003
510267805000034,5102678,Campo Verde,São Lourenço,IBGE Malha de Setores Censitários 2022 — atributos territoriais CD_BAIRRO/NM_BAIRRO e correlatos,Bairro IBGE 2022,5102678003
510267805000036,5102678,Campo Verde,Jupiara,IBGE Malha de Setores Censitários 2022 — atributos territoriais CD_BAIRRO/NM_BAIRRO e correlatos,Bairro IBGE 2022,5102678004
510267805000037,5102678,Campo Verde,Vale do Sol,IBGE Malha de Setores Censitários 2022 — atributos territoriais CD_BAIRRO/NM_BAIRRO e correlatos,Bairro IBGE 2022,5102678005
510267805000054,5102678,Campo Verde,Agrovila do PA Borges,IBGE Malha de Setores Censitários 2022 — atributos territoriais CD_BAIRRO/NM_BAIRRO e correlatos,Aglomerado rural IBGE 2022,510267800001
510267805000056,5102678,Campo Verde,Agrovila do PA João Ponce de Arruda,IBGE Malha de Setores Censitários 2022 — atributos territoriais CD_BAIRRO/NM_BAIRRO e correlatos,Aglomerado rural IBGE 2022,510267800002
510267805000103,5102678,Campo Verde,Aglomerado Rural Fazenda Tucano,IBGE Malha de Setores Censitários 2022 — atributos territoriais CD_BAIRRO/NM_BAIRRO e correlatos,Aglomerado rural IBGE 2022,510267800004
510267810000001,5102678,Campo Verde,Coronel Ponce,IBGE Malha de Setores Censitários 2022 — atributos territoriais CD_BAIRRO/NM_BAIRRO e correlatos,Distrito IBGE 2022,510267810
510267810000003,5102678,Campo Verde,Coronel Ponce,IBGE Malha de Setores Censitários 2022 — atributos territoriais CD_BAIRRO/NM_BAIRRO e correlatos,Distrito IBGE 2022,510267810
510267810000004,5102678,Campo Verde,Coronel Ponce,IBGE Malha de Setores Censitários 2022 — atributos territoriais CD_BAIRRO/NM_BAIRRO e correlatos,Distrito IBGE 2022,510267810
510268605000005,5102686,Campos de Júlio,Destilaria Alcomat,IBGE Malha de Setores Censitários 2022 — atributos territoriais CD_BAIRRO/NM_BAIRRO e correlatos,Aglomerado rural IBGE 2022,510268600001
510268605000029,5102686,Campos de Júlio,Aldeia Indígena Uirapuru,IBGE Malha de Setores Censitários 2022 — atributos territoriais CD_BAIRRO/NM_BAIRRO e correlatos,Aglomerado rural IBGE 2022,510268600002
510269405000013,5102694,Canabrava do Norte,Agrovila do PA Primavera do Fontoura,IBGE Malha de Setores Censitários 2022 — atributos territoriais CD_BAIRRO/NM_BAIRRO e correlatos,Aglomerado rural IBGE 2022,510269400001
510269405000019,5102694,Canabrava do Norte,Aldeia Indígena Krehele / Krenrehe / Rio Preto,IBGE Malha de Setores Censitários 2022 — atributos territoriais CD_BAIRRO/NM_BAIRRO e correlatos,Aglomerado rural IBGE 2022,510269400003
510270205000017,5102702,Canarana,Aldeia Indígena Caçula,IBGE Malha de Setores Censitários 2022 — atributos territoriais CD_BAIRRO/NM_BAIRRO e correlatos,Aglomerado rural IBGE 2022,510270200005
510270205000018,5102702,Canarana,Aldeia Indígena Belém,IBGE Malha de Setores Censitários 2022 — atributos territoriais CD_BAIRRO/NM_BAIRRO e correlatos,Aglomerado rural IBGE 2022,510270200007
510270205000021,5102702,Canarana,Culuene,IBGE Malha de Setores Censitários 2022 — atributos territoriais CD_BAIRRO/NM_BAIRRO e correlatos,Aglomerado rural IBGE 2022,510270200008
510270205000025,5102702,Canarana,Matinha,IBGE Malha de Setores Censitários 2022 — atributos territoriais CD_BAIRRO/NM_BAIRRO e correlatos,Aglomerado rural IBGE 2022,510270200002
510270205000026,5102702,Canarana,Serra Dourada,IBGE Malha de Setores Censitários 2022 — atributos territoriais CD_BAIRRO/NM_BAIRRO e correlatos,Aglomerado rural IBGE 2022,510270200001
510270205000028,5102702,Canarana,Aldeia Indígena Tanguro,IBGE Malha de Setores Censitários 2022 — atributos territoriais CD_BAIRRO/NM_BAIRRO e correlatos,Aglomerado rural IBGE 2022,510270200006
510270205000038,5102702,Canarana,Vila Garapu,IBGE Malha de Setores Censitários 2022 — atributos territoriais CD_BAIRRO/NM_BAIRRO e correlatos,Aglomerado rural IBGE 2022,510270200009
510270205000053,5102702,Canarana,Agrovila do PA Canarana,IBGE Malha de Setores Censitários 2022 — atributos territoriais CD_BAIRRO/NM_BAIRRO e correlatos,Aglomerado rural IBGE 2022,510270200010
510270205000062,5102702,Canarana,Aldeia Indígena Ajuaga Culuene,IBGE Malha de Setores Censitários 2022 — atributos territoriais CD_BAIRRO/NM_BAIRRO e correlatos,Aglomerado rural IBGE 2022,510270200011
510270205000063,5102702,Canarana,Aldeia Indígena Lago Azul,IBGE Malha de Setores Censitários 2022 — atributos territoriais CD_BAIRRO/NM_BAIRRO e correlatos,Aglomerado rural IBGE 2022,510270200012
510270205000064,5102702,Canarana,Aldeia Indígena Aldeia Tehugungu (Pedra) / Tehugungu Pedra,IBGE Malha de Setores Censitários 2022 — atributos territoriais CD_BAIRRO/NM_BAIRRO e correlatos,Aglomerado rural IBGE 2022,510270200013
510270205000066,5102702,Canarana,Aldeia Indígena Santa Cruz,IBGE Malha de Setores Censitários 2022 — atributos territoriais CD_BAIRRO/NM_BAIRRO e correlatos,Aglomerado rural IBGE 2022,510270200014
510270205000070,5102702,Canarana,Aldeia Indígena Pequi,IBGE Malha de Setores Censitários 2022 — atributos territoriais CD_BAIRRO/NM_BAIRRO e correlatos,Aglomerado rural IBGE 2022,510270200015
510270205000071,5102702,Canarana,Aldeia indígena Wedeze,IBGE Malha de Setores Censitários 2022 — atributos territoriais CD_BAIRRO/NM_BAIRRO e correlatos,Aglomerado rural IBGE 2022,510270200016
510270205000072,5102702,Canarana,Aldeia Indígena Novo Paraíso,IBGE Malha de Setores Censitários 2022 — atributos territoriais CD_BAIRRO/NM_BAIRRO e correlatos,Aglomerado rural IBGE 2022,510270200017
510270205000073,5102702,Canarana,Aldeia Indígena Santa Matinha,IBGE Malha de Setores Censitários 2022 — atributos territoriais CD_BAIRRO/NM_BAIRRO e correlatos,Aglomerado rural IBGE 2022,510270200018
510270205000074,5102702,Canarana,Aldeia Indígena Atsereré,IBGE Malha de Setores Censitários 2022 — atributos territoriais CD_BAIRRO/NM_BAIRRO e correlatos,Aglomerado rural IBGE 2022,510270200019
510270205000075,5102702,Canarana,Aldeia Indígena São Joaquim,IBGE Malha de Setores Censitários 2022 — atributos territoriais CD_BAIRRO/NM_BAIRRO e correlatos,Aglomerado rural IBGE 2022,510270200020
510270205000076,5102702,Canarana,Aldeia Indígena Reata,IBGE Malha de Setores Censitários 2022 — atributos territoriais CD_BAIRRO/NM_BAIRRO e correlatos,Aglomerado rural IBGE 2022,510270200021
510270205000077,5102702,Canarana,Aldeia Indígena Canoa,IBGE Malha de Setores Censitários 2022 — atributos territoriais CD_BAIRRO/NM_BAIRRO e correlatos,Aglomerado rural IBGE 2022,510270200022
510270205000083,5102702,Canarana,Aldeia Indígena Bela Vista,IBGE Malha de Setores Censitários 2022 — atributos territoriais CD_BAIRRO/NM_BAIRRO e correlatos,Aglomerado rural IBGE 2022,510270200023
510279305000001,5102793,Carlinda,Centro,IBGE Malha de Setores Censitários 2022 — atributos territoriais CD_BAIRRO/NM_BAIRRO e correlatos,Bairro IBGE 2022,5102793001
510279305000003,5102793,Carlinda,Bom Jesus,IBGE Malha de Setores Censitários 2022 — atributos territoriais CD_BAIRRO/NM_BAIRRO e correlatos,Bairro IBGE 2022,5102793003
510279305000004,5102793,Carlinda,Santa Terezinha,IBGE Malha de Setores Censitários 2022 — atributos territoriais CD_BAIRRO/NM_BAIRRO e correlatos,Bairro IBGE 2022,5102793006
510279305000005,5102793,Carlinda,Bom Jesus,IBGE Malha de Setores Censitários 2022 — atributos territoriais CD_BAIRRO/NM_BAIRRO e correlatos,Bairro IBGE 2022,5102793003
510279305000006,5102793,Carlinda,Boa Vista,IBGE Malha de Setores Censitários 2022 — atributos territoriais CD_BAIRRO/NM_BAIRRO e correlatos,Bairro IBGE 2022,5102793005
510279305000007,5102793,Carlinda,Boa Vista,IBGE Malha de Setores Censitários 2022 — atributos territoriais CD_BAIRRO/NM_BAIRRO e correlatos,Bairro IBGE 2022,5102793005
510279305000009,5102793,Carlinda,Comunidade Del Rey,IBGE Malha de Setores Censitários 2022 — atributos territoriais CD_BAIRRO/NM_BAIRRO e correlatos,Aglomerado rural IBGE 2022,510279300001
510279305000031,5102793,Carlinda,Cristo Rey,IBGE Malha de Setores Censitários 2022 — atributos territoriais CD_BAIRRO/NM_BAIRRO e correlatos,Bairro IBGE 2022,5102793004
510279305000032,5102793,Carlinda,Santa Terezinha,IBGE Malha de Setores Censitários 2022 — atributos territoriais CD_BAIRRO/NM_BAIRRO e correlatos,Bairro IBGE 2022,5102793006
510279305000033,5102793,Carlinda,Boa Esperança,IBGE Malha de Setores Censitários 2022 — atributos territoriais CD_BAIRRO/NM_BAIRRO e correlatos,Bairro IBGE 2022,5102793002
510279305000037,5102793,Carlinda,Centro,IBGE Malha de Setores Censitários 2022 — atributos territoriais CD_BAIRRO/NM_BAIRRO e correlatos,Bairro IBGE 2022,5102793001
510279305000038,5102793,Carlinda,Centro,IBGE Malha de Setores Censitários 2022 — atributos territoriais CD_BAIRRO/NM_BAIRRO e correlatos,Bairro IBGE 2022,5102793001
510279305000040,5102793,Carlinda,Comunidade Santa Lúcia,IBGE Malha de Setores Censitários 2022 — atributos territoriais CD_BAIRRO/NM_BAIRRO e correlatos,Aglomerado rural IBGE 2022,510279300002
510285005000002,5102850,Castanheira,Noga,IBGE Malha de Setores Censitários 2022 — atributos territoriais CD_BAIRRO/NM_BAIRRO e correlatos,Bairro IBGE 2022,5102850005
510285005000003,5102850,Castanheira,Noga,IBGE Malha de Setores Censitários 2022 — atributos territoriais CD_BAIRRO/NM_BAIRRO e correlatos,Bairro IBGE 2022,5102850005
510285005000004,5102850,Castanheira,Centro,IBGE Malha de Setores Censitários 2022 — atributos territoriais CD_BAIRRO/NM_BAIRRO e correlatos,Bairro IBGE 2022,5102850001
510285005000005,5102850,Castanheira,Centro,IBGE Malha de Setores Censitários 2022 — atributos territoriais CD_BAIRRO/NM_BAIRRO e correlatos,Bairro IBGE 2022,5102850001
510285005000006,5102850,Castanheira,Centro,IBGE Malha de Setores Censitários 2022 — atributos territoriais CD_BAIRRO/NM_BAIRRO e correlatos,Bairro IBGE 2022,5102850001
510285005000007,5102850,Castanheira,Santa Rita,IBGE Malha de Setores Censitários 2022 — atributos territoriais CD_BAIRRO/NM_BAIRRO e correlatos,Bairro IBGE 2022,5102850002
510285005000008,5102850,Castanheira,Santa Rita,IBGE Malha de Setores Censitários 2022 — atributos territoriais CD_BAIRRO/NM_BAIRRO e correlatos,Bairro IBGE 2022,5102850002
510285005000009,5102850,Castanheira,Guadalupe,IBGE Malha de Setores Censitários 2022 — atributos territoriais CD_BAIRRO/NM_BAIRRO e correlatos,Bairro IBGE 2022,5102850003
510285005000010,5102850,Castanheira,Guadalupe,IBGE Malha de Setores Censitários 2022 — atributos territoriais CD_BAIRRO/NM_BAIRRO e correlatos,Bairro IBGE 2022,5102850003
510285005000011,5102850,Castanheira,Guadalupe,IBGE Malha de Setores Censitários 2022 — atributos territoriais CD_BAIRRO/NM_BAIRRO e correlatos,Bairro IBGE 2022,5102850003
510285005000012,5102850,Castanheira,Santo Antônio,IBGE Malha de Setores Censitários 2022 — atributos territoriais CD_BAIRRO/NM_BAIRRO e correlatos,Bairro IBGE 2022,5102850004
510285005000013,5102850,Castanheira,Santo Antônio,IBGE Malha de Setores Censitários 2022 — atributos territoriais CD_BAIRRO/NM_BAIRRO e correlatos,Bairro IBGE 2022,5102850004
510285005000014,5102850,Castanheira,Santo Antônio,IBGE Malha de Setores Censitários 2022 — atributos territoriais CD_BAIRRO/NM_BAIRRO e correlatos,Bairro IBGE 2022,5102850004
510285005000034,5102850,Castanheira,Agrovila do PA Vale do Seringal,IBGE Malha de Setores Censitários 2022 — atributos territoriais CD_BAIRRO/NM_BAIRRO e correlatos,Aglomerado rural IBGE 2022,510285000001
510300705000032,5103007,Chapada dos Guimarães,João Carro,IBGE Malha de Setores Censitários 2022 — atributos territoriais CD_BAIRRO/NM_BAIRRO e correlatos,Aglomerado rural IBGE 2022,510300700001
510300705000033,5103007,Chapada dos Guimarães,Comunidade Quilombola Cachoeira Rica,IBGE Malha de Setores Censitários 2022 — atributos territoriais CD_BAIRRO/NM_BAIRRO e correlatos,Aglomerado rural IBGE 2022,510300700002
510300705000052,5103007,Chapada dos Guimarães,Aglomerado Rural Paraíso do Manso,IBGE Malha de Setores Censitários 2022 — atributos territoriais CD_BAIRRO/NM_BAIRRO e correlatos,Aglomerado rural IBGE 2022,510300700005
510300705000054,5103007,Chapada dos Guimarães,Comunidade Quilombola Lagoinha de Baixo,IBGE Malha de Setores Censitários 2022 — atributos territoriais CD_BAIRRO/NM_BAIRRO e correlatos,Aglomerado rural IBGE 2022,510300700007
510300705000056,5103007,Chapada dos Guimarães,Malai Manso,IBGE Malha de Setores Censitários 2022 — atributos territoriais CD_BAIRRO/NM_BAIRRO e correlatos,Núcleo urbano IBGE 2022,5103007001
510300710000001,5103007,Chapada dos Guimarães,Água Fria,IBGE Malha de Setores Censitários 2022 — atributos territoriais CD_BAIRRO/NM_BAIRRO e correlatos,Distrito IBGE 2022,510300710
510300710000002,5103007,Chapada dos Guimarães,Água Fria,IBGE Malha de Setores Censitários 2022 — atributos territoriais CD_BAIRRO/NM_BAIRRO e correlatos,Distrito IBGE 2022,510300710
510300710000003,5103007,Chapada dos Guimarães,Água Fria,IBGE Malha de Setores Censitários 2022 — atributos territoriais CD_BAIRRO/NM_BAIRRO e correlatos,Distrito IBGE 2022,510300710
510300710000004,5103007,Chapada dos Guimarães,Água Fria,IBGE Malha de Setores Censitários 2022 — atributos territoriais CD_BAIRRO/NM_BAIRRO e correlatos,Distrito IBGE 2022,510300710
510300710000005,5103007,Chapada dos Guimarães,Água Fria,IBGE Malha de Setores Censitários 2022 — atributos territoriais CD_BAIRRO/NM_BAIRRO e correlatos,Distrito IBGE 2022,510300710
510300710000006,5103007,Chapada dos Guimarães,Água Fria,IBGE Malha de Setores Censitários 2022 — atributos territoriais CD_BAIRRO/NM_BAIRRO e correlatos,Distrito IBGE 2022,510300710
510300710000008,5103007,Chapada dos Guimarães,Água Fria,IBGE Malha de Setores Censitários 2022 — atributos territoriais CD_BAIRRO/NM_BAIRRO e correlatos,Distrito IBGE 2022,510300710
510300710000009,5103007,Chapada dos Guimarães,Água Fria,IBGE Malha de Setores Censitários 2022 — atributos territoriais CD_BAIRRO/NM_BAIRRO e correlatos,Distrito IBGE 2022,510300710
510300710000010,5103007,Chapada dos Guimarães,Água Fria,IBGE Malha de Setores Censitários 2022 — atributos territoriais CD_BAIRRO/NM_BAIRRO e correlatos,Distrito IBGE 2022,510300710
510300710000011,5103007,Chapada dos Guimarães,K & N House Manso,IBGE Malha de Setores Censitários 2022 — atributos territoriais CD_BAIRRO/NM_BAIRRO e correlatos,Núcleo urbano IBGE 2022,5103007002
510300720000001,5103007,Chapada dos Guimarães,Rio da Casca,IBGE Malha de Setores Censitários 2022 — atributos territoriais CD_BAIRRO/NM_BAIRRO e correlatos,Distrito IBGE 2022,510300720
510300720000002,5103007,Chapada dos Guimarães,Rio da Casca,IBGE Malha de Setores Censitários 2022 — atributos territoriais CD_BAIRRO/NM_BAIRRO e correlatos,Distrito IBGE 2022,510300720
510300720000004,5103007,Chapada dos Guimarães,Rio da Casca,IBGE Malha de Setores Censitários 2022 — atributos territoriais CD_BAIRRO/NM_BAIRRO e correlatos,Distrito IBGE 2022,510300720
510300720000005,5103007,Chapada dos Guimarães,Rio da Casca,IBGE Malha de Setores Censitários 2022 — atributos territoriais CD_BAIRRO/NM_BAIRRO e correlatos,Distrito IBGE 2022,510300720
510300720000006,5103007,Chapada dos Guimarães,Rio da Casca,IBGE Malha de Setores Censitários 2022 — atributos territoriais CD_BAIRRO/NM_BAIRRO e correlatos,Distrito IBGE 2022,510300720
510300720000007,5103007,Chapada dos Guimarães,Rio da Casca,IBGE Malha de Setores Censitários 2022 — atributos territoriais CD_BAIRRO/NM_BAIRRO e correlatos,Distrito IBGE 2022,510300720
510300720000008,5103007,Chapada dos Guimarães,Rio da Casca,IBGE Malha de Setores Censitários 2022 — atributos territoriais CD_BAIRRO/NM_BAIRRO e correlatos,Distrito IBGE 2022,510300720
510300720000011,5103007,Chapada dos Guimarães,Rio da Casca,IBGE Malha de Setores Censitários 2022 — atributos territoriais CD_BAIRRO/NM_BAIRRO e correlatos,Distrito IBGE 2022,510300720
510300720000012,5103007,Chapada dos Guimarães,Rio da Casca,IBGE Malha de Setores Censitários 2022 — atributos territoriais CD_BAIRRO/NM_BAIRRO e correlatos,Distrito IBGE 2022,510300720
510300720000013,5103007,Chapada dos Guimarães,Comunidade Quilombola Mata Grande,IBGE Malha de Setores Censitários 2022 — atributos territoriais CD_BAIRRO/NM_BAIRRO e correlatos,Aglomerado rural IBGE 2022,510300700006
510305605000002,5103056,Cláudia,Campo Verde,IBGE Malha de Setores Censitários 2022 — atributos territoriais CD_BAIRRO/NM_BAIRRO e correlatos,Bairro IBGE 2022,5103056001
510305605000003,5103056,Cláudia,Florestal,IBGE Malha de Setores Censitários 2022 — atributos territoriais CD_BAIRRO/NM_BAIRRO e correlatos,Bairro IBGE 2022,5103056003
510305605000006,5103056,Cláudia,Rotary Internacional,IBGE Malha de Setores Censitários 2022 — atributos territoriais CD_BAIRRO/NM_BAIRRO e correlatos,Bairro IBGE 2022,5103056006
510305605000007,5103056,Cláudia,Campo Verde,IBGE Malha de Setores Censitários 2022 — atributos territoriais CD_BAIRRO/NM_BAIRRO e correlatos,Bairro IBGE 2022,5103056001
510305605000009,5103056,Cláudia,Centro Cívico,IBGE Malha de Setores Censitários 2022 — atributos territoriais CD_BAIRRO/NM_BAIRRO e correlatos,Bairro IBGE 2022,5103056002
510305605000010,5103056,Cláudia,Jardim União,IBGE Malha de Setores Censitários 2022 — atributos territoriais CD_BAIRRO/NM_BAIRRO e correlatos,Bairro IBGE 2022,5103056004
510305605000019,5103056,Cláudia,Rotary Internacional,IBGE Malha de Setores Censitários 2022 — atributos territoriais CD_BAIRRO/NM_BAIRRO e correlatos,Bairro IBGE 2022,5103056006
510305605000025,5103056,Cláudia,Lions Internacional,IBGE Malha de Setores Censitários 2022 — atributos territoriais CD_BAIRRO/NM_BAIRRO e correlatos,Bairro IBGE 2022,5103056005
510305605000028,5103056,Cláudia,Campo Verde,IBGE Malha de Setores Censitários 2022 — atributos territoriais CD_BAIRRO/NM_BAIRRO e correlatos,Bairro IBGE 2022,5103056001
510305605000031,5103056,Cláudia,Agrovila do PDS Keno,IBGE Malha de Setores Censitários 2022 — atributos territoriais CD_BAIRRO/NM_BAIRRO e correlatos,Aglomerado rural IBGE 2022,510305600002
510310605000039,5103106,Cocalinho,Aglomerado Rural Assentamento Novo Horizonte,IBGE Malha de Setores Censitários 2022 — atributos territoriais CD_BAIRRO/NM_BAIRRO e correlatos,Aglomerado rural IBGE 2022,510310605001
510310605000041,5103106,Cocalinho,Comunidade Travessão Ferreira,IBGE Malha de Setores Censitários 2022 — atributos territoriais CD_BAIRRO/NM_BAIRRO e correlatos,Núcleo urbano IBGE 2022,5103106001
510310605000043,5103106,Cocalinho,Comunidade Travessão Ferreira,IBGE Malha de Setores Censitários 2022 — atributos territoriais CD_BAIRRO/NM_BAIRRO e correlatos,Núcleo urbano IBGE 2022,5103106001
510320505000061,5103205,Colíder,Agrovila do PA Sol Nascente,IBGE Malha de Setores Censitários 2022 — atributos territoriais CD_BAIRRO/NM_BAIRRO e correlatos,Aglomerado rural IBGE 2022,510320500005
510320505000062,5103205,Colíder,Marco de Cimento,IBGE Malha de Setores Censitários 2022 — atributos territoriais CD_BAIRRO/NM_BAIRRO e correlatos,Aglomerado rural IBGE 2022,510320500003
510320505000063,5103205,Colíder,Nova Galiléia,IBGE Malha de Setores Censitários 2022 — atributos territoriais CD_BAIRRO/NM_BAIRRO e correlatos,Aglomerado rural IBGE 2022,510320500004
510320505000064,5103205,Colíder,Trevo Ouro Verde,IBGE Malha de Setores Censitários 2022 — atributos territoriais CD_BAIRRO/NM_BAIRRO e correlatos,Aglomerado rural IBGE 2022,510320500006
510320505000065,5103205,Colíder,Café Norte,IBGE Malha de Setores Censitários 2022 — atributos territoriais CD_BAIRRO/NM_BAIRRO e correlatos,Aglomerado rural IBGE 2022,510320500002
510325405000072,5103254,Colniza,Comunidade Vila Vale da Salvação,IBGE Malha de Setores Censitários 2022 — atributos territoriais CD_BAIRRO/NM_BAIRRO e correlatos,Aglomerado rural IBGE 2022,510325400007
510325410000001,5103254,Colniza,Guariba,IBGE Malha de Setores Censitários 2022 — atributos territoriais CD_BAIRRO/NM_BAIRRO e correlatos,Distrito IBGE 2022,510325410
510325410000002,5103254,Colniza,Guariba,IBGE Malha de Setores Censitários 2022 — atributos territoriais CD_BAIRRO/NM_BAIRRO e correlatos,Distrito IBGE 2022,510325410
510325410000003,5103254,Colniza,Guariba,IBGE Malha de Setores Censitários 2022 — atributos territoriais CD_BAIRRO/NM_BAIRRO e correlatos,Distrito IBGE 2022,510325410
510325410000004,5103254,Colniza,Guariba,IBGE Malha de Setores Censitários 2022 — atributos territoriais CD_BAIRRO/NM_BAIRRO e correlatos,Distrito IBGE 2022,510325410
510325410000005,5103254,Colniza,Guariba,IBGE Malha de Setores Censitários 2022 — atributos territoriais CD_BAIRRO/NM_BAIRRO e correlatos,Distrito IBGE 2022,510325410
510325410000006,5103254,Colniza,Guariba,IBGE Malha de Setores Censitários 2022 — atributos territoriais CD_BAIRRO/NM_BAIRRO e correlatos,Distrito IBGE 2022,510325410
510325410000007,5103254,Colniza,Guariba,IBGE Malha de Setores Censitários 2022 — atributos territoriais CD_BAIRRO/NM_BAIRRO e correlatos,Distrito IBGE 2022,510325410
510325410000008,5103254,Colniza,Guariba,IBGE Malha de Setores Censitários 2022 — atributos territoriais CD_BAIRRO/NM_BAIRRO e correlatos,Distrito IBGE 2022,510325410
510325410000009,5103254,Colniza,Guariba,IBGE Malha de Setores Censitários 2022 — atributos territoriais CD_BAIRRO/NM_BAIRRO e correlatos,Distrito IBGE 2022,510325410
510325410000010,5103254,Colniza,Guariba,IBGE Malha de Setores Censitários 2022 — atributos territoriais CD_BAIRRO/NM_BAIRRO e correlatos,Distrito IBGE 2022,510325410
510325410000011,5103254,Colniza,Guariba,IBGE Malha de Setores Censitários 2022 — atributos territoriais CD_BAIRRO/NM_BAIRRO e correlatos,Distrito IBGE 2022,510325410
510325410000012,5103254,Colniza,Guariba,IBGE Malha de Setores Censitários 2022 — atributos territoriais CD_BAIRRO/NM_BAIRRO e correlatos,Distrito IBGE 2022,510325410
510325410000013,5103254,Colniza,Guariba,IBGE Malha de Setores Censitários 2022 — atributos territoriais CD_BAIRRO/NM_BAIRRO e correlatos,Distrito IBGE 2022,510325410
510325410000014,5103254,Colniza,Guariba,IBGE Malha de Setores Censitários 2022 — atributos territoriais CD_BAIRRO/NM_BAIRRO e correlatos,Distrito IBGE 2022,510325410
510325410000015,5103254,Colniza,Guariba,IBGE Malha de Setores Censitários 2022 — atributos territoriais CD_BAIRRO/NM_BAIRRO e correlatos,Distrito IBGE 2022,510325410
510325410000016,5103254,Colniza,Guariba,IBGE Malha de Setores Censitários 2022 — atributos territoriais CD_BAIRRO/NM_BAIRRO e correlatos,Distrito IBGE 2022,510325410
510325410000017,5103254,Colniza,Guariba,IBGE Malha de Setores Censitários 2022 — atributos territoriais CD_BAIRRO/NM_BAIRRO e correlatos,Distrito IBGE 2022,510325410
510325410000018,5103254,Colniza,Três Fronteiras,IBGE Malha de Setores Censitários 2022 — atributos territoriais CD_BAIRRO/NM_BAIRRO e correlatos,Aglomerado rural IBGE 2022,510325400006
510325410000019,5103254,Colniza,Guariba,IBGE Malha de Setores Censitários 2022 — atributos territoriais CD_BAIRRO/NM_BAIRRO e correlatos,Distrito IBGE 2022,510325410
510330405000001,5103304,Comodoro,Centro,IBGE Malha de Setores Censitários 2022 — atributos territoriais CD_BAIRRO/NM_BAIRRO e correlatos,Bairro IBGE 2022,5103304001
510330405000002,5103304,Comodoro,Centro,IBGE Malha de Setores Censitários 2022 — atributos territoriais CD_BAIRRO/NM_BAIRRO e correlatos,Bairro IBGE 2022,5103304001
510330405000003,5103304,Comodoro,Centro,IBGE Malha de Setores Censitários 2022 — atributos territoriais CD_BAIRRO/NM_BAIRRO e correlatos,Bairro IBGE 2022,5103304001
510330405000004,5103304,Comodoro,Cristo Rei,IBGE Malha de Setores Censitários 2022 — atributos territoriais CD_BAIRRO/NM_BAIRRO e correlatos,Bairro IBGE 2022,5103304002
510330405000005,5103304,Comodoro,Cristo Rei,IBGE Malha de Setores Censitários 2022 — atributos territoriais CD_BAIRRO/NM_BAIRRO e correlatos,Bairro IBGE 2022,5103304002
510330405000006,5103304,Comodoro,São Francisco de Assis,IBGE Malha de Setores Censitários 2022 — atributos territoriais CD_BAIRRO/NM_BAIRRO e correlatos,Bairro IBGE 2022,5103304003
510330405000007,5103304,Comodoro,Tertúlia,IBGE Malha de Setores Censitários 2022 — atributos territoriais CD_BAIRRO/NM_BAIRRO e correlatos,Bairro IBGE 2022,5103304004
510330405000008,5103304,Comodoro,Tertúlia,IBGE Malha de Setores Censitários 2022 — atributos territoriais CD_BAIRRO/NM_BAIRRO e correlatos,Bairro IBGE 2022,5103304004
510330405000009,5103304,Comodoro,Tertúlia,IBGE Malha de Setores Censitários 2022 — atributos territoriais CD_BAIRRO/NM_BAIRRO e correlatos,Bairro IBGE 2022,5103304004
510330405000010,5103304,Comodoro,Jardim Mato Grosso,IBGE Malha de Setores Censitários 2022 — atributos territoriais CD_BAIRRO/NM_BAIRRO e correlatos,Bairro IBGE 2022,5103304005
510330405000011,5103304,Comodoro,Jardim Mato Grosso,IBGE Malha de Setores Censitários 2022 — atributos territoriais CD_BAIRRO/NM_BAIRRO e correlatos,Bairro IBGE 2022,5103304005
510330405000012,5103304,Comodoro,Nossa Senhora de Fátima,IBGE Malha de Setores Censitários 2022 — atributos territoriais CD_BAIRRO/NM_BAIRRO e correlatos,Bairro IBGE 2022,5103304006
510330405000014,5103304,Comodoro,Nova Vacaria,IBGE Malha de Setores Censitários 2022 — atributos territoriais CD_BAIRRO/NM_BAIRRO e correlatos,Bairro IBGE 2022,5103304007
510330405000016,5103304,Comodoro,Cidade Verde,IBGE Malha de Setores Censitários 2022 — atributos territoriais CD_BAIRRO/NM_BAIRRO e correlatos,Bairro IBGE 2022,5103304008
510330405000017,5103304,Comodoro,Cidade Verde,IBGE Malha de Setores Censitários 2022 — atributos territoriais CD_BAIRRO/NM_BAIRRO e correlatos,Bairro IBGE 2022,5103304008
510330405000024,5103304,Comodoro,Aldeia Indígena Camarare Central,IBGE Malha de Setores Censitários 2022 — atributos territoriais CD_BAIRRO/NM_BAIRRO e correlatos,Aglomerado rural IBGE 2022,510330400001
510330405000025,5103304,Comodoro,Aldeia Indígena Barracão Queimado,IBGE Malha de Setores Censitários 2022 — atributos territoriais CD_BAIRRO/NM_BAIRRO e correlatos,Aglomerado rural IBGE 2022,510330400010
510330405000026,5103304,Comodoro,Aldeia Indígena Camarare Davi / Nambiquara do Davi,IBGE Malha de Setores Censitários 2022 — atributos territoriais CD_BAIRRO/NM_BAIRRO e correlatos,Aglomerado rural IBGE 2022,510330400009
510330405000027,5103304,Comodoro,Aldeia Indígena Nambiquara Verde,IBGE Malha de Setores Censitários 2022 — atributos territoriais CD_BAIRRO/NM_BAIRRO e correlatos,Aglomerado rural IBGE 2022,510330400002
510330405000028,5103304,Comodoro,Aldeia Indígena Nambiquara 13 de Maio,IBGE Malha de Setores Censitários 2022 — atributos territoriais CD_BAIRRO/NM_BAIRRO e correlatos,Aglomerado rural IBGE 2022,510330400003
510330405000029,5103304,Comodoro,Aldeia Indígena Nanbiquara Central,IBGE Malha de Setores Censitários 2022 — atributos territoriais CD_BAIRRO/NM_BAIRRO e correlatos,Aglomerado rural IBGE 2022,510330400008
510330405000030,5103304,Comodoro,Aldeia Indígena Nambiquara Auxiliadora,IBGE Malha de Setores Censitários 2022 — atributos territoriais CD_BAIRRO/NM_BAIRRO e correlatos,Aglomerado rural IBGE 2022,510330400004
510330405000031,5103304,Comodoro,Aldeia Indígena Nambiquara Cabeceira,IBGE Malha de Setores Censitários 2022 — atributos territoriais CD_BAIRRO/NM_BAIRRO e correlatos,Aglomerado rural IBGE 2022,510330400007
510330405000032,5103304,Comodoro,Aldeia Indígena Branca,IBGE Malha de Setores Censitários 2022 — atributos territoriais CD_BAIRRO/NM_BAIRRO e correlatos,Aglomerado rural IBGE 2022,510330400005
510330405000033,5103304,Comodoro,Aldeia Indígena Camararé,IBGE Malha de Setores Censitários 2022 — atributos territoriais CD_BAIRRO/NM_BAIRRO e correlatos,Aglomerado rural IBGE 2022,510330400006
510330405000035,5103304,Comodoro,São Francisco de Assis,IBGE Malha de Setores Censitários 2022 — atributos territoriais CD_BAIRRO/NM_BAIRRO e correlatos,Bairro IBGE 2022,5103304003
510330405000036,5103304,Comodoro,São Francisco de Assis,IBGE Malha de Setores Censitários 2022 — atributos territoriais CD_BAIRRO/NM_BAIRRO e correlatos,Bairro IBGE 2022,5103304003
510330405000037,5103304,Comodoro,Nossa Senhora de Fátima,IBGE Malha de Setores Censitários 2022 — atributos territoriais CD_BAIRRO/NM_BAIRRO e correlatos,Bairro IBGE 2022,5103304006
510330405000038,5103304,Comodoro,Nova Vacaria,IBGE Malha de Setores Censitários 2022 — atributos territoriais CD_BAIRRO/NM_BAIRRO e correlatos,Bairro IBGE 2022,5103304007
510330405000039,5103304,Comodoro,Cidade Verde,IBGE Malha de Setores Censitários 2022 — atributos territoriais CD_BAIRRO/NM_BAIRRO e correlatos,Bairro IBGE 2022,5103304008
510330405000040,5103304,Comodoro,Nova Vacaria,IBGE Malha de Setores Censitários 2022 — atributos territoriais CD_BAIRRO/NM_BAIRRO e correlatos,Bairro IBGE 2022,5103304007
510330405000043,5103304,Comodoro,Nova Vacaria,IBGE Malha de Setores Censitários 2022 — atributos territoriais CD_BAIRRO/NM_BAIRRO e correlatos,Bairro IBGE 2022,5103304007
510330405000050,5103304,Comodoro,Aldeia Indígena Nova Jacaré Central,IBGE Malha de Setores Censitários 2022 — atributos territoriais CD_BAIRRO/NM_BAIRRO e correlatos,Aglomerado rural IBGE 2022,510330400038
510330405000051,5103304,Comodoro,Aldeia Indígena Negarote ou Rio Piolho Murici,IBGE Malha de Setores Censitários 2022 — atributos territoriais CD_BAIRRO/NM_BAIRRO e correlatos,Aglomerado rural IBGE 2022,510330400037
510330405000053,5103304,Comodoro,Aldeia Indígena Linha 1,IBGE Malha de Setores Censitários 2022 — atributos territoriais CD_BAIRRO/NM_BAIRRO e correlatos,Aglomerado rural IBGE 2022,510330400036
510330409000001,5103304,Comodoro,Colônia dos Mineiros,IBGE Malha de Setores Censitários 2022 — atributos territoriais CD_BAIRRO/NM_BAIRRO e correlatos,Distrito IBGE 2022,510330409
510330409000002,5103304,Comodoro,Colônia dos Mineiros,IBGE Malha de Setores Censitários 2022 — atributos territoriais CD_BAIRRO/NM_BAIRRO e correlatos,Distrito IBGE 2022,510330409
510330409000003,5103304,Comodoro,Colônia dos Mineiros,IBGE Malha de Setores Censitários 2022 — atributos territoriais CD_BAIRRO/NM_BAIRRO e correlatos,Distrito IBGE 2022,510330409
510330409000005,5103304,Comodoro,Colônia dos Mineiros,IBGE Malha de Setores Censitários 2022 — atributos territoriais CD_BAIRRO/NM_BAIRRO e correlatos,Distrito IBGE 2022,510330409
510330409000006,5103304,Comodoro,Colônia dos Mineiros,IBGE Malha de Setores Censitários 2022 — atributos territoriais CD_BAIRRO/NM_BAIRRO e correlatos,Distrito IBGE 2022,510330409
510330409000007,5103304,Comodoro,Colônia dos Mineiros,IBGE Malha de Setores Censitários 2022 — atributos territoriais CD_BAIRRO/NM_BAIRRO e correlatos,Distrito IBGE 2022,510330409
510330409000008,5103304,Comodoro,Colônia dos Mineiros,IBGE Malha de Setores Censitários 2022 — atributos territoriais CD_BAIRRO/NM_BAIRRO e correlatos,Distrito IBGE 2022,510330409
510330409000009,5103304,Comodoro,Colônia dos Mineiros,IBGE Malha de Setores Censitários 2022 — atributos territoriais CD_BAIRRO/NM_BAIRRO e correlatos,Distrito IBGE 2022,510330409
510330409000010,5103304,Comodoro,Colônia dos Mineiros,IBGE Malha de Setores Censitários 2022 — atributos territoriais CD_BAIRRO/NM_BAIRRO e correlatos,Distrito IBGE 2022,510330409
510330409000012,5103304,Comodoro,Aldeia Indígena Wanunsu 4 Pontes,IBGE Malha de Setores Censitários 2022 — atributos territoriais CD_BAIRRO/NM_BAIRRO e correlatos,Aglomerado rural IBGE 2022,510330400024
510330409000013,5103304,Comodoro,Colônia dos Mineiros,IBGE Malha de Setores Censitários 2022 — atributos territoriais CD_BAIRRO/NM_BAIRRO e correlatos,Distrito IBGE 2022,510330409
510330415000001,5103304,Comodoro,Nova Alvorada,IBGE Malha de Setores Censitários 2022 — atributos territoriais CD_BAIRRO/NM_BAIRRO e correlatos,Distrito IBGE 2022,510330415
510330415000002,5103304,Comodoro,Nova Alvorada,IBGE Malha de Setores Censitários 2022 — atributos territoriais CD_BAIRRO/NM_BAIRRO e correlatos,Distrito IBGE 2022,510330415
510330415000003,5103304,Comodoro,Nova Alvorada,IBGE Malha de Setores Censitários 2022 — atributos territoriais CD_BAIRRO/NM_BAIRRO e correlatos,Distrito IBGE 2022,510330415
510330415000004,5103304,Comodoro,Aldeia Indígena Manairisu Central,IBGE Malha de Setores Censitários 2022 — atributos territoriais CD_BAIRRO/NM_BAIRRO e correlatos,Aglomerado rural IBGE 2022,510330400012
510330415000005,5103304,Comodoro,Nova Alvorada,IBGE Malha de Setores Censitários 2022 — atributos territoriais CD_BAIRRO/NM_BAIRRO e correlatos,Distrito IBGE 2022,510330415
510330415000006,5103304,Comodoro,Nova Alvorada,IBGE Malha de Setores Censitários 2022 — atributos territoriais CD_BAIRRO/NM_BAIRRO e correlatos,Distrito IBGE 2022,510330415
510330415000007,5103304,Comodoro,Nova Alvorada,IBGE Malha de Setores Censitários 2022 — atributos territoriais CD_BAIRRO/NM_BAIRRO e correlatos,Distrito IBGE 2022,510330415
510330415000008,5103304,Comodoro,Nova Alvorada,IBGE Malha de Setores Censitários 2022 — atributos territoriais CD_BAIRRO/NM_BAIRRO e correlatos,Distrito IBGE 2022,510330415
510330415000009,5103304,Comodoro,Nova Alvorada,IBGE Malha de Setores Censitários 2022 — atributos territoriais CD_BAIRRO/NM_BAIRRO e correlatos,Distrito IBGE 2022,510330415
510330415000010,5103304,Comodoro,Nova Alvorada,IBGE Malha de Setores Censitários 2022 — atributos territoriais CD_BAIRRO/NM_BAIRRO e correlatos,Distrito IBGE 2022,510330415
510330415000012,5103304,Comodoro,Aldeia Indígena Manairisu Trevoa,IBGE Malha de Setores Censitários 2022 — atributos territoriais CD_BAIRRO/NM_BAIRRO e correlatos,Aglomerado rural IBGE 2022,510330400039
510330415000013,5103304,Comodoro,Aldeia Indígena Karieisu,IBGE Malha de Setores Censitários 2022 — atributos territoriais CD_BAIRRO/NM_BAIRRO e correlatos,Aglomerado rural IBGE 2022,510330400040
510330415000014,5103304,Comodoro,Nova Alvorada,IBGE Malha de Setores Censitários 2022 — atributos territoriais CD_BAIRRO/NM_BAIRRO e correlatos,Distrito IBGE 2022,510330415
510330415000015,5103304,Comodoro,Aldeia indígena Campos Claros,IBGE Malha de Setores Censitários 2022 — atributos territoriais CD_BAIRRO/NM_BAIRRO e correlatos,Aglomerado rural IBGE 2022,510330400041
510330417000001,5103304,Comodoro,Noroagro,IBGE Malha de Setores Censitários 2022 — atributos territoriais CD_BAIRRO/NM_BAIRRO e correlatos,Distrito IBGE 2022,510330417
510330417000002,5103304,Comodoro,Noroagro,IBGE Malha de Setores Censitários 2022 — atributos territoriais CD_BAIRRO/NM_BAIRRO e correlatos,Distrito IBGE 2022,510330417
510330417000003,5103304,Comodoro,Noroagro,IBGE Malha de Setores Censitários 2022 — atributos territoriais CD_BAIRRO/NM_BAIRRO e correlatos,Distrito IBGE 2022,510330417
510330417000004,5103304,Comodoro,Noroagro,IBGE Malha de Setores Censitários 2022 — atributos territoriais CD_BAIRRO/NM_BAIRRO e correlatos,Distrito IBGE 2022,510330417
510330417000005,5103304,Comodoro,Noroagro,IBGE Malha de Setores Censitários 2022 — atributos territoriais CD_BAIRRO/NM_BAIRRO e correlatos,Distrito IBGE 2022,510330417
510330420000001,5103304,Comodoro,Padronal,IBGE Malha de Setores Censitários 2022 — atributos territoriais CD_BAIRRO/NM_BAIRRO e correlatos,Distrito IBGE 2022,510330420
510330420000002,5103304,Comodoro,Padronal,IBGE Malha de Setores Censitários 2022 — atributos territoriais CD_BAIRRO/NM_BAIRRO e correlatos,Distrito IBGE 2022,510330420
510330420000003,5103304,Comodoro,Padronal,IBGE Malha de Setores Censitários 2022 — atributos territoriais CD_BAIRRO/NM_BAIRRO e correlatos,Distrito IBGE 2022,510330420
510330420000004,5103304,Comodoro,Aldeia Indígena São João,IBGE Malha de Setores Censitários 2022 — atributos territoriais CD_BAIRRO/NM_BAIRRO e correlatos,Aglomerado rural IBGE 2022,510330400013
510330420000005,5103304,Comodoro,Padronal,IBGE Malha de Setores Censitários 2022 — atributos territoriais CD_BAIRRO/NM_BAIRRO e correlatos,Distrito IBGE 2022,510330420
510330420000006,5103304,Comodoro,Aldeia Indígena Ique,IBGE Malha de Setores Censitários 2022 — atributos territoriais CD_BAIRRO/NM_BAIRRO e correlatos,Aglomerado rural IBGE 2022,510330400015
510330420000008,5103304,Comodoro,Padronal,IBGE Malha de Setores Censitários 2022 — atributos territoriais CD_BAIRRO/NM_BAIRRO e correlatos,Distrito IBGE 2022,510330420
510330420000009,5103304,Comodoro,Aldeia Indígena Nambiquara Manduca,IBGE Malha de Setores Censitários 2022 — atributos territoriais CD_BAIRRO/NM_BAIRRO e correlatos,Aglomerado rural IBGE 2022,510330400016
510330420000010,5103304,Comodoro,Padronal,IBGE Malha de Setores Censitários 2022 — atributos territoriais CD_BAIRRO/NM_BAIRRO e correlatos,Distrito IBGE 2022,510330420
510330420000011,5103304,Comodoro,Aldeia Indígena Cachoeira do 12,IBGE Malha de Setores Censitários 2022 — atributos territoriais CD_BAIRRO/NM_BAIRRO e correlatos,Aglomerado rural IBGE 2022,510330400017
510330420000012,5103304,Comodoro,Aldeia Indígena Jacaré,IBGE Malha de Setores Censitários 2022 — atributos territoriais CD_BAIRRO/NM_BAIRRO e correlatos,Aglomerado rural IBGE 2022,510330400018
510330420000013,5103304,Comodoro,Aldeia Indígena Negarote Central Mamainde,IBGE Malha de Setores Censitários 2022 — atributos territoriais CD_BAIRRO/NM_BAIRRO e correlatos,Aglomerado rural IBGE 2022,510330400019
510330420000014,5103304,Comodoro,Aldeia Indígena Nambikwara Mamainde Central,IBGE Malha de Setores Censitários 2022 — atributos territoriais CD_BAIRRO/NM_BAIRRO e correlatos,Aglomerado rural IBGE 2022,510330400021
510330420000015,5103304,Comodoro,Aldeia Indígena Tucuma,IBGE Malha de Setores Censitários 2022 — atributos territoriais CD_BAIRRO/NM_BAIRRO e correlatos,Aglomerado rural IBGE 2022,510330400020
510330420000016,5103304,Comodoro,Padronal,IBGE Malha de Setores Censitários 2022 — atributos territoriais CD_BAIRRO/NM_BAIRRO e correlatos,Distrito IBGE 2022,510330420
510330420000018,5103304,Comodoro,Padronal,IBGE Malha de Setores Censitários 2022 — atributos territoriais CD_BAIRRO/NM_BAIRRO e correlatos,Distrito IBGE 2022,510330420
510330420000019,5103304,Comodoro,Aldeia Indígena Kithaulu,IBGE Malha de Setores Censitários 2022 — atributos territoriais CD_BAIRRO/NM_BAIRRO e correlatos,Aglomerado rural IBGE 2022,510330400025
510330420000021,5103304,Comodoro,Aldeia Indígena Buriti / Buriti Negrote / Nova Buriti,IBGE Malha de Setores Censitários 2022 — atributos territoriais CD_BAIRRO/NM_BAIRRO e correlatos,Aglomerado rural IBGE 2022,510330400026
510330420000022,5103304,Comodoro,Aldeia Indígena Nova Geração,IBGE Malha de Setores Censitários 2022 — atributos territoriais CD_BAIRRO/NM_BAIRRO e correlatos,Aglomerado rural IBGE 2022,510330400027
510330420000023,5103304,Comodoro,Padronal,IBGE Malha de Setores Censitários 2022 — atributos territoriais CD_BAIRRO/NM_BAIRRO e correlatos,Distrito IBGE 2022,510330420
510330420000024,5103304,Comodoro,Aldeia Indígena Enawene Nawe,IBGE Malha de Setores Censitários 2022 — atributos territoriais CD_BAIRRO/NM_BAIRRO e correlatos,Aglomerado rural IBGE 2022,510330400028
510330420000025,5103304,Comodoro,Aldeia Indígena Mamaindê Cabixi,IBGE Malha de Setores Censitários 2022 — atributos territoriais CD_BAIRRO/NM_BAIRRO e correlatos,Aglomerado rural IBGE 2022,510330400029
510330420000026,5103304,Comodoro,Aldeia Indígena Mamaindê Campo Meio,IBGE Malha de Setores Censitários 2022 — atributos territoriais CD_BAIRRO/NM_BAIRRO e correlatos,Aglomerado rural IBGE 2022,510330400030
510330420000027,5103304,Comodoro,Aldeia Indígena Mamainde Nilo,IBGE Malha de Setores Censitários 2022 — atributos territoriais CD_BAIRRO/NM_BAIRRO e correlatos,Aglomerado rural IBGE 2022,510330400031
510330420000028,5103304,Comodoro,Aldeia Indígena Mamaindê Tucumã,IBGE Malha de Setores Censitários 2022 — atributos territoriais CD_BAIRRO/NM_BAIRRO e correlatos,Aglomerado rural IBGE 2022,510330400032
510330420000029,5103304,Comodoro,Padronal,IBGE Malha de Setores Censitários 2022 — atributos territoriais CD_BAIRRO/NM_BAIRRO e correlatos,Distrito IBGE 2022,510330420
510335305000011,5103353,Confresa,Jardim América,IBGE Malha de Setores Censitários 2022 — atributos territoriais CD_BAIRRO/NM_BAIRRO e correlatos,Aglomerado rural IBGE 2022,510335300001
510335305000013,5103353,Confresa,Agrovila do PA Jacaré Valente,IBGE Malha de Setores Censitários 2022 — atributos territoriais CD_BAIRRO/NM_BAIRRO e correlatos,Aglomerado rural IBGE 2022,510335300002
510335305000033,5103353,Confresa,Agrovila do PA Três Flechas,IBGE Malha de Setores Censitários 2022 — atributos territoriais CD_BAIRRO/NM_BAIRRO e correlatos,Aglomerado rural IBGE 2022,510335300003
510335305000035,5103353,Confresa,Agrovila do PA Pé de Caju,IBGE Malha de Setores Censitários 2022 — atributos territoriais CD_BAIRRO/NM_BAIRRO e correlatos,Aglomerado rural IBGE 2022,510335300005
510335305000037,5103353,Confresa,Agrovila do PA Três Flechas,IBGE Malha de Setores Censitários 2022 — atributos territoriais CD_BAIRRO/NM_BAIRRO e correlatos,Aglomerado rural IBGE 2022,510335300004
510335320000001,5103353,Confresa,Veranópolis,IBGE Malha de Setores Censitários 2022 — atributos territoriais CD_BAIRRO/NM_BAIRRO e correlatos,Distrito IBGE 2022,510335320
510335320000002,5103353,Confresa,Veranópolis,IBGE Malha de Setores Censitários 2022 — atributos territoriais CD_BAIRRO/NM_BAIRRO e correlatos,Distrito IBGE 2022,510335320
510335320000003,5103353,Confresa,Veranópolis,IBGE Malha de Setores Censitários 2022 — atributos territoriais CD_BAIRRO/NM_BAIRRO e correlatos,Distrito IBGE 2022,510335320
510335320000005,5103353,Confresa,Veranópolis,IBGE Malha de Setores Censitários 2022 — atributos territoriais CD_BAIRRO/NM_BAIRRO e correlatos,Distrito IBGE 2022,510335320
510335320000006,5103353,Confresa,Veranópolis,IBGE Malha de Setores Censitários 2022 — atributos territoriais CD_BAIRRO/NM_BAIRRO e correlatos,Distrito IBGE 2022,510335320
510335320000007,5103353,Confresa,Veranópolis,IBGE Malha de Setores Censitários 2022 — atributos territoriais CD_BAIRRO/NM_BAIRRO e correlatos,Distrito IBGE 2022,510335320
510335320000008,5103353,Confresa,Veranópolis,IBGE Malha de Setores Censitários 2022 — atributos territoriais CD_BAIRRO/NM_BAIRRO e correlatos,Distrito IBGE 2022,510335320
510335320000009,5103353,Confresa,Veranópolis,IBGE Malha de Setores Censitários 2022 — atributos territoriais CD_BAIRRO/NM_BAIRRO e correlatos,Distrito IBGE 2022,510335320
510335320000010,5103353,Confresa,Veranópolis,IBGE Malha de Setores Censitários 2022 — atributos territoriais CD_BAIRRO/NM_BAIRRO e correlatos,Distrito IBGE 2022,510335320
510335320000011,5103353,Confresa,Veranópolis,IBGE Malha de Setores Censitários 2022 — atributos territoriais CD_BAIRRO/NM_BAIRRO e correlatos,Distrito IBGE 2022,510335320
510335320000012,5103353,Confresa,Agrovila do PA Bridão Brasileiro,IBGE Malha de Setores Censitários 2022 — atributos territoriais CD_BAIRRO/NM_BAIRRO e correlatos,Aglomerado rural IBGE 2022,510335300006
510335320000013,5103353,Confresa,Veranópolis,IBGE Malha de Setores Censitários 2022 — atributos territoriais CD_BAIRRO/NM_BAIRRO e correlatos,Distrito IBGE 2022,510335320
510335320000014,5103353,Confresa,Veranópolis,IBGE Malha de Setores Censitários 2022 — atributos territoriais CD_BAIRRO/NM_BAIRRO e correlatos,Distrito IBGE 2022,510335320
510335320000015,5103353,Confresa,Veranópolis,IBGE Malha de Setores Censitários 2022 — atributos territoriais CD_BAIRRO/NM_BAIRRO e correlatos,Distrito IBGE 2022,510335320
510336105000004,5103361,Conquista D'Oeste,Aldeia Indígena Central Sareré,IBGE Malha de Setores Censitários 2022 — atributos territoriais CD_BAIRRO/NM_BAIRRO e correlatos,Aglomerado rural IBGE 2022,510336100002
510336105000012,5103361,Conquista D'Oeste,Aldeia Indígena Nhambiquara,IBGE Malha de Setores Censitários 2022 — atributos territoriais CD_BAIRRO/NM_BAIRRO e correlatos,Aglomerado rural IBGE 2022,510336100001
510336105000014,5103361,Conquista D'Oeste,Aldeia Indígena Três Lagoas,IBGE Malha de Setores Censitários 2022 — atributos territoriais CD_BAIRRO/NM_BAIRRO e correlatos,Aglomerado rural IBGE 2022,510336100003
510336105000016,5103361,Conquista D'Oeste,Aldeia Indígena Juininha,IBGE Malha de Setores Censitários 2022 — atributos territoriais CD_BAIRRO/NM_BAIRRO e correlatos,Aglomerado rural IBGE 2022,510336100004
510336105000017,5103361,Conquista D'Oeste,Aldeia Indígena Seis,IBGE Malha de Setores Censitários 2022 — atributos territoriais CD_BAIRRO/NM_BAIRRO e correlatos,Aglomerado rural IBGE 2022,510336100005
510336105000019,5103361,Conquista D'Oeste,Aldeia Indígena Corgão,IBGE Malha de Setores Censitários 2022 — atributos territoriais CD_BAIRRO/NM_BAIRRO e correlatos,Aglomerado rural IBGE 2022,510336100006
510337905000011,5103379,Cotriguaçu,Agrovila do PA Ouro Verde dos Pioneiros,IBGE Malha de Setores Censitários 2022 — atributos territoriais CD_BAIRRO/NM_BAIRRO e correlatos,Aglomerado rural IBGE 2022,510337900001
510337905000046,5103379,Cotriguaçu,Aldeia Indígena Babaçuzal (Escondido),IBGE Malha de Setores Censitários 2022 — atributos territoriais CD_BAIRRO/NM_BAIRRO e correlatos,Aglomerado rural IBGE 2022,510337900005
510337905000048,5103379,Cotriguaçu,Aldeia Indígena Parajuba,IBGE Malha de Setores Censitários 2022 — atributos territoriais CD_BAIRRO/NM_BAIRRO e correlatos,Aglomerado rural IBGE 2022,510337900006
510337910000001,5103379,Cotriguaçu,Nova União,IBGE Malha de Setores Censitários 2022 — atributos territoriais CD_BAIRRO/NM_BAIRRO e correlatos,Distrito IBGE 2022,510337910
510337910000002,5103379,Cotriguaçu,Nova União,IBGE Malha de Setores Censitários 2022 — atributos territoriais CD_BAIRRO/NM_BAIRRO e correlatos,Distrito IBGE 2022,510337910
510337910000003,5103379,Cotriguaçu,Nova União,IBGE Malha de Setores Censitários 2022 — atributos territoriais CD_BAIRRO/NM_BAIRRO e correlatos,Distrito IBGE 2022,510337910
510340305000007,5103403,Cuiabá,Novo Paraíso,IBGE Malha de Setores Censitários 2022 — atributos territoriais CD_BAIRRO/NM_BAIRRO e correlatos,Favela/Comunidade urbana IBGE 2022,51034030032
510340305000009,5103403,Cuiabá,Condomínio Flor da Mata,IBGE Malha de Setores Censitários 2022 — atributos territoriais CD_BAIRRO/NM_BAIRRO e correlatos,Núcleo urbano IBGE 2022,5103403002
510340305000010,5103403,Cuiabá,Condomínio Flor da Mata,IBGE Malha de Setores Censitários 2022 — atributos territoriais CD_BAIRRO/NM_BAIRRO e correlatos,Núcleo urbano IBGE 2022,5103403002
510340305000013,5103403,Cuiabá,Jardim Umuarama,IBGE Malha de Setores Censitários 2022 — atributos territoriais CD_BAIRRO/NM_BAIRRO e correlatos,Favela/Comunidade urbana IBGE 2022,51034030027
510340305000014,5103403,Cuiabá,Região do Altos da Serra,IBGE Malha de Setores Censitários 2022 — atributos territoriais CD_BAIRRO/NM_BAIRRO e correlatos,Favela/Comunidade urbana IBGE 2022,51034030015
510340305000016,5103403,Cuiabá,Condomínio Flor do Cerrado,IBGE Malha de Setores Censitários 2022 — atributos territoriais CD_BAIRRO/NM_BAIRRO e correlatos,Núcleo urbano IBGE 2022,5103403003
510340305400002,5103403,Cuiabá,Centro Político Administrativo,IBGE Malha de Setores Censitários 2022 — atributos territoriais CD_BAIRRO/NM_BAIRRO e correlatos,Bairro IBGE 2022,5103403020
510340305400003,5103403,Cuiabá,Centro Político Administrativo,IBGE Malha de Setores Censitários 2022 — atributos territoriais CD_BAIRRO/NM_BAIRRO e correlatos,Bairro IBGE 2022,5103403020
510340305400004,5103403,Cuiabá,Centro Político Administrativo,IBGE Malha de Setores Censitários 2022 — atributos territoriais CD_BAIRRO/NM_BAIRRO e correlatos,Bairro IBGE 2022,5103403020
510340305400005,5103403,Cuiabá,Centro Político Administrativo,IBGE Malha de Setores Censitários 2022 — atributos territoriais CD_BAIRRO/NM_BAIRRO e correlatos,Bairro IBGE 2022,5103403020
510340305400006,5103403,Cuiabá,Centro Político Administrativo,IBGE Malha de Setores Censitários 2022 — atributos territoriais CD_BAIRRO/NM_BAIRRO e correlatos,Bairro IBGE 2022,5103403020
510340305400007,5103403,Cuiabá,Paiaguás,IBGE Malha de Setores Censitários 2022 — atributos territoriais CD_BAIRRO/NM_BAIRRO e correlatos,Bairro IBGE 2022,5103403021
510340305400008,5103403,Cuiabá,Paiaguás,IBGE Malha de Setores Censitários 2022 — atributos territoriais CD_BAIRRO/NM_BAIRRO e correlatos,Bairro IBGE 2022,5103403021
510340305400011,5103403,Cuiabá,Paiaguás,IBGE Malha de Setores Censitários 2022 — atributos territoriais CD_BAIRRO/NM_BAIRRO e correlatos,Bairro IBGE 2022,5103403021
510340305400012,5103403,Cuiabá,Paiaguás,IBGE Malha de Setores Censitários 2022 — atributos territoriais CD_BAIRRO/NM_BAIRRO e correlatos,Bairro IBGE 2022,5103403021
510340305400013,5103403,Cuiabá,Paiaguás,IBGE Malha de Setores Censitários 2022 — atributos territoriais CD_BAIRRO/NM_BAIRRO e correlatos,Bairro IBGE 2022,5103403021
510340305400014,5103403,Cuiabá,Paiaguás,IBGE Malha de Setores Censitários 2022 — atributos territoriais CD_BAIRRO/NM_BAIRRO e correlatos,Bairro IBGE 2022,5103403021
510340305400016,5103403,Cuiabá,Jardim Florianópolis,IBGE Malha de Setores Censitários 2022 — atributos territoriais CD_BAIRRO/NM_BAIRRO e correlatos,Bairro IBGE 2022,5103403022
510340305400017,5103403,Cuiabá,Jardim Florianópolis,IBGE Malha de Setores Censitários 2022 — atributos territoriais CD_BAIRRO/NM_BAIRRO e correlatos,Bairro IBGE 2022,5103403022
510340305400018,5103403,Cuiabá,Jardim Florianópolis,IBGE Malha de Setores Censitários 2022 — atributos territoriais CD_BAIRRO/NM_BAIRRO e correlatos,Bairro IBGE 2022,5103403022
510340305400019,5103403,Cuiabá,Jardim Vitória,IBGE Malha de Setores Censitários 2022 — atributos territoriais CD_BAIRRO/NM_BAIRRO e correlatos,Bairro IBGE 2022,5103403023
510340305400020,5103403,Cuiabá,Jardim Vitória,IBGE Malha de Setores Censitários 2022 — atributos territoriais CD_BAIRRO/NM_BAIRRO e correlatos,Bairro IBGE 2022,5103403023
510340305400021,5103403,Cuiabá,Jardim Vitória,IBGE Malha de Setores Censitários 2022 — atributos territoriais CD_BAIRRO/NM_BAIRRO e correlatos,Bairro IBGE 2022,5103403023
510340305400022,5103403,Cuiabá,Jardim Vitória,IBGE Malha de Setores Censitários 2022 — atributos territoriais CD_BAIRRO/NM_BAIRRO e correlatos,Bairro IBGE 2022,5103403023
510340305400023,5103403,Cuiabá,Jardim Vitória,IBGE Malha de Setores Censitários 2022 — atributos territoriais CD_BAIRRO/NM_BAIRRO e correlatos,Bairro IBGE 2022,5103403023
510340305400024,5103403,Cuiabá,Jardim Vitória,IBGE Malha de Setores Censitários 2022 — atributos territoriais CD_BAIRRO/NM_BAIRRO e correlatos,Bairro IBGE 2022,5103403023
510340305400025,5103403,Cuiabá,Jardim Vitória,IBGE Malha de Setores Censitários 2022 — atributos territoriais CD_BAIRRO/NM_BAIRRO e correlatos,Bairro IBGE 2022,5103403023
510340305400026,5103403,Cuiabá,Jardim Vitória,IBGE Malha de Setores Censitários 2022 — atributos territoriais CD_BAIRRO/NM_BAIRRO e correlatos,Bairro IBGE 2022,5103403023
510340305400027,5103403,Cuiabá,Paraíso,IBGE Malha de Setores Censitários 2022 — atributos territoriais CD_BAIRRO/NM_BAIRRO e correlatos,Bairro IBGE 2022,5103403024
510340305400028,5103403,Cuiabá,Paraíso,IBGE Malha de Setores Censitários 2022 — atributos territoriais CD_BAIRRO/NM_BAIRRO e correlatos,Bairro IBGE 2022,5103403024
510340305400029,5103403,Cuiabá,Região do Paraíso,IBGE Malha de Setores Censitários 2022 — atributos territoriais CD_BAIRRO/NM_BAIRRO e correlatos,Favela/Comunidade urbana IBGE 2022,51034030008
510340305400030,5103403,Cuiabá,Paraíso,IBGE Malha de Setores Censitários 2022 — atributos territoriais CD_BAIRRO/NM_BAIRRO e correlatos,Bairro IBGE 2022,5103403024
510340305400032,5103403,Cuiabá,Jardim Vitória,IBGE Malha de Setores Censitários 2022 — atributos territoriais CD_BAIRRO/NM_BAIRRO e correlatos,Bairro IBGE 2022,5103403023
510340305400033,5103403,Cuiabá,Jardim Vitória,IBGE Malha de Setores Censitários 2022 — atributos territoriais CD_BAIRRO/NM_BAIRRO e correlatos,Bairro IBGE 2022,5103403023
510340305400034,5103403,Cuiabá,Jardim Vitória,IBGE Malha de Setores Censitários 2022 — atributos territoriais CD_BAIRRO/NM_BAIRRO e correlatos,Bairro IBGE 2022,5103403023
510340305400035,5103403,Cuiabá,Paraíso,IBGE Malha de Setores Censitários 2022 — atributos territoriais CD_BAIRRO/NM_BAIRRO e correlatos,Bairro IBGE 2022,5103403024
510340305400036,5103403,Cuiabá,Paraíso,IBGE Malha de Setores Censitários 2022 — atributos territoriais CD_BAIRRO/NM_BAIRRO e correlatos,Bairro IBGE 2022,5103403024
510340305400037,5103403,Cuiabá,Administração Regional Norte,IBGE Malha de Setores Censitários 2022 — atributos territoriais CD_BAIRRO/NM_BAIRRO e correlatos,Subdistrito IBGE 2022,51034030540
510340305400038,5103403,Cuiabá,Centro Político Administrativo,IBGE Malha de Setores Censitários 2022 — atributos territoriais CD_BAIRRO/NM_BAIRRO e correlatos,Bairro IBGE 2022,5103403020
510340305400039,5103403,Cuiabá,Centro Político Administrativo,IBGE Malha de Setores Censitários 2022 — atributos territoriais CD_BAIRRO/NM_BAIRRO e correlatos,Bairro IBGE 2022,5103403020
510340305400040,5103403,Cuiabá,Centro Político Administrativo,IBGE Malha de Setores Censitários 2022 — atributos territoriais CD_BAIRRO/NM_BAIRRO e correlatos,Bairro IBGE 2022,5103403020
510340305400041,5103403,Cuiabá,Paiaguás,IBGE Malha de Setores Censitários 2022 — atributos territoriais CD_BAIRRO/NM_BAIRRO e correlatos,Bairro IBGE 2022,5103403021
510340305400042,5103403,Cuiabá,Jardim Florianópolis,IBGE Malha de Setores Censitários 2022 — atributos territoriais CD_BAIRRO/NM_BAIRRO e correlatos,Bairro IBGE 2022,5103403022
510340305400043,5103403,Cuiabá,Paraíso,IBGE Malha de Setores Censitários 2022 — atributos territoriais CD_BAIRRO/NM_BAIRRO e correlatos,Bairro IBGE 2022,5103403024
510340305400045,5103403,Cuiabá,Administração Regional Norte,IBGE Malha de Setores Censitários 2022 — atributos territoriais CD_BAIRRO/NM_BAIRRO e correlatos,Subdistrito IBGE 2022,51034030540
510340305400046,5103403,Cuiabá,Administração Regional Norte,IBGE Malha de Setores Censitários 2022 — atributos territoriais CD_BAIRRO/NM_BAIRRO e correlatos,Subdistrito IBGE 2022,51034030540
510340305400047,5103403,Cuiabá,Administração Regional Norte,IBGE Malha de Setores Censitários 2022 — atributos territoriais CD_BAIRRO/NM_BAIRRO e correlatos,Subdistrito IBGE 2022,51034030540
510340305400048,5103403,Cuiabá,Centro Político Administrativo,IBGE Malha de Setores Censitários 2022 — atributos territoriais CD_BAIRRO/NM_BAIRRO e correlatos,Bairro IBGE 2022,5103403020
510340305400050,5103403,Cuiabá,Paraíso,IBGE Malha de Setores Censitários 2022 — atributos territoriais CD_BAIRRO/NM_BAIRRO e correlatos,Bairro IBGE 2022,5103403024
510340305400051,5103403,Cuiabá,Paraíso,IBGE Malha de Setores Censitários 2022 — atributos territoriais CD_BAIRRO/NM_BAIRRO e correlatos,Bairro IBGE 2022,5103403024
510340305400053,5103403,Cuiabá,Paiaguás,IBGE Malha de Setores Censitários 2022 — atributos territoriais CD_BAIRRO/NM_BAIRRO e correlatos,Bairro IBGE 2022,5103403021
510340305400054,5103403,Cuiabá,Paiaguás,IBGE Malha de Setores Censitários 2022 — atributos territoriais CD_BAIRRO/NM_BAIRRO e correlatos,Bairro IBGE 2022,5103403021
510340305400055,5103403,Cuiabá,Paiaguás,IBGE Malha de Setores Censitários 2022 — atributos territoriais CD_BAIRRO/NM_BAIRRO e correlatos,Bairro IBGE 2022,5103403021
510340305400056,5103403,Cuiabá,Centro Político Administrativo,IBGE Malha de Setores Censitários 2022 — atributos territoriais CD_BAIRRO/NM_BAIRRO e correlatos,Bairro IBGE 2022,5103403020
510340305400057,5103403,Cuiabá,Centro Político Administrativo,IBGE Malha de Setores Censitários 2022 — atributos territoriais CD_BAIRRO/NM_BAIRRO e correlatos,Bairro IBGE 2022,5103403020
510340305400058,5103403,Cuiabá,Centro Político Administrativo,IBGE Malha de Setores Censitários 2022 — atributos territoriais CD_BAIRRO/NM_BAIRRO e correlatos,Bairro IBGE 2022,5103403020
510340305400059,5103403,Cuiabá,Centro Político Administrativo,IBGE Malha de Setores Censitários 2022 — atributos territoriais CD_BAIRRO/NM_BAIRRO e correlatos,Bairro IBGE 2022,5103403020
510340305400060,5103403,Cuiabá,Paiaguás,IBGE Malha de Setores Censitários 2022 — atributos territoriais CD_BAIRRO/NM_BAIRRO e correlatos,Bairro IBGE 2022,5103403021
510340305400061,5103403,Cuiabá,Paiaguás,IBGE Malha de Setores Censitários 2022 — atributos territoriais CD_BAIRRO/NM_BAIRRO e correlatos,Bairro IBGE 2022,5103403021
510340305400062,5103403,Cuiabá,Centro Político Administrativo,IBGE Malha de Setores Censitários 2022 — atributos territoriais CD_BAIRRO/NM_BAIRRO e correlatos,Bairro IBGE 2022,5103403020
510340305400063,5103403,Cuiabá,Centro Político Administrativo,IBGE Malha de Setores Censitários 2022 — atributos territoriais CD_BAIRRO/NM_BAIRRO e correlatos,Bairro IBGE 2022,5103403020
510340305400064,5103403,Cuiabá,Centro Político Administrativo,IBGE Malha de Setores Censitários 2022 — atributos territoriais CD_BAIRRO/NM_BAIRRO e correlatos,Bairro IBGE 2022,5103403020
510340305400065,5103403,Cuiabá,Centro Político Administrativo,IBGE Malha de Setores Censitários 2022 — atributos territoriais CD_BAIRRO/NM_BAIRRO e correlatos,Bairro IBGE 2022,5103403020
510340305400066,5103403,Cuiabá,Jardim Florianópolis,IBGE Malha de Setores Censitários 2022 — atributos territoriais CD_BAIRRO/NM_BAIRRO e correlatos,Bairro IBGE 2022,5103403022
510340305400067,5103403,Cuiabá,Jardim Florianópolis,IBGE Malha de Setores Censitários 2022 — atributos territoriais CD_BAIRRO/NM_BAIRRO e correlatos,Bairro IBGE 2022,5103403022
510340305400068,5103403,Cuiabá,Jardim Florianópolis,IBGE Malha de Setores Censitários 2022 — atributos territoriais CD_BAIRRO/NM_BAIRRO e correlatos,Bairro IBGE 2022,5103403022
510340305400069,5103403,Cuiabá,Jardim Florianópolis,IBGE Malha de Setores Censitários 2022 — atributos territoriais CD_BAIRRO/NM_BAIRRO e correlatos,Bairro IBGE 2022,5103403022
510340305400070,5103403,Cuiabá,Jardim Vitória,IBGE Malha de Setores Censitários 2022 — atributos territoriais CD_BAIRRO/NM_BAIRRO e correlatos,Bairro IBGE 2022,5103403023
510340305400071,5103403,Cuiabá,Jardim Vitória,IBGE Malha de Setores Censitários 2022 — atributos territoriais CD_BAIRRO/NM_BAIRRO e correlatos,Bairro IBGE 2022,5103403023
510340305410001,5103403,Cuiabá,Centro Sul,IBGE Malha de Setores Censitários 2022 — atributos territoriais CD_BAIRRO/NM_BAIRRO e correlatos,Bairro IBGE 2022,5103403001
510340305410002,5103403,Cuiabá,Centro Sul,IBGE Malha de Setores Censitários 2022 — atributos territoriais CD_BAIRRO/NM_BAIRRO e correlatos,Bairro IBGE 2022,5103403001
510340305410003,5103403,Cuiabá,Centro Sul,IBGE Malha de Setores Censitários 2022 — atributos territoriais CD_BAIRRO/NM_BAIRRO e correlatos,Bairro IBGE 2022,5103403001
510340305410004,5103403,Cuiabá,Centro Sul,IBGE Malha de Setores Censitários 2022 — atributos territoriais CD_BAIRRO/NM_BAIRRO e correlatos,Bairro IBGE 2022,5103403001
510340305410005,5103403,Cuiabá,Centro Sul,IBGE Malha de Setores Censitários 2022 — atributos territoriais CD_BAIRRO/NM_BAIRRO e correlatos,Bairro IBGE 2022,5103403001
510340305410006,5103403,Cuiabá,Centro Sul,IBGE Malha de Setores Censitários 2022 — atributos territoriais CD_BAIRRO/NM_BAIRRO e correlatos,Bairro IBGE 2022,5103403001
510340305410007,5103403,Cuiabá,Centro Sul,IBGE Malha de Setores Censitários 2022 — atributos territoriais CD_BAIRRO/NM_BAIRRO e correlatos,Bairro IBGE 2022,5103403001
510340305410008,5103403,Cuiabá,Porto,IBGE Malha de Setores Censitários 2022 — atributos territoriais CD_BAIRRO/NM_BAIRRO e correlatos,Bairro IBGE 2022,5103403015
510340305410009,5103403,Cuiabá,Porto,IBGE Malha de Setores Censitários 2022 — atributos territoriais CD_BAIRRO/NM_BAIRRO e correlatos,Bairro IBGE 2022,5103403015
510340305410010,5103403,Cuiabá,Porto,IBGE Malha de Setores Censitários 2022 — atributos territoriais CD_BAIRRO/NM_BAIRRO e correlatos,Bairro IBGE 2022,5103403015
510340305410011,5103403,Cuiabá,Porto,IBGE Malha de Setores Censitários 2022 — atributos territoriais CD_BAIRRO/NM_BAIRRO e correlatos,Bairro IBGE 2022,5103403015
510340305410012,5103403,Cuiabá,Porto,IBGE Malha de Setores Censitários 2022 — atributos territoriais CD_BAIRRO/NM_BAIRRO e correlatos,Bairro IBGE 2022,5103403015
510340305410013,5103403,Cuiabá,Porto,IBGE Malha de Setores Censitários 2022 — atributos territoriais CD_BAIRRO/NM_BAIRRO e correlatos,Bairro IBGE 2022,5103403015
510340305410014,5103403,Cuiabá,Porto,IBGE Malha de Setores Censitários 2022 — atributos territoriais CD_BAIRRO/NM_BAIRRO e correlatos,Bairro IBGE 2022,5103403015
510340305410015,5103403,Cuiabá,Porto,IBGE Malha de Setores Censitários 2022 — atributos territoriais CD_BAIRRO/NM_BAIRRO e correlatos,Bairro IBGE 2022,5103403015
510340305410016,5103403,Cuiabá,Porto,IBGE Malha de Setores Censitários 2022 — atributos territoriais CD_BAIRRO/NM_BAIRRO e correlatos,Bairro IBGE 2022,5103403015
510340305410017,5103403,Cuiabá,Porto,IBGE Malha de Setores Censitários 2022 — atributos territoriais CD_BAIRRO/NM_BAIRRO e correlatos,Bairro IBGE 2022,5103403015
510340305410018,5103403,Cuiabá,Porto,IBGE Malha de Setores Censitários 2022 — atributos territoriais CD_BAIRRO/NM_BAIRRO e correlatos,Bairro IBGE 2022,5103403015
510340305410019,5103403,Cuiabá,Coophamil,IBGE Malha de Setores Censitários 2022 — atributos territoriais CD_BAIRRO/NM_BAIRRO e correlatos,Bairro IBGE 2022,5103403029
510340305410020,5103403,Cuiabá,Coophamil,IBGE Malha de Setores Censitários 2022 — atributos territoriais CD_BAIRRO/NM_BAIRRO e correlatos,Bairro IBGE 2022,5103403029
510340305410021,5103403,Cuiabá,Coophamil,IBGE Malha de Setores Censitários 2022 — atributos territoriais CD_BAIRRO/NM_BAIRRO e correlatos,Bairro IBGE 2022,5103403029
510340305410022,5103403,Cuiabá,Coophamil,IBGE Malha de Setores Censitários 2022 — atributos territoriais CD_BAIRRO/NM_BAIRRO e correlatos,Bairro IBGE 2022,5103403029
510340305410023,5103403,Cuiabá,Coophamil,IBGE Malha de Setores Censitários 2022 — atributos territoriais CD_BAIRRO/NM_BAIRRO e correlatos,Bairro IBGE 2022,5103403029
510340305410024,5103403,Cuiabá,Coophamil,IBGE Malha de Setores Censitários 2022 — atributos territoriais CD_BAIRRO/NM_BAIRRO e correlatos,Bairro IBGE 2022,5103403029
510340305410025,5103403,Cuiabá,Coophamil,IBGE Malha de Setores Censitários 2022 — atributos territoriais CD_BAIRRO/NM_BAIRRO e correlatos,Bairro IBGE 2022,5103403029
510340305410026,5103403,Cuiabá,Novo Terceiro,IBGE Malha de Setores Censitários 2022 — atributos territoriais CD_BAIRRO/NM_BAIRRO e correlatos,Bairro IBGE 2022,5103403030
510340305410027,5103403,Cuiabá,Novo Terceiro,IBGE Malha de Setores Censitários 2022 — atributos territoriais CD_BAIRRO/NM_BAIRRO e correlatos,Bairro IBGE 2022,5103403030
510340305410028,5103403,Cuiabá,Novo Terceiro,IBGE Malha de Setores Censitários 2022 — atributos territoriais CD_BAIRRO/NM_BAIRRO e correlatos,Bairro IBGE 2022,5103403030
510340305410029,5103403,Cuiabá,Novo Terceiro,IBGE Malha de Setores Censitários 2022 — atributos territoriais CD_BAIRRO/NM_BAIRRO e correlatos,Bairro IBGE 2022,5103403030
510340305410030,5103403,Cuiabá,Cidade Verde,IBGE Malha de Setores Censitários 2022 — atributos territoriais CD_BAIRRO/NM_BAIRRO e correlatos,Bairro IBGE 2022,5103403031
510340305410031,5103403,Cuiabá,Cidade Verde,IBGE Malha de Setores Censitários 2022 — atributos territoriais CD_BAIRRO/NM_BAIRRO e correlatos,Bairro IBGE 2022,5103403031
510340305410032,5103403,Cuiabá,Cidade Verde,IBGE Malha de Setores Censitários 2022 — atributos territoriais CD_BAIRRO/NM_BAIRRO e correlatos,Bairro IBGE 2022,5103403031
510340305410033,5103403,Cuiabá,Santa Isabel,IBGE Malha de Setores Censitários 2022 — atributos territoriais CD_BAIRRO/NM_BAIRRO e correlatos,Bairro IBGE 2022,5103403032
510340305410034,5103403,Cuiabá,Santa Isabel,IBGE Malha de Setores Censitários 2022 — atributos territoriais CD_BAIRRO/NM_BAIRRO e correlatos,Bairro IBGE 2022,5103403032
510340305410035,5103403,Cuiabá,Santa Isabel,IBGE Malha de Setores Censitários 2022 — atributos territoriais CD_BAIRRO/NM_BAIRRO e correlatos,Bairro IBGE 2022,5103403032
510340305410036,5103403,Cuiabá,Santa Isabel,IBGE Malha de Setores Censitários 2022 — atributos territoriais CD_BAIRRO/NM_BAIRRO e correlatos,Bairro IBGE 2022,5103403032
510340305410037,5103403,Cuiabá,Santa Isabel,IBGE Malha de Setores Censitários 2022 — atributos territoriais CD_BAIRRO/NM_BAIRRO e correlatos,Bairro IBGE 2022,5103403032
510340305410038,5103403,Cuiabá,Santa Isabel,IBGE Malha de Setores Censitários 2022 — atributos territoriais CD_BAIRRO/NM_BAIRRO e correlatos,Bairro IBGE 2022,5103403032
510340305410039,5103403,Cuiabá,Santa Isabel,IBGE Malha de Setores Censitários 2022 — atributos territoriais CD_BAIRRO/NM_BAIRRO e correlatos,Bairro IBGE 2022,5103403032
510340305410040,5103403,Cuiabá,Santa Isabel,IBGE Malha de Setores Censitários 2022 — atributos territoriais CD_BAIRRO/NM_BAIRRO e correlatos,Bairro IBGE 2022,5103403032
510340305410041,5103403,Cuiabá,Santa Isabel,IBGE Malha de Setores Censitários 2022 — atributos territoriais CD_BAIRRO/NM_BAIRRO e correlatos,Bairro IBGE 2022,5103403032
510340305410042,5103403,Cuiabá,Santa Isabel,IBGE Malha de Setores Censitários 2022 — atributos territoriais CD_BAIRRO/NM_BAIRRO e correlatos,Bairro IBGE 2022,5103403032
510340305410043,5103403,Cuiabá,Santa Isabel,IBGE Malha de Setores Censitários 2022 — atributos territoriais CD_BAIRRO/NM_BAIRRO e correlatos,Bairro IBGE 2022,5103403032
510340305410044,5103403,Cuiabá,Barra do Pari,IBGE Malha de Setores Censitários 2022 — atributos territoriais CD_BAIRRO/NM_BAIRRO e correlatos,Bairro IBGE 2022,5103403033
510340305410045,5103403,Cuiabá,Barra do Pari,IBGE Malha de Setores Censitários 2022 — atributos territoriais CD_BAIRRO/NM_BAIRRO e correlatos,Bairro IBGE 2022,5103403033
510340305410046,5103403,Cuiabá,Barra do Pari,IBGE Malha de Setores Censitários 2022 — atributos territoriais CD_BAIRRO/NM_BAIRRO e correlatos,Bairro IBGE 2022,5103403033
510340305410047,5103403,Cuiabá,Barra do Pari,IBGE Malha de Setores Censitários 2022 — atributos territoriais CD_BAIRRO/NM_BAIRRO e correlatos,Bairro IBGE 2022,5103403033
510340305410048,5103403,Cuiabá,Barra do Pari,IBGE Malha de Setores Censitários 2022 — atributos territoriais CD_BAIRRO/NM_BAIRRO e correlatos,Bairro IBGE 2022,5103403033
510340305410049,5103403,Cuiabá,Barra do Pari,IBGE Malha de Setores Censitários 2022 — atributos territoriais CD_BAIRRO/NM_BAIRRO e correlatos,Bairro IBGE 2022,5103403033
510340305410050,5103403,Cuiabá,Barra do Pari,IBGE Malha de Setores Censitários 2022 — atributos territoriais CD_BAIRRO/NM_BAIRRO e correlatos,Bairro IBGE 2022,5103403033
510340305410051,5103403,Cuiabá,Santa Rosa,IBGE Malha de Setores Censitários 2022 — atributos territoriais CD_BAIRRO/NM_BAIRRO e correlatos,Bairro IBGE 2022,5103403034
510340305410054,5103403,Cuiabá,Jardim Mariana,IBGE Malha de Setores Censitários 2022 — atributos territoriais CD_BAIRRO/NM_BAIRRO e correlatos,Bairro IBGE 2022,5103403036
510340305410055,5103403,Cuiabá,Novo Colorado,IBGE Malha de Setores Censitários 2022 — atributos territoriais CD_BAIRRO/NM_BAIRRO e correlatos,Bairro IBGE 2022,5103403037
510340305410056,5103403,Cuiabá,Novo Colorado,IBGE Malha de Setores Censitários 2022 — atributos territoriais CD_BAIRRO/NM_BAIRRO e correlatos,Bairro IBGE 2022,5103403037
510340305410057,5103403,Cuiabá,Novo Colorado,IBGE Malha de Setores Censitários 2022 — atributos territoriais CD_BAIRRO/NM_BAIRRO e correlatos,Bairro IBGE 2022,5103403037
510340305410060,5103403,Cuiabá,Despraiado,IBGE Malha de Setores Censitários 2022 — atributos territoriais CD_BAIRRO/NM_BAIRRO e correlatos,Bairro IBGE 2022,5103403040
510340305410061,5103403,Cuiabá,Despraiado,IBGE Malha de Setores Censitários 2022 — atributos territoriais CD_BAIRRO/NM_BAIRRO e correlatos,Bairro IBGE 2022,5103403040
510340305410064,5103403,Cuiabá,Alvorada,IBGE Malha de Setores Censitários 2022 — atributos territoriais CD_BAIRRO/NM_BAIRRO e correlatos,Bairro IBGE 2022,5103403041
510340305410065,5103403,Cuiabá,Alvorada,IBGE Malha de Setores Censitários 2022 — atributos territoriais CD_BAIRRO/NM_BAIRRO e correlatos,Bairro IBGE 2022,5103403041
510340305410066,5103403,Cuiabá,Alvorada,IBGE Malha de Setores Censitários 2022 — atributos territoriais CD_BAIRRO/NM_BAIRRO e correlatos,Bairro IBGE 2022,5103403041
510340305410067,5103403,Cuiabá,Alvorada,IBGE Malha de Setores Censitários 2022 — atributos territoriais CD_BAIRRO/NM_BAIRRO e correlatos,Bairro IBGE 2022,5103403041
510340305410068,5103403,Cuiabá,Alvorada,IBGE Malha de Setores Censitários 2022 — atributos territoriais CD_BAIRRO/NM_BAIRRO e correlatos,Bairro IBGE 2022,5103403041
510340305410069,5103403,Cuiabá,Alvorada,IBGE Malha de Setores Censitários 2022 — atributos territoriais CD_BAIRRO/NM_BAIRRO e correlatos,Bairro IBGE 2022,5103403041
510340305410070,5103403,Cuiabá,Alvorada,IBGE Malha de Setores Censitários 2022 — atributos territoriais CD_BAIRRO/NM_BAIRRO e correlatos,Bairro IBGE 2022,5103403041
510340305410071,5103403,Cuiabá,Alvorada,IBGE Malha de Setores Censitários 2022 — atributos territoriais CD_BAIRRO/NM_BAIRRO e correlatos,Bairro IBGE 2022,5103403041
510340305410073,5103403,Cuiabá,Alvorada,IBGE Malha de Setores Censitários 2022 — atributos territoriais CD_BAIRRO/NM_BAIRRO e correlatos,Bairro IBGE 2022,5103403041
510340305410074,5103403,Cuiabá,Alvorada,IBGE Malha de Setores Censitários 2022 — atributos territoriais CD_BAIRRO/NM_BAIRRO e correlatos,Bairro IBGE 2022,5103403041
510340305410075,5103403,Cuiabá,Alvorada,IBGE Malha de Setores Censitários 2022 — atributos territoriais CD_BAIRRO/NM_BAIRRO e correlatos,Bairro IBGE 2022,5103403041
510340305410076,5103403,Cuiabá,Alvorada,IBGE Malha de Setores Censitários 2022 — atributos territoriais CD_BAIRRO/NM_BAIRRO e correlatos,Bairro IBGE 2022,5103403041
510340305410078,5103403,Cuiabá,Araés,IBGE Malha de Setores Censitários 2022 — atributos territoriais CD_BAIRRO/NM_BAIRRO e correlatos,Bairro IBGE 2022,5103403009
510340305410080,5103403,Cuiabá,Araés,IBGE Malha de Setores Censitários 2022 — atributos territoriais CD_BAIRRO/NM_BAIRRO e correlatos,Bairro IBGE 2022,5103403009
510340305410081,5103403,Cuiabá,Centro Norte,IBGE Malha de Setores Censitários 2022 — atributos territoriais CD_BAIRRO/NM_BAIRRO e correlatos,Bairro IBGE 2022,5103403002
510340305410082,5103403,Cuiabá,Centro Norte,IBGE Malha de Setores Censitários 2022 — atributos territoriais CD_BAIRRO/NM_BAIRRO e correlatos,Bairro IBGE 2022,5103403002
510340305410083,5103403,Cuiabá,Centro Norte,IBGE Malha de Setores Censitários 2022 — atributos territoriais CD_BAIRRO/NM_BAIRRO e correlatos,Bairro IBGE 2022,5103403002
510340305410084,5103403,Cuiabá,Centro Norte,IBGE Malha de Setores Censitários 2022 — atributos territoriais CD_BAIRRO/NM_BAIRRO e correlatos,Bairro IBGE 2022,5103403002
510340305410085,5103403,Cuiabá,Centro Norte,IBGE Malha de Setores Censitários 2022 — atributos territoriais CD_BAIRRO/NM_BAIRRO e correlatos,Bairro IBGE 2022,5103403002
510340305410086,5103403,Cuiabá,Centro Norte,IBGE Malha de Setores Censitários 2022 — atributos territoriais CD_BAIRRO/NM_BAIRRO e correlatos,Bairro IBGE 2022,5103403002
510340305410087,5103403,Cuiabá,Centro Norte,IBGE Malha de Setores Censitários 2022 — atributos territoriais CD_BAIRRO/NM_BAIRRO e correlatos,Bairro IBGE 2022,5103403002
510340305410088,5103403,Cuiabá,Goiabeira,IBGE Malha de Setores Censitários 2022 — atributos territoriais CD_BAIRRO/NM_BAIRRO e correlatos,Bairro IBGE 2022,5103403012
510340305410089,5103403,Cuiabá,Goiabeira,IBGE Malha de Setores Censitários 2022 — atributos territoriais CD_BAIRRO/NM_BAIRRO e correlatos,Bairro IBGE 2022,5103403012
510340305410090,5103403,Cuiabá,Goiabeira,IBGE Malha de Setores Censitários 2022 — atributos territoriais CD_BAIRRO/NM_BAIRRO e correlatos,Bairro IBGE 2022,5103403012
510340305410091,5103403,Cuiabá,Goiabeira,IBGE Malha de Setores Censitários 2022 — atributos territoriais CD_BAIRRO/NM_BAIRRO e correlatos,Bairro IBGE 2022,5103403012
510340305410092,5103403,Cuiabá,Goiabeira,IBGE Malha de Setores Censitários 2022 — atributos territoriais CD_BAIRRO/NM_BAIRRO e correlatos,Bairro IBGE 2022,5103403012
510340305410093,5103403,Cuiabá,Goiabeira,IBGE Malha de Setores Censitários 2022 — atributos territoriais CD_BAIRRO/NM_BAIRRO e correlatos,Bairro IBGE 2022,5103403012
510340305410094,5103403,Cuiabá,Goiabeira,IBGE Malha de Setores Censitários 2022 — atributos territoriais CD_BAIRRO/NM_BAIRRO e correlatos,Bairro IBGE 2022,5103403012
510340305410095,5103403,Cuiabá,Goiabeira,IBGE Malha de Setores Censitários 2022 — atributos territoriais CD_BAIRRO/NM_BAIRRO e correlatos,Bairro IBGE 2022,5103403012
510340305410096,5103403,Cuiabá,Cidade Alta,IBGE Malha de Setores Censitários 2022 — atributos territoriais CD_BAIRRO/NM_BAIRRO e correlatos,Bairro IBGE 2022,5103403014
510340305410097,5103403,Cuiabá,Cidade Alta,IBGE Malha de Setores Censitários 2022 — atributos territoriais CD_BAIRRO/NM_BAIRRO e correlatos,Bairro IBGE 2022,5103403014
510340305410098,5103403,Cuiabá,Cidade Alta,IBGE Malha de Setores Censitários 2022 — atributos territoriais CD_BAIRRO/NM_BAIRRO e correlatos,Bairro IBGE 2022,5103403014
510340305410099,5103403,Cuiabá,Cidade Alta,IBGE Malha de Setores Censitários 2022 — atributos territoriais CD_BAIRRO/NM_BAIRRO e correlatos,Bairro IBGE 2022,5103403014
510340305410100,5103403,Cuiabá,Cidade Alta,IBGE Malha de Setores Censitários 2022 — atributos territoriais CD_BAIRRO/NM_BAIRRO e correlatos,Bairro IBGE 2022,5103403014
510340305410101,5103403,Cuiabá,Cidade Alta,IBGE Malha de Setores Censitários 2022 — atributos territoriais CD_BAIRRO/NM_BAIRRO e correlatos,Bairro IBGE 2022,5103403014
510340305410102,5103403,Cuiabá,Cidade Alta,IBGE Malha de Setores Censitários 2022 — atributos territoriais CD_BAIRRO/NM_BAIRRO e correlatos,Bairro IBGE 2022,5103403014
510340305410103,5103403,Cuiabá,Cidade Alta,IBGE Malha de Setores Censitários 2022 — atributos territoriais CD_BAIRRO/NM_BAIRRO e correlatos,Bairro IBGE 2022,5103403014
510340305410104,5103403,Cuiabá,Cidade Alta,IBGE Malha de Setores Censitários 2022 — atributos territoriais CD_BAIRRO/NM_BAIRRO e correlatos,Bairro IBGE 2022,5103403014
510340305410105,5103403,Cuiabá,Cidade Alta,IBGE Malha de Setores Censitários 2022 — atributos territoriais CD_BAIRRO/NM_BAIRRO e correlatos,Bairro IBGE 2022,5103403014
510340305410106,5103403,Cuiabá,Jardim Cuiabá,IBGE Malha de Setores Censitários 2022 — atributos territoriais CD_BAIRRO/NM_BAIRRO e correlatos,Bairro IBGE 2022,5103403013
510340305410107,5103403,Cuiabá,Jardim Cuiabá,IBGE Malha de Setores Censitários 2022 — atributos territoriais CD_BAIRRO/NM_BAIRRO e correlatos,Bairro IBGE 2022,5103403013
510340305410108,5103403,Cuiabá,Duque de Caxias,IBGE Malha de Setores Censitários 2022 — atributos territoriais CD_BAIRRO/NM_BAIRRO e correlatos,Bairro IBGE 2022,5103403011
510340305410109,5103403,Cuiabá,Duque de Caxias,IBGE Malha de Setores Censitários 2022 — atributos territoriais CD_BAIRRO/NM_BAIRRO e correlatos,Bairro IBGE 2022,5103403011
510340305410110,5103403,Cuiabá,Duque de Caxias,IBGE Malha de Setores Censitários 2022 — atributos territoriais CD_BAIRRO/NM_BAIRRO e correlatos,Bairro IBGE 2022,5103403011
510340305410111,5103403,Cuiabá,Duque de Caxias,IBGE Malha de Setores Censitários 2022 — atributos territoriais CD_BAIRRO/NM_BAIRRO e correlatos,Bairro IBGE 2022,5103403011
510340305410112,5103403,Cuiabá,Duque de Caxias,IBGE Malha de Setores Censitários 2022 — atributos territoriais CD_BAIRRO/NM_BAIRRO e correlatos,Bairro IBGE 2022,5103403011
510340305410113,5103403,Cuiabá,Duque de Caxias,IBGE Malha de Setores Censitários 2022 — atributos territoriais CD_BAIRRO/NM_BAIRRO e correlatos,Bairro IBGE 2022,5103403011
510340305410114,5103403,Cuiabá,Santa Marta,IBGE Malha de Setores Censitários 2022 — atributos territoriais CD_BAIRRO/NM_BAIRRO e correlatos,Bairro IBGE 2022,5103403042
510340305410116,5103403,Cuiabá,Quilombo,IBGE Malha de Setores Censitários 2022 — atributos territoriais CD_BAIRRO/NM_BAIRRO e correlatos,Bairro IBGE 2022,5103403010
510340305410117,5103403,Cuiabá,Quilombo,IBGE Malha de Setores Censitários 2022 — atributos territoriais CD_BAIRRO/NM_BAIRRO e correlatos,Bairro IBGE 2022,5103403010
510340305410118,5103403,Cuiabá,Quilombo,IBGE Malha de Setores Censitários 2022 — atributos territoriais CD_BAIRRO/NM_BAIRRO e correlatos,Bairro IBGE 2022,5103403010
510340305410119,5103403,Cuiabá,Quilombo,IBGE Malha de Setores Censitários 2022 — atributos territoriais CD_BAIRRO/NM_BAIRRO e correlatos,Bairro IBGE 2022,5103403010
510340305410120,5103403,Cuiabá,Quilombo,IBGE Malha de Setores Censitários 2022 — atributos territoriais CD_BAIRRO/NM_BAIRRO e correlatos,Bairro IBGE 2022,5103403010
510340305410121,5103403,Cuiabá,Quilombo,IBGE Malha de Setores Censitários 2022 — atributos territoriais CD_BAIRRO/NM_BAIRRO e correlatos,Bairro IBGE 2022,5103403010
510340305410122,5103403,Cuiabá,Quilombo,IBGE Malha de Setores Censitários 2022 — atributos territoriais CD_BAIRRO/NM_BAIRRO e correlatos,Bairro IBGE 2022,5103403010
510340305410123,5103403,Cuiabá,Quilombo,IBGE Malha de Setores Censitários 2022 — atributos territoriais CD_BAIRRO/NM_BAIRRO e correlatos,Bairro IBGE 2022,5103403010
510340305410124,5103403,Cuiabá,Popular,IBGE Malha de Setores Censitários 2022 — atributos territoriais CD_BAIRRO/NM_BAIRRO e correlatos,Bairro IBGE 2022,5103403017
510340305410125,5103403,Cuiabá,Popular,IBGE Malha de Setores Censitários 2022 — atributos territoriais CD_BAIRRO/NM_BAIRRO e correlatos,Bairro IBGE 2022,5103403017
510340305410126,5103403,Cuiabá,Popular,IBGE Malha de Setores Censitários 2022 — atributos territoriais CD_BAIRRO/NM_BAIRRO e correlatos,Bairro IBGE 2022,5103403017
510340305410127,5103403,Cuiabá,Administração Regional Centro-Oeste,IBGE Malha de Setores Censitários 2022 — atributos territoriais CD_BAIRRO/NM_BAIRRO e correlatos,Subdistrito IBGE 2022,51034030541
510340305410128,5103403,Cuiabá,Centro Sul,IBGE Malha de Setores Censitários 2022 — atributos territoriais CD_BAIRRO/NM_BAIRRO e correlatos,Bairro IBGE 2022,5103403001
510340305410129,5103403,Cuiabá,Centro Sul,IBGE Malha de Setores Censitários 2022 — atributos territoriais CD_BAIRRO/NM_BAIRRO e correlatos,Bairro IBGE 2022,5103403001
510340305410130,5103403,Cuiabá,Centro Sul,IBGE Malha de Setores Censitários 2022 — atributos territoriais CD_BAIRRO/NM_BAIRRO e correlatos,Bairro IBGE 2022,5103403001
510340305410131,5103403,Cuiabá,Porto,IBGE Malha de Setores Censitários 2022 — atributos territoriais CD_BAIRRO/NM_BAIRRO e correlatos,Bairro IBGE 2022,5103403015
510340305410132,5103403,Cuiabá,Porto,IBGE Malha de Setores Censitários 2022 — atributos territoriais CD_BAIRRO/NM_BAIRRO e correlatos,Bairro IBGE 2022,5103403015
510340305410133,5103403,Cuiabá,Porto,IBGE Malha de Setores Censitários 2022 — atributos territoriais CD_BAIRRO/NM_BAIRRO e correlatos,Bairro IBGE 2022,5103403015
510340305410134,5103403,Cuiabá,Porto,IBGE Malha de Setores Censitários 2022 — atributos territoriais CD_BAIRRO/NM_BAIRRO e correlatos,Bairro IBGE 2022,5103403015
510340305410135,5103403,Cuiabá,Coophamil,IBGE Malha de Setores Censitários 2022 — atributos territoriais CD_BAIRRO/NM_BAIRRO e correlatos,Bairro IBGE 2022,5103403029
510340305410136,5103403,Cuiabá,Barra do Pari,IBGE Malha de Setores Censitários 2022 — atributos territoriais CD_BAIRRO/NM_BAIRRO e correlatos,Bairro IBGE 2022,5103403033
510340305410137,5103403,Cuiabá,Santa Rosa,IBGE Malha de Setores Censitários 2022 — atributos territoriais CD_BAIRRO/NM_BAIRRO e correlatos,Bairro IBGE 2022,5103403034
510340305410138,5103403,Cuiabá,Novo Colorado,IBGE Malha de Setores Censitários 2022 — atributos territoriais CD_BAIRRO/NM_BAIRRO e correlatos,Bairro IBGE 2022,5103403037
510340305410139,5103403,Cuiabá,Ribeirão do Lipa,IBGE Malha de Setores Censitários 2022 — atributos territoriais CD_BAIRRO/NM_BAIRRO e correlatos,Bairro IBGE 2022,5103403038
510340305410140,5103403,Cuiabá,Despraiado,IBGE Malha de Setores Censitários 2022 — atributos territoriais CD_BAIRRO/NM_BAIRRO e correlatos,Bairro IBGE 2022,5103403040
510340305410141,5103403,Cuiabá,Despraiado,IBGE Malha de Setores Censitários 2022 — atributos territoriais CD_BAIRRO/NM_BAIRRO e correlatos,Bairro IBGE 2022,5103403040
510340305410142,5103403,Cuiabá,Despraiado,IBGE Malha de Setores Censitários 2022 — atributos territoriais CD_BAIRRO/NM_BAIRRO e correlatos,Bairro IBGE 2022,5103403040
510340305410143,5103403,Cuiabá,Alvorada,IBGE Malha de Setores Censitários 2022 — atributos territoriais CD_BAIRRO/NM_BAIRRO e correlatos,Bairro IBGE 2022,5103403041
510340305410144,5103403,Cuiabá,Alvorada,IBGE Malha de Setores Censitários 2022 — atributos territoriais CD_BAIRRO/NM_BAIRRO e correlatos,Bairro IBGE 2022,5103403041
510340305410145,5103403,Cuiabá,Araés,IBGE Malha de Setores Censitários 2022 — atributos territoriais CD_BAIRRO/NM_BAIRRO e correlatos,Bairro IBGE 2022,5103403009
510340305410146,5103403,Cuiabá,Araés,IBGE Malha de Setores Censitários 2022 — atributos territoriais CD_BAIRRO/NM_BAIRRO e correlatos,Bairro IBGE 2022,5103403009
510340305410147,5103403,Cuiabá,Centro Norte,IBGE Malha de Setores Censitários 2022 — atributos territoriais CD_BAIRRO/NM_BAIRRO e correlatos,Bairro IBGE 2022,5103403002
510340305410148,5103403,Cuiabá,Centro Norte,IBGE Malha de Setores Censitários 2022 — atributos territoriais CD_BAIRRO/NM_BAIRRO e correlatos,Bairro IBGE 2022,5103403002
510340305410149,5103403,Cuiabá,Goiabeira,IBGE Malha de Setores Censitários 2022 — atributos territoriais CD_BAIRRO/NM_BAIRRO e correlatos,Bairro IBGE 2022,5103403012
510340305410150,5103403,Cuiabá,Goiabeira,IBGE Malha de Setores Censitários 2022 — atributos territoriais CD_BAIRRO/NM_BAIRRO e correlatos,Bairro IBGE 2022,5103403012
510340305410151,5103403,Cuiabá,Cidade Alta,IBGE Malha de Setores Censitários 2022 — atributos territoriais CD_BAIRRO/NM_BAIRRO e correlatos,Bairro IBGE 2022,5103403014
510340305410152,5103403,Cuiabá,Cidade Alta,IBGE Malha de Setores Censitários 2022 — atributos territoriais CD_BAIRRO/NM_BAIRRO e correlatos,Bairro IBGE 2022,5103403014
510340305410153,5103403,Cuiabá,Cidade Alta,IBGE Malha de Setores Censitários 2022 — atributos territoriais CD_BAIRRO/NM_BAIRRO e correlatos,Bairro IBGE 2022,5103403014
510340305410154,5103403,Cuiabá,Quilombo,IBGE Malha de Setores Censitários 2022 — atributos territoriais CD_BAIRRO/NM_BAIRRO e correlatos,Bairro IBGE 2022,5103403010
510340305410155,5103403,Cuiabá,Quilombo,IBGE Malha de Setores Censitários 2022 — atributos territoriais CD_BAIRRO/NM_BAIRRO e correlatos,Bairro IBGE 2022,5103403010
510340305410157,5103403,Cuiabá,Coophamil,IBGE Malha de Setores Censitários 2022 — atributos territoriais CD_BAIRRO/NM_BAIRRO e correlatos,Bairro IBGE 2022,5103403029
510340305410158,5103403,Cuiabá,Coophamil,IBGE Malha de Setores Censitários 2022 — atributos territoriais CD_BAIRRO/NM_BAIRRO e correlatos,Bairro IBGE 2022,5103403029
510340305410159,5103403,Cuiabá,Coophamil,IBGE Malha de Setores Censitários 2022 — atributos territoriais CD_BAIRRO/NM_BAIRRO e correlatos,Bairro IBGE 2022,5103403029
510340305410160,5103403,Cuiabá,Novo Terceiro,IBGE Malha de Setores Censitários 2022 — atributos territoriais CD_BAIRRO/NM_BAIRRO e correlatos,Bairro IBGE 2022,5103403030
510340305410161,5103403,Cuiabá,Santa Isabel,IBGE Malha de Setores Censitários 2022 — atributos territoriais CD_BAIRRO/NM_BAIRRO e correlatos,Bairro IBGE 2022,5103403032
510340305410162,5103403,Cuiabá,Barra do Pari,IBGE Malha de Setores Censitários 2022 — atributos territoriais CD_BAIRRO/NM_BAIRRO e correlatos,Bairro IBGE 2022,5103403033
510340305410163,5103403,Cuiabá,Barra do Pari,IBGE Malha de Setores Censitários 2022 — atributos territoriais CD_BAIRRO/NM_BAIRRO e correlatos,Bairro IBGE 2022,5103403033
510340305410164,5103403,Cuiabá,Barra do Pari,IBGE Malha de Setores Censitários 2022 — atributos territoriais CD_BAIRRO/NM_BAIRRO e correlatos,Bairro IBGE 2022,5103403033
510340305410165,5103403,Cuiabá,Novo Colorado,IBGE Malha de Setores Censitários 2022 — atributos territoriais CD_BAIRRO/NM_BAIRRO e correlatos,Bairro IBGE 2022,5103403037
510340305410166,5103403,Cuiabá,Despraiado,IBGE Malha de Setores Censitários 2022 — atributos territoriais CD_BAIRRO/NM_BAIRRO e correlatos,Bairro IBGE 2022,5103403040
510340305410167,5103403,Cuiabá,Despraiado,IBGE Malha de Setores Censitários 2022 — atributos territoriais CD_BAIRRO/NM_BAIRRO e correlatos,Bairro IBGE 2022,5103403040
510340305410168,5103403,Cuiabá,Alvorada,IBGE Malha de Setores Censitários 2022 — atributos territoriais CD_BAIRRO/NM_BAIRRO e correlatos,Bairro IBGE 2022,5103403041
510340305410169,5103403,Cuiabá,Alvorada,IBGE Malha de Setores Censitários 2022 — atributos territoriais CD_BAIRRO/NM_BAIRRO e correlatos,Bairro IBGE 2022,5103403041
510340305410171,5103403,Cuiabá,Alvorada,IBGE Malha de Setores Censitários 2022 — atributos territoriais CD_BAIRRO/NM_BAIRRO e correlatos,Bairro IBGE 2022,5103403041
510340305410172,5103403,Cuiabá,Alvorada,IBGE Malha de Setores Censitários 2022 — atributos territoriais CD_BAIRRO/NM_BAIRRO e correlatos,Bairro IBGE 2022,5103403041
510340305410173,5103403,Cuiabá,Alvorada,IBGE Malha de Setores Censitários 2022 — atributos territoriais CD_BAIRRO/NM_BAIRRO e correlatos,Bairro IBGE 2022,5103403041
510340305410174,5103403,Cuiabá,Araés,IBGE Malha de Setores Censitários 2022 — atributos territoriais CD_BAIRRO/NM_BAIRRO e correlatos,Bairro IBGE 2022,5103403009
510340305410175,5103403,Cuiabá,Centro Norte,IBGE Malha de Setores Censitários 2022 — atributos territoriais CD_BAIRRO/NM_BAIRRO e correlatos,Bairro IBGE 2022,5103403002
510340305410176,5103403,Cuiabá,Centro Norte,IBGE Malha de Setores Censitários 2022 — atributos territoriais CD_BAIRRO/NM_BAIRRO e correlatos,Bairro IBGE 2022,5103403002
510340305410177,5103403,Cuiabá,Centro Norte,IBGE Malha de Setores Censitários 2022 — atributos territoriais CD_BAIRRO/NM_BAIRRO e correlatos,Bairro IBGE 2022,5103403002
510340305410178,5103403,Cuiabá,Cidade Alta,IBGE Malha de Setores Censitários 2022 — atributos territoriais CD_BAIRRO/NM_BAIRRO e correlatos,Bairro IBGE 2022,5103403014
510340305410179,5103403,Cuiabá,Cidade Alta,IBGE Malha de Setores Censitários 2022 — atributos territoriais CD_BAIRRO/NM_BAIRRO e correlatos,Bairro IBGE 2022,5103403014
510340305410180,5103403,Cuiabá,Duque de Caxias,IBGE Malha de Setores Censitários 2022 — atributos territoriais CD_BAIRRO/NM_BAIRRO e correlatos,Bairro IBGE 2022,5103403011
510340305410181,5103403,Cuiabá,Duque de Caxias,IBGE Malha de Setores Censitários 2022 — atributos territoriais CD_BAIRRO/NM_BAIRRO e correlatos,Bairro IBGE 2022,5103403011
510340305410182,5103403,Cuiabá,Santa Marta,IBGE Malha de Setores Censitários 2022 — atributos territoriais CD_BAIRRO/NM_BAIRRO e correlatos,Bairro IBGE 2022,5103403042
510340305410183,5103403,Cuiabá,Quilombo,IBGE Malha de Setores Censitários 2022 — atributos territoriais CD_BAIRRO/NM_BAIRRO e correlatos,Bairro IBGE 2022,5103403010
510340305410184,5103403,Cuiabá,Quilombo,IBGE Malha de Setores Censitários 2022 — atributos territoriais CD_BAIRRO/NM_BAIRRO e correlatos,Bairro IBGE 2022,5103403010
510340305410186,5103403,Cuiabá,Administração Regional Centro-Oeste,IBGE Malha de Setores Censitários 2022 — atributos territoriais CD_BAIRRO/NM_BAIRRO e correlatos,Subdistrito IBGE 2022,51034030541
510340305410187,5103403,Cuiabá,Ribeirão do Lipa,IBGE Malha de Setores Censitários 2022 — atributos territoriais CD_BAIRRO/NM_BAIRRO e correlatos,Bairro IBGE 2022,5103403038
510340305410188,5103403,Cuiabá,Despraiado,IBGE Malha de Setores Censitários 2022 — atributos territoriais CD_BAIRRO/NM_BAIRRO e correlatos,Bairro IBGE 2022,5103403040
510340305410192,5103403,Cuiabá,Administração Regional Centro-Oeste,IBGE Malha de Setores Censitários 2022 — atributos territoriais CD_BAIRRO/NM_BAIRRO e correlatos,Subdistrito IBGE 2022,51034030541
510340305410194,5103403,Cuiabá,Ribeirão do Lipa,IBGE Malha de Setores Censitários 2022 — atributos territoriais CD_BAIRRO/NM_BAIRRO e correlatos,Bairro IBGE 2022,5103403038
510340305410195,5103403,Cuiabá,Administração Regional Centro-Oeste,IBGE Malha de Setores Censitários 2022 — atributos territoriais CD_BAIRRO/NM_BAIRRO e correlatos,Subdistrito IBGE 2022,51034030541
510340305410196,5103403,Cuiabá,Administração Regional Centro-Oeste,IBGE Malha de Setores Censitários 2022 — atributos territoriais CD_BAIRRO/NM_BAIRRO e correlatos,Subdistrito IBGE 2022,51034030541
510340305410197,5103403,Cuiabá,Administração Regional Centro-Oeste,IBGE Malha de Setores Censitários 2022 — atributos territoriais CD_BAIRRO/NM_BAIRRO e correlatos,Subdistrito IBGE 2022,51034030541
510340305410198,5103403,Cuiabá,Administração Regional Centro-Oeste,IBGE Malha de Setores Censitários 2022 — atributos territoriais CD_BAIRRO/NM_BAIRRO e correlatos,Subdistrito IBGE 2022,51034030541
510340305410200,5103403,Cuiabá,Administração Regional Centro-Oeste,IBGE Malha de Setores Censitários 2022 — atributos territoriais CD_BAIRRO/NM_BAIRRO e correlatos,Subdistrito IBGE 2022,51034030541
510340305410201,5103403,Cuiabá,Administração Regional Centro-Oeste,IBGE Malha de Setores Censitários 2022 — atributos territoriais CD_BAIRRO/NM_BAIRRO e correlatos,Subdistrito IBGE 2022,51034030541
510340305410202,5103403,Cuiabá,Administração Regional Centro-Oeste,IBGE Malha de Setores Censitários 2022 — atributos territoriais CD_BAIRRO/NM_BAIRRO e correlatos,Subdistrito IBGE 2022,51034030541
510340305410203,5103403,Cuiabá,Administração Regional Centro-Oeste,IBGE Malha de Setores Censitários 2022 — atributos territoriais CD_BAIRRO/NM_BAIRRO e correlatos,Subdistrito IBGE 2022,51034030541
510340305410204,5103403,Cuiabá,Administração Regional Centro-Oeste,IBGE Malha de Setores Censitários 2022 — atributos territoriais CD_BAIRRO/NM_BAIRRO e correlatos,Subdistrito IBGE 2022,51034030541
510340305410205,5103403,Cuiabá,Administração Regional Centro-Oeste,IBGE Malha de Setores Censitários 2022 — atributos territoriais CD_BAIRRO/NM_BAIRRO e correlatos,Subdistrito IBGE 2022,51034030541
510340305410206,5103403,Cuiabá,Administração Regional Centro-Oeste,IBGE Malha de Setores Censitários 2022 — atributos territoriais CD_BAIRRO/NM_BAIRRO e correlatos,Subdistrito IBGE 2022,51034030541
510340305410207,5103403,Cuiabá,Ribeirão da Ponte,IBGE Malha de Setores Censitários 2022 — atributos territoriais CD_BAIRRO/NM_BAIRRO e correlatos,Bairro IBGE 2022,5103403035
510340305410208,5103403,Cuiabá,Jardim Mariana,IBGE Malha de Setores Censitários 2022 — atributos territoriais CD_BAIRRO/NM_BAIRRO e correlatos,Bairro IBGE 2022,5103403036
510340305410209,5103403,Cuiabá,Jardim Mariana,IBGE Malha de Setores Censitários 2022 — atributos territoriais CD_BAIRRO/NM_BAIRRO e correlatos,Bairro IBGE 2022,5103403036
510340305410210,5103403,Cuiabá,Duque de Caxias,IBGE Malha de Setores Censitários 2022 — atributos territoriais CD_BAIRRO/NM_BAIRRO e correlatos,Bairro IBGE 2022,5103403011
510340305410211,5103403,Cuiabá,Duque de Caxias,IBGE Malha de Setores Censitários 2022 — atributos territoriais CD_BAIRRO/NM_BAIRRO e correlatos,Bairro IBGE 2022,5103403011
510340305410214,5103403,Cuiabá,Administração Regional Centro-Oeste,IBGE Malha de Setores Censitários 2022 — atributos territoriais CD_BAIRRO/NM_BAIRRO e correlatos,Subdistrito IBGE 2022,51034030541
510340305410215,5103403,Cuiabá,Cidade Alta,IBGE Malha de Setores Censitários 2022 — atributos territoriais CD_BAIRRO/NM_BAIRRO e correlatos,Bairro IBGE 2022,5103403014
510340305410216,5103403,Cuiabá,Santa Rosa,IBGE Malha de Setores Censitários 2022 — atributos territoriais CD_BAIRRO/NM_BAIRRO e correlatos,Bairro IBGE 2022,5103403034
510340305410217,5103403,Cuiabá,Santa Rosa,IBGE Malha de Setores Censitários 2022 — atributos territoriais CD_BAIRRO/NM_BAIRRO e correlatos,Bairro IBGE 2022,5103403034
510340305410219,5103403,Cuiabá,Alvorada,IBGE Malha de Setores Censitários 2022 — atributos territoriais CD_BAIRRO/NM_BAIRRO e correlatos,Bairro IBGE 2022,5103403041
510340305410220,5103403,Cuiabá,Alvorada,IBGE Malha de Setores Censitários 2022 — atributos territoriais CD_BAIRRO/NM_BAIRRO e correlatos,Bairro IBGE 2022,5103403041
510340305410221,5103403,Cuiabá,Despraiado,IBGE Malha de Setores Censitários 2022 — atributos territoriais CD_BAIRRO/NM_BAIRRO e correlatos,Bairro IBGE 2022,5103403040
510340305410222,5103403,Cuiabá,Despraiado,IBGE Malha de Setores Censitários 2022 — atributos territoriais CD_BAIRRO/NM_BAIRRO e correlatos,Bairro IBGE 2022,5103403040
510340305410223,5103403,Cuiabá,Despraiado,IBGE Malha de Setores Censitários 2022 — atributos territoriais CD_BAIRRO/NM_BAIRRO e correlatos,Bairro IBGE 2022,5103403040
510340305410224,5103403,Cuiabá,Despraiado,IBGE Malha de Setores Censitários 2022 — atributos territoriais CD_BAIRRO/NM_BAIRRO e correlatos,Bairro IBGE 2022,5103403040
510340305410225,5103403,Cuiabá,Alvorada,IBGE Malha de Setores Censitários 2022 — atributos territoriais CD_BAIRRO/NM_BAIRRO e correlatos,Bairro IBGE 2022,5103403041
510340305410226,5103403,Cuiabá,Alvorada,IBGE Malha de Setores Censitários 2022 — atributos territoriais CD_BAIRRO/NM_BAIRRO e correlatos,Bairro IBGE 2022,5103403041
510340305410227,5103403,Cuiabá,Despraiado,IBGE Malha de Setores Censitários 2022 — atributos territoriais CD_BAIRRO/NM_BAIRRO e correlatos,Bairro IBGE 2022,5103403040
510340305410228,5103403,Cuiabá,Despraiado,IBGE Malha de Setores Censitários 2022 — atributos territoriais CD_BAIRRO/NM_BAIRRO e correlatos,Bairro IBGE 2022,5103403040
510340305410229,5103403,Cuiabá,Alvorada,IBGE Malha de Setores Censitários 2022 — atributos territoriais CD_BAIRRO/NM_BAIRRO e correlatos,Bairro IBGE 2022,5103403041
510340305410230,5103403,Cuiabá,Administração Regional Centro-Oeste,IBGE Malha de Setores Censitários 2022 — atributos territoriais CD_BAIRRO/NM_BAIRRO e correlatos,Subdistrito IBGE 2022,51034030541
510340305410231,5103403,Cuiabá,Administração Regional Centro-Oeste,IBGE Malha de Setores Censitários 2022 — atributos territoriais CD_BAIRRO/NM_BAIRRO e correlatos,Subdistrito IBGE 2022,51034030541
510340305410232,5103403,Cuiabá,Ribeirão da Ponte,IBGE Malha de Setores Censitários 2022 — atributos territoriais CD_BAIRRO/NM_BAIRRO e correlatos,Bairro IBGE 2022,5103403035
510340305410233,5103403,Cuiabá,Ribeirão da Ponte,IBGE Malha de Setores Censitários 2022 — atributos territoriais CD_BAIRRO/NM_BAIRRO e correlatos,Bairro IBGE 2022,5103403035
510340305410234,5103403,Cuiabá,Ribeirão do Lipa,IBGE Malha de Setores Censitários 2022 — atributos territoriais CD_BAIRRO/NM_BAIRRO e correlatos,Bairro IBGE 2022,5103403038
510340305410235,5103403,Cuiabá,Ribeirão do Lipa,IBGE Malha de Setores Censitários 2022 — atributos territoriais CD_BAIRRO/NM_BAIRRO e correlatos,Bairro IBGE 2022,5103403038
510340305410236,5103403,Cuiabá,Jardim Ubirajara,IBGE Malha de Setores Censitários 2022 — atributos territoriais CD_BAIRRO/NM_BAIRRO e correlatos,Bairro IBGE 2022,5103403039
510340305410237,5103403,Cuiabá,Jardim Ubirajara,IBGE Malha de Setores Censitários 2022 — atributos territoriais CD_BAIRRO/NM_BAIRRO e correlatos,Bairro IBGE 2022,5103403039
510340305410238,5103403,Cuiabá,Alvorada,IBGE Malha de Setores Censitários 2022 — atributos territoriais CD_BAIRRO/NM_BAIRRO e correlatos,Bairro IBGE 2022,5103403041
510340305410239,5103403,Cuiabá,Alvorada,IBGE Malha de Setores Censitários 2022 — atributos territoriais CD_BAIRRO/NM_BAIRRO e correlatos,Bairro IBGE 2022,5103403041
510340305410240,5103403,Cuiabá,Ribeirão do Lipa,IBGE Malha de Setores Censitários 2022 — atributos territoriais CD_BAIRRO/NM_BAIRRO e correlatos,Bairro IBGE 2022,5103403038
510340305410241,5103403,Cuiabá,Ribeirão do Lipa,IBGE Malha de Setores Censitários 2022 — atributos territoriais CD_BAIRRO/NM_BAIRRO e correlatos,Bairro IBGE 2022,5103403038
510340305410242,5103403,Cuiabá,Santa Marta,IBGE Malha de Setores Censitários 2022 — atributos territoriais CD_BAIRRO/NM_BAIRRO e correlatos,Bairro IBGE 2022,5103403042
510340305410243,5103403,Cuiabá,Santa Marta,IBGE Malha de Setores Censitários 2022 — atributos territoriais CD_BAIRRO/NM_BAIRRO e correlatos,Bairro IBGE 2022,5103403042
510340305410244,5103403,Cuiabá,Ribeirão da Ponte,IBGE Malha de Setores Censitários 2022 — atributos territoriais CD_BAIRRO/NM_BAIRRO e correlatos,Bairro IBGE 2022,5103403035
510340305410245,5103403,Cuiabá,Ribeirão da Ponte,IBGE Malha de Setores Censitários 2022 — atributos territoriais CD_BAIRRO/NM_BAIRRO e correlatos,Bairro IBGE 2022,5103403035
510340305410246,5103403,Cuiabá,Despraiado,IBGE Malha de Setores Censitários 2022 — atributos territoriais CD_BAIRRO/NM_BAIRRO e correlatos,Bairro IBGE 2022,5103403040
510340305410247,5103403,Cuiabá,Despraiado,IBGE Malha de Setores Censitários 2022 — atributos territoriais CD_BAIRRO/NM_BAIRRO e correlatos,Bairro IBGE 2022,5103403040
510340305410248,5103403,Cuiabá,Alvorada,IBGE Malha de Setores Censitários 2022 — atributos territoriais CD_BAIRRO/NM_BAIRRO e correlatos,Bairro IBGE 2022,5103403041
510340305410249,5103403,Cuiabá,Alvorada,IBGE Malha de Setores Censitários 2022 — atributos territoriais CD_BAIRRO/NM_BAIRRO e correlatos,Bairro IBGE 2022,5103403041
510340305410250,5103403,Cuiabá,Araés,IBGE Malha de Setores Censitários 2022 — atributos territoriais CD_BAIRRO/NM_BAIRRO e correlatos,Bairro IBGE 2022,5103403009
510340305410251,5103403,Cuiabá,Araés,IBGE Malha de Setores Censitários 2022 — atributos territoriais CD_BAIRRO/NM_BAIRRO e correlatos,Bairro IBGE 2022,5103403009
510340305410252,5103403,Cuiabá,Administração Regional Centro-Oeste,IBGE Malha de Setores Censitários 2022 — atributos territoriais CD_BAIRRO/NM_BAIRRO e correlatos,Subdistrito IBGE 2022,51034030541
510340305410253,5103403,Cuiabá,Administração Regional Centro-Oeste,IBGE Malha de Setores Censitários 2022 — atributos territoriais CD_BAIRRO/NM_BAIRRO e correlatos,Subdistrito IBGE 2022,51034030541
510340305410254,5103403,Cuiabá,Quilombo,IBGE Malha de Setores Censitários 2022 — atributos territoriais CD_BAIRRO/NM_BAIRRO e correlatos,Bairro IBGE 2022,5103403010
510340305410255,5103403,Cuiabá,Quilombo,IBGE Malha de Setores Censitários 2022 — atributos territoriais CD_BAIRRO/NM_BAIRRO e correlatos,Bairro IBGE 2022,5103403010
510340305410256,5103403,Cuiabá,Porto,IBGE Malha de Setores Censitários 2022 — atributos territoriais CD_BAIRRO/NM_BAIRRO e correlatos,Bairro IBGE 2022,5103403015
510340305410257,5103403,Cuiabá,Porto,IBGE Malha de Setores Censitários 2022 — atributos territoriais CD_BAIRRO/NM_BAIRRO e correlatos,Bairro IBGE 2022,5103403015
510340305410258,5103403,Cuiabá,Porto,IBGE Malha de Setores Censitários 2022 — atributos territoriais CD_BAIRRO/NM_BAIRRO e correlatos,Bairro IBGE 2022,5103403015
510340305410259,5103403,Cuiabá,Ribeirão do Lipa,IBGE Malha de Setores Censitários 2022 — atributos territoriais CD_BAIRRO/NM_BAIRRO e correlatos,Bairro IBGE 2022,5103403038
510340305410260,5103403,Cuiabá,Ribeirão do Lipa,IBGE Malha de Setores Censitários 2022 — atributos territoriais CD_BAIRRO/NM_BAIRRO e correlatos,Bairro IBGE 2022,5103403038
510340305410261,5103403,Cuiabá,Administração Regional Centro-Oeste,IBGE Malha de Setores Censitários 2022 — atributos territoriais CD_BAIRRO/NM_BAIRRO e correlatos,Subdistrito IBGE 2022,51034030541
510340305410262,5103403,Cuiabá,Administração Regional Centro-Oeste,IBGE Malha de Setores Censitários 2022 — atributos territoriais CD_BAIRRO/NM_BAIRRO e correlatos,Subdistrito IBGE 2022,51034030541
510340305420001,5103403,Cuiabá,Areão,IBGE Malha de Setores Censitários 2022 — atributos territoriais CD_BAIRRO/NM_BAIRRO e correlatos,Bairro IBGE 2022,5103403007
510340305420002,5103403,Cuiabá,Areão,IBGE Malha de Setores Censitários 2022 — atributos territoriais CD_BAIRRO/NM_BAIRRO e correlatos,Bairro IBGE 2022,5103403007
510340305420003,5103403,Cuiabá,Areão,IBGE Malha de Setores Censitários 2022 — atributos territoriais CD_BAIRRO/NM_BAIRRO e correlatos,Bairro IBGE 2022,5103403007
510340305420004,5103403,Cuiabá,Areão,IBGE Malha de Setores Censitários 2022 — atributos territoriais CD_BAIRRO/NM_BAIRRO e correlatos,Bairro IBGE 2022,5103403007
510340305420005,5103403,Cuiabá,Areão,IBGE Malha de Setores Censitários 2022 — atributos territoriais CD_BAIRRO/NM_BAIRRO e correlatos,Bairro IBGE 2022,5103403007
510340305420006,5103403,Cuiabá,Areão,IBGE Malha de Setores Censitários 2022 — atributos territoriais CD_BAIRRO/NM_BAIRRO e correlatos,Bairro IBGE 2022,5103403007
510340305420007,5103403,Cuiabá,Lixeira,IBGE Malha de Setores Censitários 2022 — atributos territoriais CD_BAIRRO/NM_BAIRRO e correlatos,Bairro IBGE 2022,5103403008
510340305420008,5103403,Cuiabá,Lixeira,IBGE Malha de Setores Censitários 2022 — atributos territoriais CD_BAIRRO/NM_BAIRRO e correlatos,Bairro IBGE 2022,5103403008
510340305420009,5103403,Cuiabá,Lixeira,IBGE Malha de Setores Censitários 2022 — atributos territoriais CD_BAIRRO/NM_BAIRRO e correlatos,Bairro IBGE 2022,5103403008
510340305420010,5103403,Cuiabá,Lixeira,IBGE Malha de Setores Censitários 2022 — atributos territoriais CD_BAIRRO/NM_BAIRRO e correlatos,Bairro IBGE 2022,5103403008
510340305420011,5103403,Cuiabá,Baú,IBGE Malha de Setores Censitários 2022 — atributos territoriais CD_BAIRRO/NM_BAIRRO e correlatos,Bairro IBGE 2022,5103403016
510340305420012,5103403,Cuiabá,Baú,IBGE Malha de Setores Censitários 2022 — atributos territoriais CD_BAIRRO/NM_BAIRRO e correlatos,Bairro IBGE 2022,5103403016
510340305420013,5103403,Cuiabá,Baú,IBGE Malha de Setores Censitários 2022 — atributos territoriais CD_BAIRRO/NM_BAIRRO e correlatos,Bairro IBGE 2022,5103403016
510340305420014,5103403,Cuiabá,Bosque da Saúde,IBGE Malha de Setores Censitários 2022 — atributos territoriais CD_BAIRRO/NM_BAIRRO e correlatos,Bairro IBGE 2022,5103403060
510340305420015,5103403,Cuiabá,Bosque da Saúde,IBGE Malha de Setores Censitários 2022 — atributos territoriais CD_BAIRRO/NM_BAIRRO e correlatos,Bairro IBGE 2022,5103403060
510340305420016,5103403,Cuiabá,Bosque da Saúde,IBGE Malha de Setores Censitários 2022 — atributos territoriais CD_BAIRRO/NM_BAIRRO e correlatos,Bairro IBGE 2022,5103403060
510340305420017,5103403,Cuiabá,Bosque da Saúde,IBGE Malha de Setores Censitários 2022 — atributos territoriais CD_BAIRRO/NM_BAIRRO e correlatos,Bairro IBGE 2022,5103403060
510340305420018,5103403,Cuiabá,Jardim Aclimação,IBGE Malha de Setores Censitários 2022 — atributos territoriais CD_BAIRRO/NM_BAIRRO e correlatos,Bairro IBGE 2022,5103403061
510340305420019,5103403,Cuiabá,Jardim Aclimação,IBGE Malha de Setores Censitários 2022 — atributos territoriais CD_BAIRRO/NM_BAIRRO e correlatos,Bairro IBGE 2022,5103403061
510340305420020,5103403,Cuiabá,Terra Nova,IBGE Malha de Setores Censitários 2022 — atributos territoriais CD_BAIRRO/NM_BAIRRO e correlatos,Bairro IBGE 2022,5103403063
510340305420021,5103403,Cuiabá,Terra Nova,IBGE Malha de Setores Censitários 2022 — atributos territoriais CD_BAIRRO/NM_BAIRRO e correlatos,Bairro IBGE 2022,5103403063
510340305420022,5103403,Cuiabá,Terra Nova,IBGE Malha de Setores Censitários 2022 — atributos territoriais CD_BAIRRO/NM_BAIRRO e correlatos,Bairro IBGE 2022,5103403063
510340305420023,5103403,Cuiabá,Terra Nova,IBGE Malha de Setores Censitários 2022 — atributos territoriais CD_BAIRRO/NM_BAIRRO e correlatos,Bairro IBGE 2022,5103403063
510340305420024,5103403,Cuiabá,Bela Vista,IBGE Malha de Setores Censitários 2022 — atributos territoriais CD_BAIRRO/NM_BAIRRO e correlatos,Bairro IBGE 2022,5103403064
510340305420025,5103403,Cuiabá,Dom Bosco,IBGE Malha de Setores Censitários 2022 — atributos territoriais CD_BAIRRO/NM_BAIRRO e correlatos,Bairro IBGE 2022,5103403065
510340305420026,5103403,Cuiabá,Canjica,IBGE Malha de Setores Censitários 2022 — atributos territoriais CD_BAIRRO/NM_BAIRRO e correlatos,Bairro IBGE 2022,5103403062
510340305420028,5103403,Cuiabá,Pedregal,IBGE Malha de Setores Censitários 2022 — atributos territoriais CD_BAIRRO/NM_BAIRRO e correlatos,Bairro IBGE 2022,5103403059
510340305420029,5103403,Cuiabá,Pedregal,IBGE Malha de Setores Censitários 2022 — atributos territoriais CD_BAIRRO/NM_BAIRRO e correlatos,Bairro IBGE 2022,5103403059
510340305420030,5103403,Cuiabá,Pedregal,IBGE Malha de Setores Censitários 2022 — atributos territoriais CD_BAIRRO/NM_BAIRRO e correlatos,Bairro IBGE 2022,5103403059
510340305420031,5103403,Cuiabá,Pedregal,IBGE Malha de Setores Censitários 2022 — atributos territoriais CD_BAIRRO/NM_BAIRRO e correlatos,Bairro IBGE 2022,5103403059
510340305420032,5103403,Cuiabá,Pedregal,IBGE Malha de Setores Censitários 2022 — atributos territoriais CD_BAIRRO/NM_BAIRRO e correlatos,Bairro IBGE 2022,5103403059
510340305420033,5103403,Cuiabá,Pedregal,IBGE Malha de Setores Censitários 2022 — atributos territoriais CD_BAIRRO/NM_BAIRRO e correlatos,Bairro IBGE 2022,5103403059
510340305420034,5103403,Cuiabá,Pedregal,IBGE Malha de Setores Censitários 2022 — atributos territoriais CD_BAIRRO/NM_BAIRRO e correlatos,Bairro IBGE 2022,5103403059
510340305420035,5103403,Cuiabá,Pedregal,IBGE Malha de Setores Censitários 2022 — atributos territoriais CD_BAIRRO/NM_BAIRRO e correlatos,Bairro IBGE 2022,5103403059
510340305420036,5103403,Cuiabá,Jardim Leblon,IBGE Malha de Setores Censitários 2022 — atributos territoriais CD_BAIRRO/NM_BAIRRO e correlatos,Bairro IBGE 2022,5103403058
510340305420037,5103403,Cuiabá,Jardim Leblon,IBGE Malha de Setores Censitários 2022 — atributos territoriais CD_BAIRRO/NM_BAIRRO e correlatos,Bairro IBGE 2022,5103403058
510340305420038,5103403,Cuiabá,Jardim Leblon,IBGE Malha de Setores Censitários 2022 — atributos territoriais CD_BAIRRO/NM_BAIRRO e correlatos,Bairro IBGE 2022,5103403058
510340305420041,5103403,Cuiabá,Jardim das Américas,IBGE Malha de Setores Censitários 2022 — atributos territoriais CD_BAIRRO/NM_BAIRRO e correlatos,Bairro IBGE 2022,5103403057
510340305420042,5103403,Cuiabá,Pico do Amor,IBGE Malha de Setores Censitários 2022 — atributos territoriais CD_BAIRRO/NM_BAIRRO e correlatos,Bairro IBGE 2022,5103403056
510340305420043,5103403,Cuiabá,Pico do Amor,IBGE Malha de Setores Censitários 2022 — atributos territoriais CD_BAIRRO/NM_BAIRRO e correlatos,Bairro IBGE 2022,5103403056
510340305420044,5103403,Cuiabá,Jardim Tropical,IBGE Malha de Setores Censitários 2022 — atributos territoriais CD_BAIRRO/NM_BAIRRO e correlatos,Bairro IBGE 2022,5103403055
510340305420045,5103403,Cuiabá,Jardim Tropical,IBGE Malha de Setores Censitários 2022 — atributos territoriais CD_BAIRRO/NM_BAIRRO e correlatos,Bairro IBGE 2022,5103403055
510340305420046,5103403,Cuiabá,Campo Velho,IBGE Malha de Setores Censitários 2022 — atributos territoriais CD_BAIRRO/NM_BAIRRO e correlatos,Bairro IBGE 2022,5103403054
510340305420047,5103403,Cuiabá,Campo Velho,IBGE Malha de Setores Censitários 2022 — atributos territoriais CD_BAIRRO/NM_BAIRRO e correlatos,Bairro IBGE 2022,5103403054
510340305420048,5103403,Cuiabá,Campo Velho,IBGE Malha de Setores Censitários 2022 — atributos territoriais CD_BAIRRO/NM_BAIRRO e correlatos,Bairro IBGE 2022,5103403054
510340305420049,5103403,Cuiabá,Barbado,IBGE Malha de Setores Censitários 2022 — atributos territoriais CD_BAIRRO/NM_BAIRRO e correlatos,Bairro IBGE 2022,5103403500
510340305420050,5103403,Cuiabá,Jardim Campus Elizius,IBGE Malha de Setores Censitários 2022 — atributos territoriais CD_BAIRRO/NM_BAIRRO e correlatos,Bairro IBGE 2022,5103403501
510340305420051,5103403,Cuiabá,Grande Terceiro,IBGE Malha de Setores Censitários 2022 — atributos territoriais CD_BAIRRO/NM_BAIRRO e correlatos,Bairro IBGE 2022,5103403051
510340305420052,5103403,Cuiabá,Grande Terceiro,IBGE Malha de Setores Censitários 2022 — atributos territoriais CD_BAIRRO/NM_BAIRRO e correlatos,Bairro IBGE 2022,5103403051
510340305420053,5103403,Cuiabá,Jardim Europa,IBGE Malha de Setores Censitários 2022 — atributos territoriais CD_BAIRRO/NM_BAIRRO e correlatos,Bairro IBGE 2022,5103403052
510340305420054,5103403,Cuiabá,Jardim Europa,IBGE Malha de Setores Censitários 2022 — atributos territoriais CD_BAIRRO/NM_BAIRRO e correlatos,Bairro IBGE 2022,5103403052
510340305420055,5103403,Cuiabá,Jardim Paulista,IBGE Malha de Setores Censitários 2022 — atributos territoriais CD_BAIRRO/NM_BAIRRO e correlatos,Bairro IBGE 2022,5103403053
510340305420056,5103403,Cuiabá,Jardim Paulista,IBGE Malha de Setores Censitários 2022 — atributos territoriais CD_BAIRRO/NM_BAIRRO e correlatos,Bairro IBGE 2022,5103403053
510340305420057,5103403,Cuiabá,Terceiro,IBGE Malha de Setores Censitários 2022 — atributos territoriais CD_BAIRRO/NM_BAIRRO e correlatos,Bairro IBGE 2022,5103403003
510340305420058,5103403,Cuiabá,Terceiro,IBGE Malha de Setores Censitários 2022 — atributos territoriais CD_BAIRRO/NM_BAIRRO e correlatos,Bairro IBGE 2022,5103403003
510340305420059,5103403,Cuiabá,Dom Aquino,IBGE Malha de Setores Censitários 2022 — atributos territoriais CD_BAIRRO/NM_BAIRRO e correlatos,Bairro IBGE 2022,5103403004
510340305420060,5103403,Cuiabá,Dom Aquino,IBGE Malha de Setores Censitários 2022 — atributos territoriais CD_BAIRRO/NM_BAIRRO e correlatos,Bairro IBGE 2022,5103403004
510340305420062,5103403,Cuiabá,Dom Aquino,IBGE Malha de Setores Censitários 2022 — atributos territoriais CD_BAIRRO/NM_BAIRRO e correlatos,Bairro IBGE 2022,5103403004
510340305420063,5103403,Cuiabá,Dom Aquino,IBGE Malha de Setores Censitários 2022 — atributos territoriais CD_BAIRRO/NM_BAIRRO e correlatos,Bairro IBGE 2022,5103403004
510340305420065,5103403,Cuiabá,Dom Aquino,IBGE Malha de Setores Censitários 2022 — atributos territoriais CD_BAIRRO/NM_BAIRRO e correlatos,Bairro IBGE 2022,5103403004
510340305420066,5103403,Cuiabá,Dom Aquino,IBGE Malha de Setores Censitários 2022 — atributos territoriais CD_BAIRRO/NM_BAIRRO e correlatos,Bairro IBGE 2022,5103403004
510340305420067,5103403,Cuiabá,Dom Aquino,IBGE Malha de Setores Censitários 2022 — atributos territoriais CD_BAIRRO/NM_BAIRRO e correlatos,Bairro IBGE 2022,5103403004
510340305420068,5103403,Cuiabá,Dom Aquino,IBGE Malha de Setores Censitários 2022 — atributos territoriais CD_BAIRRO/NM_BAIRRO e correlatos,Bairro IBGE 2022,5103403004
510340305420069,5103403,Cuiabá,Dom Aquino,IBGE Malha de Setores Censitários 2022 — atributos territoriais CD_BAIRRO/NM_BAIRRO e correlatos,Bairro IBGE 2022,5103403004
510340305420070,5103403,Cuiabá,Dom Aquino,IBGE Malha de Setores Censitários 2022 — atributos territoriais CD_BAIRRO/NM_BAIRRO e correlatos,Bairro IBGE 2022,5103403004
510340305420071,5103403,Cuiabá,Dom Aquino,IBGE Malha de Setores Censitários 2022 — atributos territoriais CD_BAIRRO/NM_BAIRRO e correlatos,Bairro IBGE 2022,5103403004
510340305420072,5103403,Cuiabá,Dom Aquino,IBGE Malha de Setores Censitários 2022 — atributos territoriais CD_BAIRRO/NM_BAIRRO e correlatos,Bairro IBGE 2022,5103403004
510340305420073,5103403,Cuiabá,Poção,IBGE Malha de Setores Censitários 2022 — atributos territoriais CD_BAIRRO/NM_BAIRRO e correlatos,Bairro IBGE 2022,5103403005
510340305420074,5103403,Cuiabá,Poção,IBGE Malha de Setores Censitários 2022 — atributos territoriais CD_BAIRRO/NM_BAIRRO e correlatos,Bairro IBGE 2022,5103403005
510340305420075,5103403,Cuiabá,Poção,IBGE Malha de Setores Censitários 2022 — atributos territoriais CD_BAIRRO/NM_BAIRRO e correlatos,Bairro IBGE 2022,5103403005
510340305420076,5103403,Cuiabá,Poção,IBGE Malha de Setores Censitários 2022 — atributos territoriais CD_BAIRRO/NM_BAIRRO e correlatos,Bairro IBGE 2022,5103403005
510340305420077,5103403,Cuiabá,Poção,IBGE Malha de Setores Censitários 2022 — atributos territoriais CD_BAIRRO/NM_BAIRRO e correlatos,Bairro IBGE 2022,5103403005
510340305420078,5103403,Cuiabá,Poção,IBGE Malha de Setores Censitários 2022 — atributos territoriais CD_BAIRRO/NM_BAIRRO e correlatos,Bairro IBGE 2022,5103403005
510340305420079,5103403,Cuiabá,Bandeirantes,IBGE Malha de Setores Censitários 2022 — atributos territoriais CD_BAIRRO/NM_BAIRRO e correlatos,Bairro IBGE 2022,5103403006
510340305420080,5103403,Cuiabá,Bandeirantes,IBGE Malha de Setores Censitários 2022 — atributos territoriais CD_BAIRRO/NM_BAIRRO e correlatos,Bairro IBGE 2022,5103403006
510340305420081,5103403,Cuiabá,Araés,IBGE Malha de Setores Censitários 2022 — atributos territoriais CD_BAIRRO/NM_BAIRRO e correlatos,Bairro IBGE 2022,5103403009
510340305420082,5103403,Cuiabá,Araés,IBGE Malha de Setores Censitários 2022 — atributos territoriais CD_BAIRRO/NM_BAIRRO e correlatos,Bairro IBGE 2022,5103403009
510340305420083,5103403,Cuiabá,Araés,IBGE Malha de Setores Censitários 2022 — atributos territoriais CD_BAIRRO/NM_BAIRRO e correlatos,Bairro IBGE 2022,5103403009
510340305420084,5103403,Cuiabá,Areão,IBGE Malha de Setores Censitários 2022 — atributos territoriais CD_BAIRRO/NM_BAIRRO e correlatos,Bairro IBGE 2022,5103403007
510340305420085,5103403,Cuiabá,Lixeira,IBGE Malha de Setores Censitários 2022 — atributos territoriais CD_BAIRRO/NM_BAIRRO e correlatos,Bairro IBGE 2022,5103403008
510340305420086,5103403,Cuiabá,Lixeira,IBGE Malha de Setores Censitários 2022 — atributos territoriais CD_BAIRRO/NM_BAIRRO e correlatos,Bairro IBGE 2022,5103403008
510340305420087,5103403,Cuiabá,Lixeira,IBGE Malha de Setores Censitários 2022 — atributos territoriais CD_BAIRRO/NM_BAIRRO e correlatos,Bairro IBGE 2022,5103403008
510340305420088,5103403,Cuiabá,Baú,IBGE Malha de Setores Censitários 2022 — atributos territoriais CD_BAIRRO/NM_BAIRRO e correlatos,Bairro IBGE 2022,5103403016
510340305420090,5103403,Cuiabá,Canjica,IBGE Malha de Setores Censitários 2022 — atributos territoriais CD_BAIRRO/NM_BAIRRO e correlatos,Bairro IBGE 2022,5103403062
510340305420091,5103403,Cuiabá,Canjica,IBGE Malha de Setores Censitários 2022 — atributos territoriais CD_BAIRRO/NM_BAIRRO e correlatos,Bairro IBGE 2022,5103403062
510340305420092,5103403,Cuiabá,Jardim Leblon,IBGE Malha de Setores Censitários 2022 — atributos territoriais CD_BAIRRO/NM_BAIRRO e correlatos,Bairro IBGE 2022,5103403058
510340305420093,5103403,Cuiabá,Jardim Leblon,IBGE Malha de Setores Censitários 2022 — atributos territoriais CD_BAIRRO/NM_BAIRRO e correlatos,Bairro IBGE 2022,5103403058
510340305420094,5103403,Cuiabá,Jardim das Américas,IBGE Malha de Setores Censitários 2022 — atributos territoriais CD_BAIRRO/NM_BAIRRO e correlatos,Bairro IBGE 2022,5103403057
510340305420096,5103403,Cuiabá,Jardim Campus Elizius,IBGE Malha de Setores Censitários 2022 — atributos territoriais CD_BAIRRO/NM_BAIRRO e correlatos,Bairro IBGE 2022,5103403501
510340305420097,5103403,Cuiabá,Grande Terceiro,IBGE Malha de Setores Censitários 2022 — atributos territoriais CD_BAIRRO/NM_BAIRRO e correlatos,Bairro IBGE 2022,5103403051
510340305420099,5103403,Cuiabá,Jardim Paulista,IBGE Malha de Setores Censitários 2022 — atributos territoriais CD_BAIRRO/NM_BAIRRO e correlatos,Bairro IBGE 2022,5103403053
510340305420100,5103403,Cuiabá,Terceiro,IBGE Malha de Setores Censitários 2022 — atributos territoriais CD_BAIRRO/NM_BAIRRO e correlatos,Bairro IBGE 2022,5103403003
510340305420101,5103403,Cuiabá,Dom Aquino,IBGE Malha de Setores Censitários 2022 — atributos territoriais CD_BAIRRO/NM_BAIRRO e correlatos,Bairro IBGE 2022,5103403004
510340305420102,5103403,Cuiabá,Dom Aquino,IBGE Malha de Setores Censitários 2022 — atributos territoriais CD_BAIRRO/NM_BAIRRO e correlatos,Bairro IBGE 2022,5103403004
510340305420103,5103403,Cuiabá,Dom Aquino,IBGE Malha de Setores Censitários 2022 — atributos territoriais CD_BAIRRO/NM_BAIRRO e correlatos,Bairro IBGE 2022,5103403004
510340305420104,5103403,Cuiabá,Areão,IBGE Malha de Setores Censitários 2022 — atributos territoriais CD_BAIRRO/NM_BAIRRO e correlatos,Bairro IBGE 2022,5103403007
510340305420105,5103403,Cuiabá,Areão,IBGE Malha de Setores Censitários 2022 — atributos territoriais CD_BAIRRO/NM_BAIRRO e correlatos,Bairro IBGE 2022,5103403007
510340305420106,5103403,Cuiabá,Bosque da Saúde,IBGE Malha de Setores Censitários 2022 — atributos territoriais CD_BAIRRO/NM_BAIRRO e correlatos,Bairro IBGE 2022,5103403060
510340305420108,5103403,Cuiabá,Terra Nova,IBGE Malha de Setores Censitários 2022 — atributos territoriais CD_BAIRRO/NM_BAIRRO e correlatos,Bairro IBGE 2022,5103403063
510340305420109,5103403,Cuiabá,Terra Nova,IBGE Malha de Setores Censitários 2022 — atributos territoriais CD_BAIRRO/NM_BAIRRO e correlatos,Bairro IBGE 2022,5103403063
510340305420110,5103403,Cuiabá,Jardim das Américas,IBGE Malha de Setores Censitários 2022 — atributos territoriais CD_BAIRRO/NM_BAIRRO e correlatos,Bairro IBGE 2022,5103403057
510340305420111,5103403,Cuiabá,Jardim Tropical,IBGE Malha de Setores Censitários 2022 — atributos territoriais CD_BAIRRO/NM_BAIRRO e correlatos,Bairro IBGE 2022,5103403055
510340305420112,5103403,Cuiabá,Campo Velho,IBGE Malha de Setores Censitários 2022 — atributos territoriais CD_BAIRRO/NM_BAIRRO e correlatos,Bairro IBGE 2022,5103403054
510340305420113,5103403,Cuiabá,Jardim Europa,IBGE Malha de Setores Censitários 2022 — atributos territoriais CD_BAIRRO/NM_BAIRRO e correlatos,Bairro IBGE 2022,5103403052
510340305420114,5103403,Cuiabá,Jardim Europa,IBGE Malha de Setores Censitários 2022 — atributos territoriais CD_BAIRRO/NM_BAIRRO e correlatos,Bairro IBGE 2022,5103403052
510340305420115,5103403,Cuiabá,Jardim Paulista,IBGE Malha de Setores Censitários 2022 — atributos territoriais CD_BAIRRO/NM_BAIRRO e correlatos,Bairro IBGE 2022,5103403053
510340305420116,5103403,Cuiabá,Terceiro,IBGE Malha de Setores Censitários 2022 — atributos territoriais CD_BAIRRO/NM_BAIRRO e correlatos,Bairro IBGE 2022,5103403003
510340305420117,5103403,Cuiabá,Poção,IBGE Malha de Setores Censitários 2022 — atributos territoriais CD_BAIRRO/NM_BAIRRO e correlatos,Bairro IBGE 2022,5103403005
510340305420118,5103403,Cuiabá,Bosque da Saúde,IBGE Malha de Setores Censitários 2022 — atributos territoriais CD_BAIRRO/NM_BAIRRO e correlatos,Bairro IBGE 2022,5103403060
510340305420119,5103403,Cuiabá,Jardim das Américas,IBGE Malha de Setores Censitários 2022 — atributos territoriais CD_BAIRRO/NM_BAIRRO e correlatos,Bairro IBGE 2022,5103403057
510340305420120,5103403,Cuiabá,Jardim Campus Elizius,IBGE Malha de Setores Censitários 2022 — atributos territoriais CD_BAIRRO/NM_BAIRRO e correlatos,Bairro IBGE 2022,5103403501
510340305420121,5103403,Cuiabá,Terceiro,IBGE Malha de Setores Censitários 2022 — atributos territoriais CD_BAIRRO/NM_BAIRRO e correlatos,Bairro IBGE 2022,5103403003
510340305420123,5103403,Cuiabá,Jardim Aclimação,IBGE Malha de Setores Censitários 2022 — atributos territoriais CD_BAIRRO/NM_BAIRRO e correlatos,Bairro IBGE 2022,5103403061
510340305420124,5103403,Cuiabá,Jardim Aclimação,IBGE Malha de Setores Censitários 2022 — atributos territoriais CD_BAIRRO/NM_BAIRRO e correlatos,Bairro IBGE 2022,5103403061
510340305420125,5103403,Cuiabá,Bosque da Saúde,IBGE Malha de Setores Censitários 2022 — atributos territoriais CD_BAIRRO/NM_BAIRRO e correlatos,Bairro IBGE 2022,5103403060
510340305420126,5103403,Cuiabá,Bosque da Saúde,IBGE Malha de Setores Censitários 2022 — atributos territoriais CD_BAIRRO/NM_BAIRRO e correlatos,Bairro IBGE 2022,5103403060
510340305420127,5103403,Cuiabá,Grande Terceiro,IBGE Malha de Setores Censitários 2022 — atributos territoriais CD_BAIRRO/NM_BAIRRO e correlatos,Bairro IBGE 2022,5103403051
510340305420128,5103403,Cuiabá,Grande Terceiro,IBGE Malha de Setores Censitários 2022 — atributos territoriais CD_BAIRRO/NM_BAIRRO e correlatos,Bairro IBGE 2022,5103403051
510340305420129,5103403,Cuiabá,Grande Terceiro,IBGE Malha de Setores Censitários 2022 — atributos territoriais CD_BAIRRO/NM_BAIRRO e correlatos,Bairro IBGE 2022,5103403051
510340305420130,5103403,Cuiabá,Dom Aquino,IBGE Malha de Setores Censitários 2022 — atributos territoriais CD_BAIRRO/NM_BAIRRO e correlatos,Bairro IBGE 2022,5103403004
510340305420131,5103403,Cuiabá,Dom Aquino,IBGE Malha de Setores Censitários 2022 — atributos territoriais CD_BAIRRO/NM_BAIRRO e correlatos,Bairro IBGE 2022,5103403004
510340305420132,5103403,Cuiabá,Administração Regional Centro-Leste,IBGE Malha de Setores Censitários 2022 — atributos territoriais CD_BAIRRO/NM_BAIRRO e correlatos,Subdistrito IBGE 2022,51034030542
510340305420133,5103403,Cuiabá,Administração Regional Centro-Leste,IBGE Malha de Setores Censitários 2022 — atributos territoriais CD_BAIRRO/NM_BAIRRO e correlatos,Subdistrito IBGE 2022,51034030542
510340305420134,5103403,Cuiabá,Terra Nova,IBGE Malha de Setores Censitários 2022 — atributos territoriais CD_BAIRRO/NM_BAIRRO e correlatos,Bairro IBGE 2022,5103403063
510340305420135,5103403,Cuiabá,Dom Bosco,IBGE Malha de Setores Censitários 2022 — atributos territoriais CD_BAIRRO/NM_BAIRRO e correlatos,Bairro IBGE 2022,5103403065
510340305420136,5103403,Cuiabá,Dom Aquino,IBGE Malha de Setores Censitários 2022 — atributos territoriais CD_BAIRRO/NM_BAIRRO e correlatos,Bairro IBGE 2022,5103403004
510340305420137,5103403,Cuiabá,Dom Aquino,IBGE Malha de Setores Censitários 2022 — atributos territoriais CD_BAIRRO/NM_BAIRRO e correlatos,Bairro IBGE 2022,5103403004
510340305420138,5103403,Cuiabá,Jardim Leblon,IBGE Malha de Setores Censitários 2022 — atributos territoriais CD_BAIRRO/NM_BAIRRO e correlatos,Bairro IBGE 2022,5103403058
510340305420139,5103403,Cuiabá,Jardim Leblon,IBGE Malha de Setores Censitários 2022 — atributos territoriais CD_BAIRRO/NM_BAIRRO e correlatos,Bairro IBGE 2022,5103403058
510340305420140,5103403,Cuiabá,Jardim Leblon,IBGE Malha de Setores Censitários 2022 — atributos territoriais CD_BAIRRO/NM_BAIRRO e correlatos,Bairro IBGE 2022,5103403058
510340305420141,5103403,Cuiabá,Jardim Leblon,IBGE Malha de Setores Censitários 2022 — atributos territoriais CD_BAIRRO/NM_BAIRRO e correlatos,Bairro IBGE 2022,5103403058
510340305420142,5103403,Cuiabá,Canjica,IBGE Malha de Setores Censitários 2022 — atributos territoriais CD_BAIRRO/NM_BAIRRO e correlatos,Bairro IBGE 2022,5103403062
510340305420143,5103403,Cuiabá,Canjica,IBGE Malha de Setores Censitários 2022 — atributos territoriais CD_BAIRRO/NM_BAIRRO e correlatos,Bairro IBGE 2022,5103403062
510340305420144,5103403,Cuiabá,Pico do Amor,IBGE Malha de Setores Censitários 2022 — atributos territoriais CD_BAIRRO/NM_BAIRRO e correlatos,Bairro IBGE 2022,5103403056
510340305420145,5103403,Cuiabá,Pico do Amor,IBGE Malha de Setores Censitários 2022 — atributos territoriais CD_BAIRRO/NM_BAIRRO e correlatos,Bairro IBGE 2022,5103403056
510340305420146,5103403,Cuiabá,Jardim Aclimação,IBGE Malha de Setores Censitários 2022 — atributos territoriais CD_BAIRRO/NM_BAIRRO e correlatos,Bairro IBGE 2022,5103403061
510340305420147,5103403,Cuiabá,Jardim Aclimação,IBGE Malha de Setores Censitários 2022 — atributos territoriais CD_BAIRRO/NM_BAIRRO e correlatos,Bairro IBGE 2022,5103403061
510340310000002,5103403,Cuiabá,Coxipó da Ponte,IBGE Malha de Setores Censitários 2022 — atributos territoriais CD_BAIRRO/NM_BAIRRO e correlatos,Distrito IBGE 2022,510340310
510340310000003,5103403,Cuiabá,Coxipó da Ponte,IBGE Malha de Setores Censitários 2022 — atributos territoriais CD_BAIRRO/NM_BAIRRO e correlatos,Distrito IBGE 2022,510340310
510340310000004,5103403,Cuiabá,Coxipó da Ponte,IBGE Malha de Setores Censitários 2022 — atributos territoriais CD_BAIRRO/NM_BAIRRO e correlatos,Distrito IBGE 2022,510340310
510340310000008,5103403,Cuiabá,Coxipó da Ponte,IBGE Malha de Setores Censitários 2022 — atributos territoriais CD_BAIRRO/NM_BAIRRO e correlatos,Distrito IBGE 2022,510340310
510340310000010,5103403,Cuiabá,Coxipó da Ponte,IBGE Malha de Setores Censitários 2022 — atributos territoriais CD_BAIRRO/NM_BAIRRO e correlatos,Distrito IBGE 2022,510340310
510340310000011,5103403,Cuiabá,Coxipó da Ponte,IBGE Malha de Setores Censitários 2022 — atributos territoriais CD_BAIRRO/NM_BAIRRO e correlatos,Distrito IBGE 2022,510340310
510340310000012,5103403,Cuiabá,Coxipó da Ponte,IBGE Malha de Setores Censitários 2022 — atributos territoriais CD_BAIRRO/NM_BAIRRO e correlatos,Distrito IBGE 2022,510340310
510340310000013,5103403,Cuiabá,Coxipó da Ponte,IBGE Malha de Setores Censitários 2022 — atributos territoriais CD_BAIRRO/NM_BAIRRO e correlatos,Distrito IBGE 2022,510340310
510340310000016,5103403,Cuiabá,Loteamento Sampaio,IBGE Malha de Setores Censitários 2022 — atributos territoriais CD_BAIRRO/NM_BAIRRO e correlatos,Favela/Comunidade urbana IBGE 2022,51034030029
510340310000017,5103403,Cuiabá,Coxipó da Ponte,IBGE Malha de Setores Censitários 2022 — atributos territoriais CD_BAIRRO/NM_BAIRRO e correlatos,Distrito IBGE 2022,510340310
510340310000022,5103403,Cuiabá,Boa Vista,IBGE Malha de Setores Censitários 2022 — atributos territoriais CD_BAIRRO/NM_BAIRRO e correlatos,Núcleo urbano IBGE 2022,5103403001
510340310000023,5103403,Cuiabá,Boa Vista,IBGE Malha de Setores Censitários 2022 — atributos territoriais CD_BAIRRO/NM_BAIRRO e correlatos,Núcleo urbano IBGE 2022,5103403001
510340310000025,5103403,Cuiabá,Coxipó da Ponte,IBGE Malha de Setores Censitários 2022 — atributos territoriais CD_BAIRRO/NM_BAIRRO e correlatos,Distrito IBGE 2022,510340310
510340310000026,5103403,Cuiabá,Coxipó da Ponte,IBGE Malha de Setores Censitários 2022 — atributos territoriais CD_BAIRRO/NM_BAIRRO e correlatos,Distrito IBGE 2022,510340310
510340310000031,5103403,Cuiabá,Coxipó da Ponte,IBGE Malha de Setores Censitários 2022 — atributos territoriais CD_BAIRRO/NM_BAIRRO e correlatos,Distrito IBGE 2022,510340310
510340310000033,5103403,Cuiabá,Coxipó da Ponte,IBGE Malha de Setores Censitários 2022 — atributos territoriais CD_BAIRRO/NM_BAIRRO e correlatos,Distrito IBGE 2022,510340310
510340310000034,5103403,Cuiabá,Coxipó da Ponte,IBGE Malha de Setores Censitários 2022 — atributos territoriais CD_BAIRRO/NM_BAIRRO e correlatos,Distrito IBGE 2022,510340310
510340310000035,5103403,Cuiabá,Coxipó da Ponte,IBGE Malha de Setores Censitários 2022 — atributos territoriais CD_BAIRRO/NM_BAIRRO e correlatos,Distrito IBGE 2022,510340310
510340310000037,5103403,Cuiabá,Coxipó da Ponte,IBGE Malha de Setores Censitários 2022 — atributos territoriais CD_BAIRRO/NM_BAIRRO e correlatos,Distrito IBGE 2022,510340310
510340310000038,5103403,Cuiabá,Coxipó da Ponte,IBGE Malha de Setores Censitários 2022 — atributos territoriais CD_BAIRRO/NM_BAIRRO e correlatos,Distrito IBGE 2022,510340310
510340310000039,5103403,Cuiabá,Coxipó da Ponte,IBGE Malha de Setores Censitários 2022 — atributos territoriais CD_BAIRRO/NM_BAIRRO e correlatos,Distrito IBGE 2022,510340310
510340310000040,5103403,Cuiabá,Coxipó da Ponte,IBGE Malha de Setores Censitários 2022 — atributos territoriais CD_BAIRRO/NM_BAIRRO e correlatos,Distrito IBGE 2022,510340310
510340310000041,5103403,Cuiabá,Coxipó da Ponte,IBGE Malha de Setores Censitários 2022 — atributos territoriais CD_BAIRRO/NM_BAIRRO e correlatos,Distrito IBGE 2022,510340310
510340310000042,5103403,Cuiabá,Coxipó da Ponte,IBGE Malha de Setores Censitários 2022 — atributos territoriais CD_BAIRRO/NM_BAIRRO e correlatos,Distrito IBGE 2022,510340310
510340310000043,5103403,Cuiabá,Agrovila do PA Santo Antônio da Fartura,IBGE Malha de Setores Censitários 2022 — atributos territoriais CD_BAIRRO/NM_BAIRRO e correlatos,Aglomerado rural IBGE 2022,510340300008
510340310400001,5103403,Cuiabá,Morada do Ouro,IBGE Malha de Setores Censitários 2022 — atributos territoriais CD_BAIRRO/NM_BAIRRO e correlatos,Bairro IBGE 2022,5103403019
510340310400002,5103403,Cuiabá,Morada do Ouro,IBGE Malha de Setores Censitários 2022 — atributos territoriais CD_BAIRRO/NM_BAIRRO e correlatos,Bairro IBGE 2022,5103403019
510340310400003,5103403,Cuiabá,Morada do Ouro,IBGE Malha de Setores Censitários 2022 — atributos territoriais CD_BAIRRO/NM_BAIRRO e correlatos,Bairro IBGE 2022,5103403019
510340310400004,5103403,Cuiabá,Morada do Ouro,IBGE Malha de Setores Censitários 2022 — atributos territoriais CD_BAIRRO/NM_BAIRRO e correlatos,Bairro IBGE 2022,5103403019
510340310400006,5103403,Cuiabá,Morada do Ouro,IBGE Malha de Setores Censitários 2022 — atributos territoriais CD_BAIRRO/NM_BAIRRO e correlatos,Bairro IBGE 2022,5103403019
510340310400007,5103403,Cuiabá,Morada do Ouro,IBGE Malha de Setores Censitários 2022 — atributos territoriais CD_BAIRRO/NM_BAIRRO e correlatos,Bairro IBGE 2022,5103403019
510340310400008,5103403,Cuiabá,Morada do Ouro,IBGE Malha de Setores Censitários 2022 — atributos territoriais CD_BAIRRO/NM_BAIRRO e correlatos,Bairro IBGE 2022,5103403019
510340310400010,5103403,Cuiabá,Morada da Serra,IBGE Malha de Setores Censitários 2022 — atributos territoriais CD_BAIRRO/NM_BAIRRO e correlatos,Bairro IBGE 2022,5103403028
510340310400011,5103403,Cuiabá,Morada da Serra,IBGE Malha de Setores Censitários 2022 — atributos territoriais CD_BAIRRO/NM_BAIRRO e correlatos,Bairro IBGE 2022,5103403028
510340310400012,5103403,Cuiabá,Morada da Serra,IBGE Malha de Setores Censitários 2022 — atributos territoriais CD_BAIRRO/NM_BAIRRO e correlatos,Bairro IBGE 2022,5103403028
510340310400013,5103403,Cuiabá,Morada da Serra,IBGE Malha de Setores Censitários 2022 — atributos territoriais CD_BAIRRO/NM_BAIRRO e correlatos,Bairro IBGE 2022,5103403028
510340310400014,5103403,Cuiabá,Morada da Serra,IBGE Malha de Setores Censitários 2022 — atributos territoriais CD_BAIRRO/NM_BAIRRO e correlatos,Bairro IBGE 2022,5103403028
510340310400015,5103403,Cuiabá,Morada da Serra,IBGE Malha de Setores Censitários 2022 — atributos territoriais CD_BAIRRO/NM_BAIRRO e correlatos,Bairro IBGE 2022,5103403028
510340310400016,5103403,Cuiabá,Morada da Serra,IBGE Malha de Setores Censitários 2022 — atributos territoriais CD_BAIRRO/NM_BAIRRO e correlatos,Bairro IBGE 2022,5103403028
510340310400017,5103403,Cuiabá,Morada da Serra,IBGE Malha de Setores Censitários 2022 — atributos territoriais CD_BAIRRO/NM_BAIRRO e correlatos,Bairro IBGE 2022,5103403028
510340310400018,5103403,Cuiabá,Morada da Serra,IBGE Malha de Setores Censitários 2022 — atributos territoriais CD_BAIRRO/NM_BAIRRO e correlatos,Bairro IBGE 2022,5103403028
510340310400019,5103403,Cuiabá,Morada da Serra,IBGE Malha de Setores Censitários 2022 — atributos territoriais CD_BAIRRO/NM_BAIRRO e correlatos,Bairro IBGE 2022,5103403028
510340310400020,5103403,Cuiabá,Morada da Serra,IBGE Malha de Setores Censitários 2022 — atributos territoriais CD_BAIRRO/NM_BAIRRO e correlatos,Bairro IBGE 2022,5103403028
510340310400021,5103403,Cuiabá,Morada da Serra,IBGE Malha de Setores Censitários 2022 — atributos territoriais CD_BAIRRO/NM_BAIRRO e correlatos,Bairro IBGE 2022,5103403028
510340310400022,5103403,Cuiabá,Morada da Serra,IBGE Malha de Setores Censitários 2022 — atributos territoriais CD_BAIRRO/NM_BAIRRO e correlatos,Bairro IBGE 2022,5103403028
510340310400023,5103403,Cuiabá,Morada da Serra,IBGE Malha de Setores Censitários 2022 — atributos territoriais CD_BAIRRO/NM_BAIRRO e correlatos,Bairro IBGE 2022,5103403028
510340310400024,5103403,Cuiabá,Morada da Serra,IBGE Malha de Setores Censitários 2022 — atributos territoriais CD_BAIRRO/NM_BAIRRO e correlatos,Bairro IBGE 2022,5103403028
510340310400025,5103403,Cuiabá,Morada da Serra,IBGE Malha de Setores Censitários 2022 — atributos territoriais CD_BAIRRO/NM_BAIRRO e correlatos,Bairro IBGE 2022,5103403028
510340310400026,5103403,Cuiabá,Morada da Serra,IBGE Malha de Setores Censitários 2022 — atributos territoriais CD_BAIRRO/NM_BAIRRO e correlatos,Bairro IBGE 2022,5103403028
510340310400027,5103403,Cuiabá,Morada da Serra,IBGE Malha de Setores Censitários 2022 — atributos territoriais CD_BAIRRO/NM_BAIRRO e correlatos,Bairro IBGE 2022,5103403028
510340310400028,5103403,Cuiabá,Morada da Serra,IBGE Malha de Setores Censitários 2022 — atributos territoriais CD_BAIRRO/NM_BAIRRO e correlatos,Bairro IBGE 2022,5103403028
510340310400029,5103403,Cuiabá,Morada da Serra,IBGE Malha de Setores Censitários 2022 — atributos territoriais CD_BAIRRO/NM_BAIRRO e correlatos,Bairro IBGE 2022,5103403028
510340310400030,5103403,Cuiabá,Morada da Serra,IBGE Malha de Setores Censitários 2022 — atributos territoriais CD_BAIRRO/NM_BAIRRO e correlatos,Bairro IBGE 2022,5103403028
510340310400031,5103403,Cuiabá,Morada da Serra,IBGE Malha de Setores Censitários 2022 — atributos territoriais CD_BAIRRO/NM_BAIRRO e correlatos,Bairro IBGE 2022,5103403028
510340310400032,5103403,Cuiabá,Morada da Serra,IBGE Malha de Setores Censitários 2022 — atributos territoriais CD_BAIRRO/NM_BAIRRO e correlatos,Bairro IBGE 2022,5103403028
510340310400033,5103403,Cuiabá,Morada da Serra,IBGE Malha de Setores Censitários 2022 — atributos territoriais CD_BAIRRO/NM_BAIRRO e correlatos,Bairro IBGE 2022,5103403028
510340310400034,5103403,Cuiabá,Morada da Serra,IBGE Malha de Setores Censitários 2022 — atributos territoriais CD_BAIRRO/NM_BAIRRO e correlatos,Bairro IBGE 2022,5103403028
510340310400035,5103403,Cuiabá,Morada da Serra,IBGE Malha de Setores Censitários 2022 — atributos territoriais CD_BAIRRO/NM_BAIRRO e correlatos,Bairro IBGE 2022,5103403028
510340310400036,5103403,Cuiabá,Morada da Serra,IBGE Malha de Setores Censitários 2022 — atributos territoriais CD_BAIRRO/NM_BAIRRO e correlatos,Bairro IBGE 2022,5103403028
510340310400037,5103403,Cuiabá,Morada da Serra,IBGE Malha de Setores Censitários 2022 — atributos territoriais CD_BAIRRO/NM_BAIRRO e correlatos,Bairro IBGE 2022,5103403028
510340310400038,5103403,Cuiabá,Morada da Serra,IBGE Malha de Setores Censitários 2022 — atributos territoriais CD_BAIRRO/NM_BAIRRO e correlatos,Bairro IBGE 2022,5103403028
510340310400039,5103403,Cuiabá,Morada da Serra,IBGE Malha de Setores Censitários 2022 — atributos territoriais CD_BAIRRO/NM_BAIRRO e correlatos,Bairro IBGE 2022,5103403028
510340310400040,5103403,Cuiabá,Morada da Serra,IBGE Malha de Setores Censitários 2022 — atributos territoriais CD_BAIRRO/NM_BAIRRO e correlatos,Bairro IBGE 2022,5103403028
510340310400041,5103403,Cuiabá,Morada da Serra,IBGE Malha de Setores Censitários 2022 — atributos territoriais CD_BAIRRO/NM_BAIRRO e correlatos,Bairro IBGE 2022,5103403028
510340310400042,5103403,Cuiabá,Morada da Serra,IBGE Malha de Setores Censitários 2022 — atributos territoriais CD_BAIRRO/NM_BAIRRO e correlatos,Bairro IBGE 2022,5103403028
510340310400043,5103403,Cuiabá,Morada da Serra,IBGE Malha de Setores Censitários 2022 — atributos territoriais CD_BAIRRO/NM_BAIRRO e correlatos,Bairro IBGE 2022,5103403028
510340310400044,5103403,Cuiabá,Morada da Serra,IBGE Malha de Setores Censitários 2022 — atributos territoriais CD_BAIRRO/NM_BAIRRO e correlatos,Bairro IBGE 2022,5103403028
510340310400045,5103403,Cuiabá,Morada da Serra,IBGE Malha de Setores Censitários 2022 — atributos territoriais CD_BAIRRO/NM_BAIRRO e correlatos,Bairro IBGE 2022,5103403028
510340310400046,5103403,Cuiabá,Morada da Serra,IBGE Malha de Setores Censitários 2022 — atributos territoriais CD_BAIRRO/NM_BAIRRO e correlatos,Bairro IBGE 2022,5103403028
510340310400047,5103403,Cuiabá,Morada da Serra,IBGE Malha de Setores Censitários 2022 — atributos territoriais CD_BAIRRO/NM_BAIRRO e correlatos,Bairro IBGE 2022,5103403028
510340310400048,5103403,Cuiabá,Morada da Serra,IBGE Malha de Setores Censitários 2022 — atributos territoriais CD_BAIRRO/NM_BAIRRO e correlatos,Bairro IBGE 2022,5103403028
510340310400049,5103403,Cuiabá,Morada da Serra,IBGE Malha de Setores Censitários 2022 — atributos territoriais CD_BAIRRO/NM_BAIRRO e correlatos,Bairro IBGE 2022,5103403028
510340310400050,5103403,Cuiabá,Morada da Serra,IBGE Malha de Setores Censitários 2022 — atributos territoriais CD_BAIRRO/NM_BAIRRO e correlatos,Bairro IBGE 2022,5103403028
510340310400051,5103403,Cuiabá,Morada da Serra,IBGE Malha de Setores Censitários 2022 — atributos territoriais CD_BAIRRO/NM_BAIRRO e correlatos,Bairro IBGE 2022,5103403028
510340310400052,5103403,Cuiabá,Morada da Serra,IBGE Malha de Setores Censitários 2022 — atributos territoriais CD_BAIRRO/NM_BAIRRO e correlatos,Bairro IBGE 2022,5103403028
510340310400054,5103403,Cuiabá,Morada da Serra,IBGE Malha de Setores Censitários 2022 — atributos territoriais CD_BAIRRO/NM_BAIRRO e correlatos,Bairro IBGE 2022,5103403028
510340310400056,5103403,Cuiabá,Morada da Serra,IBGE Malha de Setores Censitários 2022 — atributos territoriais CD_BAIRRO/NM_BAIRRO e correlatos,Bairro IBGE 2022,5103403028
510340310400057,5103403,Cuiabá,Morada da Serra,IBGE Malha de Setores Censitários 2022 — atributos territoriais CD_BAIRRO/NM_BAIRRO e correlatos,Bairro IBGE 2022,5103403028
510340310400058,5103403,Cuiabá,Morada da Serra,IBGE Malha de Setores Censitários 2022 — atributos territoriais CD_BAIRRO/NM_BAIRRO e correlatos,Bairro IBGE 2022,5103403028
510340310400059,5103403,Cuiabá,Morada da Serra,IBGE Malha de Setores Censitários 2022 — atributos territoriais CD_BAIRRO/NM_BAIRRO e correlatos,Bairro IBGE 2022,5103403028
510340310400061,5103403,Cuiabá,Morada da Serra,IBGE Malha de Setores Censitários 2022 — atributos territoriais CD_BAIRRO/NM_BAIRRO e correlatos,Bairro IBGE 2022,5103403028
510340310400062,5103403,Cuiabá,Morada da Serra,IBGE Malha de Setores Censitários 2022 — atributos territoriais CD_BAIRRO/NM_BAIRRO e correlatos,Bairro IBGE 2022,5103403028
510340310400063,5103403,Cuiabá,Morada da Serra,IBGE Malha de Setores Censitários 2022 — atributos territoriais CD_BAIRRO/NM_BAIRRO e correlatos,Bairro IBGE 2022,5103403028
510340310400064,5103403,Cuiabá,Morada da Serra,IBGE Malha de Setores Censitários 2022 — atributos territoriais CD_BAIRRO/NM_BAIRRO e correlatos,Bairro IBGE 2022,5103403028
510340310400065,5103403,Cuiabá,Morada da Serra,IBGE Malha de Setores Censitários 2022 — atributos territoriais CD_BAIRRO/NM_BAIRRO e correlatos,Bairro IBGE 2022,5103403028
510340310400066,5103403,Cuiabá,Morada da Serra,IBGE Malha de Setores Censitários 2022 — atributos territoriais CD_BAIRRO/NM_BAIRRO e correlatos,Bairro IBGE 2022,5103403028
510340310400067,5103403,Cuiabá,Morada da Serra,IBGE Malha de Setores Censitários 2022 — atributos territoriais CD_BAIRRO/NM_BAIRRO e correlatos,Bairro IBGE 2022,5103403028
510340310400068,5103403,Cuiabá,Morada da Serra,IBGE Malha de Setores Censitários 2022 — atributos territoriais CD_BAIRRO/NM_BAIRRO e correlatos,Bairro IBGE 2022,5103403028
510340310400069,5103403,Cuiabá,Morada da Serra,IBGE Malha de Setores Censitários 2022 — atributos territoriais CD_BAIRRO/NM_BAIRRO e correlatos,Bairro IBGE 2022,5103403028
510340310400070,5103403,Cuiabá,Morada da Serra,IBGE Malha de Setores Censitários 2022 — atributos territoriais CD_BAIRRO/NM_BAIRRO e correlatos,Bairro IBGE 2022,5103403028
510340310400071,5103403,Cuiabá,Morada da Serra,IBGE Malha de Setores Censitários 2022 — atributos territoriais CD_BAIRRO/NM_BAIRRO e correlatos,Bairro IBGE 2022,5103403028
510340310400072,5103403,Cuiabá,Morada da Serra,IBGE Malha de Setores Censitários 2022 — atributos territoriais CD_BAIRRO/NM_BAIRRO e correlatos,Bairro IBGE 2022,5103403028
510340310400073,5103403,Cuiabá,Nova Conquista,IBGE Malha de Setores Censitários 2022 — atributos territoriais CD_BAIRRO/NM_BAIRRO e correlatos,Bairro IBGE 2022,5103403025
510340310400074,5103403,Cuiabá,Primeiro de Março,IBGE Malha de Setores Censitários 2022 — atributos territoriais CD_BAIRRO/NM_BAIRRO e correlatos,Bairro IBGE 2022,5103403026
510340310400075,5103403,Cuiabá,Primeiro de Março,IBGE Malha de Setores Censitários 2022 — atributos territoriais CD_BAIRRO/NM_BAIRRO e correlatos,Bairro IBGE 2022,5103403026
510340310400076,5103403,Cuiabá,Primeiro de Março,IBGE Malha de Setores Censitários 2022 — atributos territoriais CD_BAIRRO/NM_BAIRRO e correlatos,Bairro IBGE 2022,5103403026
510340310400077,5103403,Cuiabá,Primeiro de Março,IBGE Malha de Setores Censitários 2022 — atributos territoriais CD_BAIRRO/NM_BAIRRO e correlatos,Bairro IBGE 2022,5103403026
510340310400078,5103403,Cuiabá,Três Barras,IBGE Malha de Setores Censitários 2022 — atributos territoriais CD_BAIRRO/NM_BAIRRO e correlatos,Bairro IBGE 2022,5103403027
510340310400079,5103403,Cuiabá,Três Barras,IBGE Malha de Setores Censitários 2022 — atributos territoriais CD_BAIRRO/NM_BAIRRO e correlatos,Bairro IBGE 2022,5103403027
510340310400080,5103403,Cuiabá,Três Barras,IBGE Malha de Setores Censitários 2022 — atributos territoriais CD_BAIRRO/NM_BAIRRO e correlatos,Bairro IBGE 2022,5103403027
510340310400081,5103403,Cuiabá,Três Barras,IBGE Malha de Setores Censitários 2022 — atributos territoriais CD_BAIRRO/NM_BAIRRO e correlatos,Bairro IBGE 2022,5103403027
510340310400082,5103403,Cuiabá,Três Barras,IBGE Malha de Setores Censitários 2022 — atributos territoriais CD_BAIRRO/NM_BAIRRO e correlatos,Bairro IBGE 2022,5103403027
510340310400083,5103403,Cuiabá,Administração Regional Norte,IBGE Malha de Setores Censitários 2022 — atributos territoriais CD_BAIRRO/NM_BAIRRO e correlatos,Subdistrito IBGE 2022,51034031040
510340310400084,5103403,Cuiabá,Administração Regional Norte,IBGE Malha de Setores Censitários 2022 — atributos territoriais CD_BAIRRO/NM_BAIRRO e correlatos,Subdistrito IBGE 2022,51034031040
510340310400085,5103403,Cuiabá,Morada da Serra,IBGE Malha de Setores Censitários 2022 — atributos territoriais CD_BAIRRO/NM_BAIRRO e correlatos,Bairro IBGE 2022,5103403028
510340310400086,5103403,Cuiabá,Morada da Serra,IBGE Malha de Setores Censitários 2022 — atributos territoriais CD_BAIRRO/NM_BAIRRO e correlatos,Bairro IBGE 2022,5103403028
510340310400087,5103403,Cuiabá,Primeiro de Março,IBGE Malha de Setores Censitários 2022 — atributos territoriais CD_BAIRRO/NM_BAIRRO e correlatos,Bairro IBGE 2022,5103403026
510340310400088,5103403,Cuiabá,Primeiro de Março,IBGE Malha de Setores Censitários 2022 — atributos territoriais CD_BAIRRO/NM_BAIRRO e correlatos,Bairro IBGE 2022,5103403026
510340310400089,5103403,Cuiabá,Primeiro de Março,IBGE Malha de Setores Censitários 2022 — atributos territoriais CD_BAIRRO/NM_BAIRRO e correlatos,Bairro IBGE 2022,5103403026
510340310400090,5103403,Cuiabá,Primeiro de Março,IBGE Malha de Setores Censitários 2022 — atributos territoriais CD_BAIRRO/NM_BAIRRO e correlatos,Bairro IBGE 2022,5103403026
510340310400091,5103403,Cuiabá,Três Barras,IBGE Malha de Setores Censitários 2022 — atributos territoriais CD_BAIRRO/NM_BAIRRO e correlatos,Bairro IBGE 2022,5103403027
510340310400092,5103403,Cuiabá,Três Barras,IBGE Malha de Setores Censitários 2022 — atributos territoriais CD_BAIRRO/NM_BAIRRO e correlatos,Bairro IBGE 2022,5103403027
510340310400093,5103403,Cuiabá,Três Barras,IBGE Malha de Setores Censitários 2022 — atributos territoriais CD_BAIRRO/NM_BAIRRO e correlatos,Bairro IBGE 2022,5103403027
510340310400094,5103403,Cuiabá,Três Barras,IBGE Malha de Setores Censitários 2022 — atributos territoriais CD_BAIRRO/NM_BAIRRO e correlatos,Bairro IBGE 2022,5103403027
510340310400095,5103403,Cuiabá,Novo Paraíso,IBGE Malha de Setores Censitários 2022 — atributos territoriais CD_BAIRRO/NM_BAIRRO e correlatos,Favela/Comunidade urbana IBGE 2022,51034030032
510340310400096,5103403,Cuiabá,Morada da Serra,IBGE Malha de Setores Censitários 2022 — atributos territoriais CD_BAIRRO/NM_BAIRRO e correlatos,Bairro IBGE 2022,5103403028
510340310400097,5103403,Cuiabá,Morada da Serra,IBGE Malha de Setores Censitários 2022 — atributos territoriais CD_BAIRRO/NM_BAIRRO e correlatos,Bairro IBGE 2022,5103403028
510340310400098,5103403,Cuiabá,Morada da Serra,IBGE Malha de Setores Censitários 2022 — atributos territoriais CD_BAIRRO/NM_BAIRRO e correlatos,Bairro IBGE 2022,5103403028
510340310400099,5103403,Cuiabá,Morada da Serra,IBGE Malha de Setores Censitários 2022 — atributos territoriais CD_BAIRRO/NM_BAIRRO e correlatos,Bairro IBGE 2022,5103403028
510340310400100,5103403,Cuiabá,Morada da Serra,IBGE Malha de Setores Censitários 2022 — atributos territoriais CD_BAIRRO/NM_BAIRRO e correlatos,Bairro IBGE 2022,5103403028
510340310400101,5103403,Cuiabá,Morada da Serra,IBGE Malha de Setores Censitários 2022 — atributos territoriais CD_BAIRRO/NM_BAIRRO e correlatos,Bairro IBGE 2022,5103403028
510340310400102,5103403,Cuiabá,Morada da Serra,IBGE Malha de Setores Censitários 2022 — atributos territoriais CD_BAIRRO/NM_BAIRRO e correlatos,Bairro IBGE 2022,5103403028
510340310400103,5103403,Cuiabá,Morada da Serra,IBGE Malha de Setores Censitários 2022 — atributos territoriais CD_BAIRRO/NM_BAIRRO e correlatos,Bairro IBGE 2022,5103403028
510340310400104,5103403,Cuiabá,Morada da Serra,IBGE Malha de Setores Censitários 2022 — atributos territoriais CD_BAIRRO/NM_BAIRRO e correlatos,Bairro IBGE 2022,5103403028
510340310400105,5103403,Cuiabá,Morada da Serra,IBGE Malha de Setores Censitários 2022 — atributos territoriais CD_BAIRRO/NM_BAIRRO e correlatos,Bairro IBGE 2022,5103403028
510340310400106,5103403,Cuiabá,Morada da Serra,IBGE Malha de Setores Censitários 2022 — atributos territoriais CD_BAIRRO/NM_BAIRRO e correlatos,Bairro IBGE 2022,5103403028
510340310400107,5103403,Cuiabá,Morada da Serra,IBGE Malha de Setores Censitários 2022 — atributos territoriais CD_BAIRRO/NM_BAIRRO e correlatos,Bairro IBGE 2022,5103403028
510340310400108,5103403,Cuiabá,Morada da Serra,IBGE Malha de Setores Censitários 2022 — atributos territoriais CD_BAIRRO/NM_BAIRRO e correlatos,Bairro IBGE 2022,5103403028
510340310400109,5103403,Cuiabá,Morada da Serra,IBGE Malha de Setores Censitários 2022 — atributos territoriais CD_BAIRRO/NM_BAIRRO e correlatos,Bairro IBGE 2022,5103403028
510340310400111,5103403,Cuiabá,Três Barras,IBGE Malha de Setores Censitários 2022 — atributos territoriais CD_BAIRRO/NM_BAIRRO e correlatos,Bairro IBGE 2022,5103403027
510340310400112,5103403,Cuiabá,Três Barras,IBGE Malha de Setores Censitários 2022 — atributos territoriais CD_BAIRRO/NM_BAIRRO e correlatos,Bairro IBGE 2022,5103403027
510340310400113,5103403,Cuiabá,Administração Regional Norte,IBGE Malha de Setores Censitários 2022 — atributos territoriais CD_BAIRRO/NM_BAIRRO e correlatos,Subdistrito IBGE 2022,51034031040
510340310400116,5103403,Cuiabá,Primeiro de Março,IBGE Malha de Setores Censitários 2022 — atributos territoriais CD_BAIRRO/NM_BAIRRO e correlatos,Bairro IBGE 2022,5103403026
510340310400118,5103403,Cuiabá,Administração Regional Norte,IBGE Malha de Setores Censitários 2022 — atributos territoriais CD_BAIRRO/NM_BAIRRO e correlatos,Subdistrito IBGE 2022,51034031040
510340310400119,5103403,Cuiabá,Três Barras,IBGE Malha de Setores Censitários 2022 — atributos territoriais CD_BAIRRO/NM_BAIRRO e correlatos,Bairro IBGE 2022,5103403027
510340310400120,5103403,Cuiabá,Administração Regional Norte,IBGE Malha de Setores Censitários 2022 — atributos territoriais CD_BAIRRO/NM_BAIRRO e correlatos,Subdistrito IBGE 2022,51034031040
510340310400121,5103403,Cuiabá,Administração Regional Norte,IBGE Malha de Setores Censitários 2022 — atributos territoriais CD_BAIRRO/NM_BAIRRO e correlatos,Subdistrito IBGE 2022,51034031040
510340310400122,5103403,Cuiabá,Administração Regional Norte,IBGE Malha de Setores Censitários 2022 — atributos territoriais CD_BAIRRO/NM_BAIRRO e correlatos,Subdistrito IBGE 2022,51034031040
510340310400124,5103403,Cuiabá,Administração Regional Norte,IBGE Malha de Setores Censitários 2022 — atributos territoriais CD_BAIRRO/NM_BAIRRO e correlatos,Subdistrito IBGE 2022,51034031040
510340310400125,5103403,Cuiabá,Administração Regional Norte,IBGE Malha de Setores Censitários 2022 — atributos territoriais CD_BAIRRO/NM_BAIRRO e correlatos,Subdistrito IBGE 2022,51034031040
510340310400127,5103403,Cuiabá,Conjunto Residencial Jonas Pinheiro,IBGE Malha de Setores Censitários 2022 — atributos territoriais CD_BAIRRO/NM_BAIRRO e correlatos,Favela/Comunidade urbana IBGE 2022,51034030018
510340310400128,5103403,Cuiabá,Administração Regional Norte,IBGE Malha de Setores Censitários 2022 — atributos territoriais CD_BAIRRO/NM_BAIRRO e correlatos,Subdistrito IBGE 2022,51034031040
510340310400129,5103403,Cuiabá,Administração Regional Norte,IBGE Malha de Setores Censitários 2022 — atributos territoriais CD_BAIRRO/NM_BAIRRO e correlatos,Subdistrito IBGE 2022,51034031040
510340310400130,5103403,Cuiabá,Administração Regional Norte,IBGE Malha de Setores Censitários 2022 — atributos territoriais CD_BAIRRO/NM_BAIRRO e correlatos,Subdistrito IBGE 2022,51034031040
510340310400131,5103403,Cuiabá,Administração Regional Norte,IBGE Malha de Setores Censitários 2022 — atributos territoriais CD_BAIRRO/NM_BAIRRO e correlatos,Subdistrito IBGE 2022,51034031040
510340310400132,5103403,Cuiabá,Administração Regional Norte,IBGE Malha de Setores Censitários 2022 — atributos territoriais CD_BAIRRO/NM_BAIRRO e correlatos,Subdistrito IBGE 2022,51034031040
510340310400133,5103403,Cuiabá,Administração Regional Norte,IBGE Malha de Setores Censitários 2022 — atributos territoriais CD_BAIRRO/NM_BAIRRO e correlatos,Subdistrito IBGE 2022,51034031040
510340310400134,5103403,Cuiabá,Administração Regional Norte,IBGE Malha de Setores Censitários 2022 — atributos territoriais CD_BAIRRO/NM_BAIRRO e correlatos,Subdistrito IBGE 2022,51034031040
510340310400135,5103403,Cuiabá,Administração Regional Norte,IBGE Malha de Setores Censitários 2022 — atributos territoriais CD_BAIRRO/NM_BAIRRO e correlatos,Subdistrito IBGE 2022,51034031040
510340310400137,5103403,Cuiabá,Administração Regional Norte,IBGE Malha de Setores Censitários 2022 — atributos territoriais CD_BAIRRO/NM_BAIRRO e correlatos,Subdistrito IBGE 2022,51034031040
510340310400138,5103403,Cuiabá,Administração Regional Norte,IBGE Malha de Setores Censitários 2022 — atributos territoriais CD_BAIRRO/NM_BAIRRO e correlatos,Subdistrito IBGE 2022,51034031040
510340310400139,5103403,Cuiabá,Três Barras,IBGE Malha de Setores Censitários 2022 — atributos territoriais CD_BAIRRO/NM_BAIRRO e correlatos,Bairro IBGE 2022,5103403027
510340310400140,5103403,Cuiabá,Três Barras,IBGE Malha de Setores Censitários 2022 — atributos territoriais CD_BAIRRO/NM_BAIRRO e correlatos,Bairro IBGE 2022,5103403027
510340310400141,5103403,Cuiabá,Três Barras,IBGE Malha de Setores Censitários 2022 — atributos territoriais CD_BAIRRO/NM_BAIRRO e correlatos,Bairro IBGE 2022,5103403027
510340310400142,5103403,Cuiabá,Morada da Serra,IBGE Malha de Setores Censitários 2022 — atributos territoriais CD_BAIRRO/NM_BAIRRO e correlatos,Bairro IBGE 2022,5103403028
510340310400143,5103403,Cuiabá,Morada do Ouro,IBGE Malha de Setores Censitários 2022 — atributos territoriais CD_BAIRRO/NM_BAIRRO e correlatos,Bairro IBGE 2022,5103403019
510340310400144,5103403,Cuiabá,Morada do Ouro,IBGE Malha de Setores Censitários 2022 — atributos territoriais CD_BAIRRO/NM_BAIRRO e correlatos,Bairro IBGE 2022,5103403019
510340310400145,5103403,Cuiabá,Morada do Ouro,IBGE Malha de Setores Censitários 2022 — atributos territoriais CD_BAIRRO/NM_BAIRRO e correlatos,Bairro IBGE 2022,5103403019
510340310400146,5103403,Cuiabá,Morada do Ouro,IBGE Malha de Setores Censitários 2022 — atributos territoriais CD_BAIRRO/NM_BAIRRO e correlatos,Bairro IBGE 2022,5103403019
510340310400147,5103403,Cuiabá,Três Barras,IBGE Malha de Setores Censitários 2022 — atributos territoriais CD_BAIRRO/NM_BAIRRO e correlatos,Bairro IBGE 2022,5103403027
510340310400148,5103403,Cuiabá,Três Barras,IBGE Malha de Setores Censitários 2022 — atributos territoriais CD_BAIRRO/NM_BAIRRO e correlatos,Bairro IBGE 2022,5103403027
510340310400149,5103403,Cuiabá,Administração Regional Norte,IBGE Malha de Setores Censitários 2022 — atributos territoriais CD_BAIRRO/NM_BAIRRO e correlatos,Subdistrito IBGE 2022,51034031040
510340310400150,5103403,Cuiabá,Novo Paraíso,IBGE Malha de Setores Censitários 2022 — atributos territoriais CD_BAIRRO/NM_BAIRRO e correlatos,Favela/Comunidade urbana IBGE 2022,51034030032
510340310400151,5103403,Cuiabá,Administração Regional Norte,IBGE Malha de Setores Censitários 2022 — atributos territoriais CD_BAIRRO/NM_BAIRRO e correlatos,Subdistrito IBGE 2022,51034031040
510340310400152,5103403,Cuiabá,Serra Dourada,IBGE Malha de Setores Censitários 2022 — atributos territoriais CD_BAIRRO/NM_BAIRRO e correlatos,Favela/Comunidade urbana IBGE 2022,51034030039
510340310400153,5103403,Cuiabá,Administração Regional Norte,IBGE Malha de Setores Censitários 2022 — atributos territoriais CD_BAIRRO/NM_BAIRRO e correlatos,Subdistrito IBGE 2022,51034031040
510340310400154,5103403,Cuiabá,Administração Regional Norte,IBGE Malha de Setores Censitários 2022 — atributos territoriais CD_BAIRRO/NM_BAIRRO e correlatos,Subdistrito IBGE 2022,51034031040
510340310400155,5103403,Cuiabá,Administração Regional Norte,IBGE Malha de Setores Censitários 2022 — atributos territoriais CD_BAIRRO/NM_BAIRRO e correlatos,Subdistrito IBGE 2022,51034031040
510340310400156,5103403,Cuiabá,Wantuil de Freitas,IBGE Malha de Setores Censitários 2022 — atributos territoriais CD_BAIRRO/NM_BAIRRO e correlatos,Favela/Comunidade urbana IBGE 2022,51034030044
510340310400157,5103403,Cuiabá,Primeiro de Março,IBGE Malha de Setores Censitários 2022 — atributos territoriais CD_BAIRRO/NM_BAIRRO e correlatos,Bairro IBGE 2022,5103403026
510340310400158,5103403,Cuiabá,Primeiro de Março,IBGE Malha de Setores Censitários 2022 — atributos territoriais CD_BAIRRO/NM_BAIRRO e correlatos,Bairro IBGE 2022,5103403026
510340310400159,5103403,Cuiabá,Primeiro de Março,IBGE Malha de Setores Censitários 2022 — atributos territoriais CD_BAIRRO/NM_BAIRRO e correlatos,Bairro IBGE 2022,5103403026
510340310400160,5103403,Cuiabá,Morada da Serra,IBGE Malha de Setores Censitários 2022 — atributos territoriais CD_BAIRRO/NM_BAIRRO e correlatos,Bairro IBGE 2022,5103403028
510340310400161,5103403,Cuiabá,Morada da Serra,IBGE Malha de Setores Censitários 2022 — atributos territoriais CD_BAIRRO/NM_BAIRRO e correlatos,Bairro IBGE 2022,5103403028
510340310400162,5103403,Cuiabá,Morada da Serra,IBGE Malha de Setores Censitários 2022 — atributos territoriais CD_BAIRRO/NM_BAIRRO e correlatos,Bairro IBGE 2022,5103403028
510340310400163,5103403,Cuiabá,Morada da Serra,IBGE Malha de Setores Censitários 2022 — atributos territoriais CD_BAIRRO/NM_BAIRRO e correlatos,Bairro IBGE 2022,5103403028
510340310400164,5103403,Cuiabá,Administração Regional Norte,IBGE Malha de Setores Censitários 2022 — atributos territoriais CD_BAIRRO/NM_BAIRRO e correlatos,Subdistrito IBGE 2022,51034031040
510340310400166,5103403,Cuiabá,Centro Político Administrativo,IBGE Malha de Setores Censitários 2022 — atributos territoriais CD_BAIRRO/NM_BAIRRO e correlatos,Bairro IBGE 2022,5103403020
510340310400167,5103403,Cuiabá,Centro Político Administrativo,IBGE Malha de Setores Censitários 2022 — atributos territoriais CD_BAIRRO/NM_BAIRRO e correlatos,Bairro IBGE 2022,5103403020
510340310400168,5103403,Cuiabá,Jardim Umuarama,IBGE Malha de Setores Censitários 2022 — atributos territoriais CD_BAIRRO/NM_BAIRRO e correlatos,Favela/Comunidade urbana IBGE 2022,51034030027
510340310400169,5103403,Cuiabá,Jardim Umuarama,IBGE Malha de Setores Censitários 2022 — atributos territoriais CD_BAIRRO/NM_BAIRRO e correlatos,Favela/Comunidade urbana IBGE 2022,51034030027
510340310400170,5103403,Cuiabá,Morada da Serra,IBGE Malha de Setores Censitários 2022 — atributos territoriais CD_BAIRRO/NM_BAIRRO e correlatos,Bairro IBGE 2022,5103403028
510340310400171,5103403,Cuiabá,Morada da Serra,IBGE Malha de Setores Censitários 2022 — atributos territoriais CD_BAIRRO/NM_BAIRRO e correlatos,Bairro IBGE 2022,5103403028
510340310420001,5103403,Cuiabá,Ufmt,IBGE Malha de Setores Censitários 2022 — atributos territoriais CD_BAIRRO/NM_BAIRRO e correlatos,Bairro IBGE 2022,5103403043
510340310420002,5103403,Cuiabá,Jardim das Américas,IBGE Malha de Setores Censitários 2022 — atributos territoriais CD_BAIRRO/NM_BAIRRO e correlatos,Bairro IBGE 2022,5103403057
510340310420003,5103403,Cuiabá,Jardim Itália,IBGE Malha de Setores Censitários 2022 — atributos territoriais CD_BAIRRO/NM_BAIRRO e correlatos,Bairro IBGE 2022,5103403077
510340310420004,5103403,Cuiabá,Jardim Itália,IBGE Malha de Setores Censitários 2022 — atributos territoriais CD_BAIRRO/NM_BAIRRO e correlatos,Bairro IBGE 2022,5103403077
510340310420005,5103403,Cuiabá,Campo Verde,IBGE Malha de Setores Censitários 2022 — atributos territoriais CD_BAIRRO/NM_BAIRRO e correlatos,Bairro IBGE 2022,5103403066
510340310420006,5103403,Cuiabá,Campo Verde,IBGE Malha de Setores Censitários 2022 — atributos territoriais CD_BAIRRO/NM_BAIRRO e correlatos,Bairro IBGE 2022,5103403066
510340310420007,5103403,Cuiabá,Dom Bosco,IBGE Malha de Setores Censitários 2022 — atributos territoriais CD_BAIRRO/NM_BAIRRO e correlatos,Bairro IBGE 2022,5103403065
510340310420008,5103403,Cuiabá,Dom Bosco,IBGE Malha de Setores Censitários 2022 — atributos territoriais CD_BAIRRO/NM_BAIRRO e correlatos,Bairro IBGE 2022,5103403065
510340310420009,5103403,Cuiabá,Bela Vista,IBGE Malha de Setores Censitários 2022 — atributos territoriais CD_BAIRRO/NM_BAIRRO e correlatos,Bairro IBGE 2022,5103403064
510340310420010,5103403,Cuiabá,Bela Vista,IBGE Malha de Setores Censitários 2022 — atributos territoriais CD_BAIRRO/NM_BAIRRO e correlatos,Bairro IBGE 2022,5103403064
510340310420011,5103403,Cuiabá,Terra Nova,IBGE Malha de Setores Censitários 2022 — atributos territoriais CD_BAIRRO/NM_BAIRRO e correlatos,Bairro IBGE 2022,5103403063
510340310420012,5103403,Cuiabá,Carumbé,IBGE Malha de Setores Censitários 2022 — atributos territoriais CD_BAIRRO/NM_BAIRRO e correlatos,Bairro IBGE 2022,5103403067
510340310420013,5103403,Cuiabá,Carumbé,IBGE Malha de Setores Censitários 2022 — atributos territoriais CD_BAIRRO/NM_BAIRRO e correlatos,Bairro IBGE 2022,5103403067
510340310420014,5103403,Cuiabá,São Roque,IBGE Malha de Setores Censitários 2022 — atributos territoriais CD_BAIRRO/NM_BAIRRO e correlatos,Bairro IBGE 2022,5103403068
510340310420015,5103403,Cuiabá,Novo Mato Grosso,IBGE Malha de Setores Censitários 2022 — atributos territoriais CD_BAIRRO/NM_BAIRRO e correlatos,Bairro IBGE 2022,5103403069
510340310420016,5103403,Cuiabá,Novo Mato Grosso,IBGE Malha de Setores Censitários 2022 — atributos territoriais CD_BAIRRO/NM_BAIRRO e correlatos,Bairro IBGE 2022,5103403069
510340310420017,5103403,Cuiabá,Novo Horizonte,IBGE Malha de Setores Censitários 2022 — atributos territoriais CD_BAIRRO/NM_BAIRRO e correlatos,Bairro IBGE 2022,5103403070
510340310420018,5103403,Cuiabá,Novo Horizonte,IBGE Malha de Setores Censitários 2022 — atributos territoriais CD_BAIRRO/NM_BAIRRO e correlatos,Bairro IBGE 2022,5103403070
510340310420019,5103403,Cuiabá,Novo Horizonte,IBGE Malha de Setores Censitários 2022 — atributos territoriais CD_BAIRRO/NM_BAIRRO e correlatos,Bairro IBGE 2022,5103403070
510340310420020,5103403,Cuiabá,Novo Horizonte,IBGE Malha de Setores Censitários 2022 — atributos territoriais CD_BAIRRO/NM_BAIRRO e correlatos,Bairro IBGE 2022,5103403070
510340310420021,5103403,Cuiabá,Novo Horizonte,IBGE Malha de Setores Censitários 2022 — atributos territoriais CD_BAIRRO/NM_BAIRRO e correlatos,Bairro IBGE 2022,5103403070
510340310420022,5103403,Cuiabá,Planalto,IBGE Malha de Setores Censitários 2022 — atributos territoriais CD_BAIRRO/NM_BAIRRO e correlatos,Bairro IBGE 2022,5103403071
510340310420023,5103403,Cuiabá,Planalto,IBGE Malha de Setores Censitários 2022 — atributos territoriais CD_BAIRRO/NM_BAIRRO e correlatos,Bairro IBGE 2022,5103403071
510340310420024,5103403,Cuiabá,Planalto,IBGE Malha de Setores Censitários 2022 — atributos territoriais CD_BAIRRO/NM_BAIRRO e correlatos,Bairro IBGE 2022,5103403071
510340310420025,5103403,Cuiabá,Planalto,IBGE Malha de Setores Censitários 2022 — atributos territoriais CD_BAIRRO/NM_BAIRRO e correlatos,Bairro IBGE 2022,5103403071
510340310420026,5103403,Cuiabá,Planalto,IBGE Malha de Setores Censitários 2022 — atributos territoriais CD_BAIRRO/NM_BAIRRO e correlatos,Bairro IBGE 2022,5103403071
510340310420027,5103403,Cuiabá,Residencial Itamaraty,IBGE Malha de Setores Censitários 2022 — atributos territoriais CD_BAIRRO/NM_BAIRRO e correlatos,Bairro IBGE 2022,5103403072
510340310420028,5103403,Cuiabá,Sol Nascente,IBGE Malha de Setores Censitários 2022 — atributos territoriais CD_BAIRRO/NM_BAIRRO e correlatos,Bairro IBGE 2022,5103403073
510340310420029,5103403,Cuiabá,Sol Nascente,IBGE Malha de Setores Censitários 2022 — atributos territoriais CD_BAIRRO/NM_BAIRRO e correlatos,Bairro IBGE 2022,5103403073
510340310420030,5103403,Cuiabá,Jardim Eldorado,IBGE Malha de Setores Censitários 2022 — atributos territoriais CD_BAIRRO/NM_BAIRRO e correlatos,Bairro IBGE 2022,5103403075
510340310420032,5103403,Cuiabá,Residencial São Carlos,IBGE Malha de Setores Censitários 2022 — atributos territoriais CD_BAIRRO/NM_BAIRRO e correlatos,Bairro IBGE 2022,5103403074
510340310420033,5103403,Cuiabá,Residencial São Carlos,IBGE Malha de Setores Censitários 2022 — atributos territoriais CD_BAIRRO/NM_BAIRRO e correlatos,Bairro IBGE 2022,5103403074
510340310420034,5103403,Cuiabá,Residencial São Carlos,IBGE Malha de Setores Censitários 2022 — atributos territoriais CD_BAIRRO/NM_BAIRRO e correlatos,Bairro IBGE 2022,5103403074
510340310420035,5103403,Cuiabá,Residencial Santa Inês,IBGE Malha de Setores Censitários 2022 — atributos territoriais CD_BAIRRO/NM_BAIRRO e correlatos,Bairro IBGE 2022,5103403076
510340310420036,5103403,Cuiabá,Residencial Santa Inês,IBGE Malha de Setores Censitários 2022 — atributos territoriais CD_BAIRRO/NM_BAIRRO e correlatos,Bairro IBGE 2022,5103403076
510340310420037,5103403,Cuiabá,Residencial Santa Inês,IBGE Malha de Setores Censitários 2022 — atributos territoriais CD_BAIRRO/NM_BAIRRO e correlatos,Bairro IBGE 2022,5103403076
510340310420038,5103403,Cuiabá,Residencial Santa Inês,IBGE Malha de Setores Censitários 2022 — atributos territoriais CD_BAIRRO/NM_BAIRRO e correlatos,Bairro IBGE 2022,5103403076
510340310420039,5103403,Cuiabá,Morada dos Nobres,IBGE Malha de Setores Censitários 2022 — atributos territoriais CD_BAIRRO/NM_BAIRRO e correlatos,Bairro IBGE 2022,5103403078
510340310420041,5103403,Cuiabá,Recanto dos Pássaros,IBGE Malha de Setores Censitários 2022 — atributos territoriais CD_BAIRRO/NM_BAIRRO e correlatos,Bairro IBGE 2022,5103403080
510340310420042,5103403,Cuiabá,Jardim Imperial,IBGE Malha de Setores Censitários 2022 — atributos territoriais CD_BAIRRO/NM_BAIRRO e correlatos,Bairro IBGE 2022,5103403081
510340310420043,5103403,Cuiabá,Jardim Imperial,IBGE Malha de Setores Censitários 2022 — atributos territoriais CD_BAIRRO/NM_BAIRRO e correlatos,Bairro IBGE 2022,5103403081
510340310420044,5103403,Cuiabá,Jardim Imperial,IBGE Malha de Setores Censitários 2022 — atributos territoriais CD_BAIRRO/NM_BAIRRO e correlatos,Bairro IBGE 2022,5103403081
510340310420046,5103403,Cuiabá,Jardim Universitário,IBGE Malha de Setores Censitários 2022 — atributos territoriais CD_BAIRRO/NM_BAIRRO e correlatos,Bairro IBGE 2022,5103403082
510340310420047,5103403,Cuiabá,Cachoeira das Garças,IBGE Malha de Setores Censitários 2022 — atributos territoriais CD_BAIRRO/NM_BAIRRO e correlatos,Bairro IBGE 2022,5103403083
510340310420048,5103403,Cuiabá,Boa Esperança,IBGE Malha de Setores Censitários 2022 — atributos territoriais CD_BAIRRO/NM_BAIRRO e correlatos,Bairro IBGE 2022,5103403044
510340310420049,5103403,Cuiabá,Boa Esperança,IBGE Malha de Setores Censitários 2022 — atributos territoriais CD_BAIRRO/NM_BAIRRO e correlatos,Bairro IBGE 2022,5103403044
510340310420050,5103403,Cuiabá,Boa Esperança,IBGE Malha de Setores Censitários 2022 — atributos territoriais CD_BAIRRO/NM_BAIRRO e correlatos,Bairro IBGE 2022,5103403044
510340310420052,5103403,Cuiabá,Boa Esperança,IBGE Malha de Setores Censitários 2022 — atributos territoriais CD_BAIRRO/NM_BAIRRO e correlatos,Bairro IBGE 2022,5103403044
510340310420053,5103403,Cuiabá,Boa Esperança,IBGE Malha de Setores Censitários 2022 — atributos territoriais CD_BAIRRO/NM_BAIRRO e correlatos,Bairro IBGE 2022,5103403044
510340310420054,5103403,Cuiabá,Boa Esperança,IBGE Malha de Setores Censitários 2022 — atributos territoriais CD_BAIRRO/NM_BAIRRO e correlatos,Bairro IBGE 2022,5103403044
510340310420055,5103403,Cuiabá,Jardim Shangri-lá,IBGE Malha de Setores Censitários 2022 — atributos territoriais CD_BAIRRO/NM_BAIRRO e correlatos,Bairro IBGE 2022,5103403045
510340310420056,5103403,Cuiabá,Bela Marina,IBGE Malha de Setores Censitários 2022 — atributos territoriais CD_BAIRRO/NM_BAIRRO e correlatos,Bairro IBGE 2022,5103403048
510340310420057,5103403,Cuiabá,Praeirinho,IBGE Malha de Setores Censitários 2022 — atributos territoriais CD_BAIRRO/NM_BAIRRO e correlatos,Bairro IBGE 2022,5103403049
510340310420058,5103403,Cuiabá,Praeirinho,IBGE Malha de Setores Censitários 2022 — atributos territoriais CD_BAIRRO/NM_BAIRRO e correlatos,Bairro IBGE 2022,5103403049
510340310420059,5103403,Cuiabá,Praeiro,IBGE Malha de Setores Censitários 2022 — atributos territoriais CD_BAIRRO/NM_BAIRRO e correlatos,Bairro IBGE 2022,5103403050
510340310420060,5103403,Cuiabá,Jardim Califórnia,IBGE Malha de Setores Censitários 2022 — atributos territoriais CD_BAIRRO/NM_BAIRRO e correlatos,Bairro IBGE 2022,5103403047
510340310420061,5103403,Cuiabá,Jardim Petrópolis,IBGE Malha de Setores Censitários 2022 — atributos territoriais CD_BAIRRO/NM_BAIRRO e correlatos,Bairro IBGE 2022,5103403046
510340310420062,5103403,Cuiabá,Alto da Serra I,IBGE Malha de Setores Censitários 2022 — atributos territoriais CD_BAIRRO/NM_BAIRRO e correlatos,Bairro IBGE 2022,5103403118
510340310420063,5103403,Cuiabá,Administração Regional Centro-Leste,IBGE Malha de Setores Censitários 2022 — atributos territoriais CD_BAIRRO/NM_BAIRRO e correlatos,Subdistrito IBGE 2022,51034031042
510340310420064,5103403,Cuiabá,Jardim Itália,IBGE Malha de Setores Censitários 2022 — atributos territoriais CD_BAIRRO/NM_BAIRRO e correlatos,Bairro IBGE 2022,5103403077
510340310420066,5103403,Cuiabá,Bela Vista,IBGE Malha de Setores Censitários 2022 — atributos territoriais CD_BAIRRO/NM_BAIRRO e correlatos,Bairro IBGE 2022,5103403064
510340310420067,5103403,Cuiabá,Novo Mato Grosso,IBGE Malha de Setores Censitários 2022 — atributos territoriais CD_BAIRRO/NM_BAIRRO e correlatos,Bairro IBGE 2022,5103403069
510340310420068,5103403,Cuiabá,Planalto,IBGE Malha de Setores Censitários 2022 — atributos territoriais CD_BAIRRO/NM_BAIRRO e correlatos,Bairro IBGE 2022,5103403071
510340310420069,5103403,Cuiabá,Planalto,IBGE Malha de Setores Censitários 2022 — atributos territoriais CD_BAIRRO/NM_BAIRRO e correlatos,Bairro IBGE 2022,5103403071
510340310420070,5103403,Cuiabá,Residencial Itamaraty,IBGE Malha de Setores Censitários 2022 — atributos territoriais CD_BAIRRO/NM_BAIRRO e correlatos,Bairro IBGE 2022,5103403072
510340310420071,5103403,Cuiabá,Jardim Eldorado,IBGE Malha de Setores Censitários 2022 — atributos territoriais CD_BAIRRO/NM_BAIRRO e correlatos,Bairro IBGE 2022,5103403075
510340310420072,5103403,Cuiabá,Santa Cruz,IBGE Malha de Setores Censitários 2022 — atributos territoriais CD_BAIRRO/NM_BAIRRO e correlatos,Bairro IBGE 2022,5103403079
510340310420073,5103403,Cuiabá,Recanto dos Pássaros,IBGE Malha de Setores Censitários 2022 — atributos territoriais CD_BAIRRO/NM_BAIRRO e correlatos,Bairro IBGE 2022,5103403080
510340310420074,5103403,Cuiabá,Jardim Imperial,IBGE Malha de Setores Censitários 2022 — atributos territoriais CD_BAIRRO/NM_BAIRRO e correlatos,Bairro IBGE 2022,5103403081
510340310420075,5103403,Cuiabá,Jardim Imperial,IBGE Malha de Setores Censitários 2022 — atributos territoriais CD_BAIRRO/NM_BAIRRO e correlatos,Bairro IBGE 2022,5103403081
510340310420076,5103403,Cuiabá,Jardim Universitário,IBGE Malha de Setores Censitários 2022 — atributos territoriais CD_BAIRRO/NM_BAIRRO e correlatos,Bairro IBGE 2022,5103403082
510340310420077,5103403,Cuiabá,Boa Esperança,IBGE Malha de Setores Censitários 2022 — atributos territoriais CD_BAIRRO/NM_BAIRRO e correlatos,Bairro IBGE 2022,5103403044
510340310420078,5103403,Cuiabá,Boa Esperança,IBGE Malha de Setores Censitários 2022 — atributos territoriais CD_BAIRRO/NM_BAIRRO e correlatos,Bairro IBGE 2022,5103403044
510340310420079,5103403,Cuiabá,Jardim Shangri-lá,IBGE Malha de Setores Censitários 2022 — atributos territoriais CD_BAIRRO/NM_BAIRRO e correlatos,Bairro IBGE 2022,5103403045
510340310420080,5103403,Cuiabá,Praeiro,IBGE Malha de Setores Censitários 2022 — atributos territoriais CD_BAIRRO/NM_BAIRRO e correlatos,Bairro IBGE 2022,5103403050
510340310420081,5103403,Cuiabá,Jardim Califórnia,IBGE Malha de Setores Censitários 2022 — atributos territoriais CD_BAIRRO/NM_BAIRRO e correlatos,Bairro IBGE 2022,5103403047
510340310420082,5103403,Cuiabá,Jardim Petrópolis,IBGE Malha de Setores Censitários 2022 — atributos territoriais CD_BAIRRO/NM_BAIRRO e correlatos,Bairro IBGE 2022,5103403046
510340310420083,5103403,Cuiabá,Alto da Serra I,IBGE Malha de Setores Censitários 2022 — atributos territoriais CD_BAIRRO/NM_BAIRRO e correlatos,Bairro IBGE 2022,5103403118
510340310420084,5103403,Cuiabá,Dr. Fábio Leite I,IBGE Malha de Setores Censitários 2022 — atributos territoriais CD_BAIRRO/NM_BAIRRO e correlatos,Bairro IBGE 2022,5103403119
510340310420085,5103403,Cuiabá,Dr. Fábio Leite I,IBGE Malha de Setores Censitários 2022 — atributos territoriais CD_BAIRRO/NM_BAIRRO e correlatos,Bairro IBGE 2022,5103403119
510340310420086,5103403,Cuiabá,Dr. Fábio Leite I,IBGE Malha de Setores Censitários 2022 — atributos territoriais CD_BAIRRO/NM_BAIRRO e correlatos,Bairro IBGE 2022,5103403119
510340310420087,5103403,Cuiabá,Dr. Fábio Leite I,IBGE Malha de Setores Censitários 2022 — atributos territoriais CD_BAIRRO/NM_BAIRRO e correlatos,Bairro IBGE 2022,5103403119
510340310420088,5103403,Cuiabá,Alto da Serra I,IBGE Malha de Setores Censitários 2022 — atributos territoriais CD_BAIRRO/NM_BAIRRO e correlatos,Bairro IBGE 2022,5103403118
510340310420089,5103403,Cuiabá,Alto da Serra I,IBGE Malha de Setores Censitários 2022 — atributos territoriais CD_BAIRRO/NM_BAIRRO e correlatos,Bairro IBGE 2022,5103403118
510340310420090,5103403,Cuiabá,Administração Regional Centro-Leste,IBGE Malha de Setores Censitários 2022 — atributos territoriais CD_BAIRRO/NM_BAIRRO e correlatos,Subdistrito IBGE 2022,51034031042
510340310420091,5103403,Cuiabá,Jardim Itália,IBGE Malha de Setores Censitários 2022 — atributos territoriais CD_BAIRRO/NM_BAIRRO e correlatos,Bairro IBGE 2022,5103403077
510340310420092,5103403,Cuiabá,Campo Verde,IBGE Malha de Setores Censitários 2022 — atributos territoriais CD_BAIRRO/NM_BAIRRO e correlatos,Bairro IBGE 2022,5103403066
510340310420093,5103403,Cuiabá,Bela Vista,IBGE Malha de Setores Censitários 2022 — atributos territoriais CD_BAIRRO/NM_BAIRRO e correlatos,Bairro IBGE 2022,5103403064
510340310420094,5103403,Cuiabá,Bela Vista,IBGE Malha de Setores Censitários 2022 — atributos territoriais CD_BAIRRO/NM_BAIRRO e correlatos,Bairro IBGE 2022,5103403064
510340310420095,5103403,Cuiabá,Carumbé,IBGE Malha de Setores Censitários 2022 — atributos territoriais CD_BAIRRO/NM_BAIRRO e correlatos,Bairro IBGE 2022,5103403067
510340310420097,5103403,Cuiabá,Novo Horizonte,IBGE Malha de Setores Censitários 2022 — atributos territoriais CD_BAIRRO/NM_BAIRRO e correlatos,Bairro IBGE 2022,5103403070
510340310420098,5103403,Cuiabá,Planalto,IBGE Malha de Setores Censitários 2022 — atributos territoriais CD_BAIRRO/NM_BAIRRO e correlatos,Bairro IBGE 2022,5103403071
510340310420099,5103403,Cuiabá,Residencial Itamaraty,IBGE Malha de Setores Censitários 2022 — atributos territoriais CD_BAIRRO/NM_BAIRRO e correlatos,Bairro IBGE 2022,5103403072
510340310420100,5103403,Cuiabá,Sol Nascente,IBGE Malha de Setores Censitários 2022 — atributos territoriais CD_BAIRRO/NM_BAIRRO e correlatos,Bairro IBGE 2022,5103403073
510340310420102,5103403,Cuiabá,Jardim Imperial,IBGE Malha de Setores Censitários 2022 — atributos territoriais CD_BAIRRO/NM_BAIRRO e correlatos,Bairro IBGE 2022,5103403081
510340310420103,5103403,Cuiabá,Jardim Imperial,IBGE Malha de Setores Censitários 2022 — atributos territoriais CD_BAIRRO/NM_BAIRRO e correlatos,Bairro IBGE 2022,5103403081
510340310420104,5103403,Cuiabá,Jardim Imperial,IBGE Malha de Setores Censitários 2022 — atributos territoriais CD_BAIRRO/NM_BAIRRO e correlatos,Bairro IBGE 2022,5103403081
510340310420105,5103403,Cuiabá,Jardim Imperial,IBGE Malha de Setores Censitários 2022 — atributos territoriais CD_BAIRRO/NM_BAIRRO e correlatos,Bairro IBGE 2022,5103403081
510340310420106,5103403,Cuiabá,Jardim Universitário,IBGE Malha de Setores Censitários 2022 — atributos territoriais CD_BAIRRO/NM_BAIRRO e correlatos,Bairro IBGE 2022,5103403082
510340310420107,5103403,Cuiabá,Boa Esperança,IBGE Malha de Setores Censitários 2022 — atributos territoriais CD_BAIRRO/NM_BAIRRO e correlatos,Bairro IBGE 2022,5103403044
510340310420108,5103403,Cuiabá,Praeirinho,IBGE Malha de Setores Censitários 2022 — atributos territoriais CD_BAIRRO/NM_BAIRRO e correlatos,Bairro IBGE 2022,5103403049
510340310420109,5103403,Cuiabá,Administração Regional Centro-Leste,IBGE Malha de Setores Censitários 2022 — atributos territoriais CD_BAIRRO/NM_BAIRRO e correlatos,Subdistrito IBGE 2022,51034031042
510340310420112,5103403,Cuiabá,Novo Mato Grosso,IBGE Malha de Setores Censitários 2022 — atributos territoriais CD_BAIRRO/NM_BAIRRO e correlatos,Bairro IBGE 2022,5103403069
510340310420114,5103403,Cuiabá,Recanto dos Pássaros,IBGE Malha de Setores Censitários 2022 — atributos territoriais CD_BAIRRO/NM_BAIRRO e correlatos,Bairro IBGE 2022,5103403080
510340310420115,5103403,Cuiabá,Jardim Imperial,IBGE Malha de Setores Censitários 2022 — atributos territoriais CD_BAIRRO/NM_BAIRRO e correlatos,Bairro IBGE 2022,5103403081
510340310420116,5103403,Cuiabá,Jardim Imperial,IBGE Malha de Setores Censitários 2022 — atributos territoriais CD_BAIRRO/NM_BAIRRO e correlatos,Bairro IBGE 2022,5103403081
510340310420117,5103403,Cuiabá,Jardim Petrópolis,IBGE Malha de Setores Censitários 2022 — atributos territoriais CD_BAIRRO/NM_BAIRRO e correlatos,Bairro IBGE 2022,5103403046
510340310420118,5103403,Cuiabá,Alto da Serra I,IBGE Malha de Setores Censitários 2022 — atributos territoriais CD_BAIRRO/NM_BAIRRO e correlatos,Bairro IBGE 2022,5103403118
510340310420119,5103403,Cuiabá,Dr. Fábio Leite I,IBGE Malha de Setores Censitários 2022 — atributos territoriais CD_BAIRRO/NM_BAIRRO e correlatos,Bairro IBGE 2022,5103403119
510340310420120,5103403,Cuiabá,Dr. Fábio Leite I,IBGE Malha de Setores Censitários 2022 — atributos territoriais CD_BAIRRO/NM_BAIRRO e correlatos,Bairro IBGE 2022,5103403119
510340310420121,5103403,Cuiabá,Dr. Fábio Leite I,IBGE Malha de Setores Censitários 2022 — atributos territoriais CD_BAIRRO/NM_BAIRRO e correlatos,Bairro IBGE 2022,5103403119
510340310420122,5103403,Cuiabá,Dr. Fábio Leite I,IBGE Malha de Setores Censitários 2022 — atributos territoriais CD_BAIRRO/NM_BAIRRO e correlatos,Bairro IBGE 2022,5103403119
510340310420123,5103403,Cuiabá,Dr. Fábio Leite I,IBGE Malha de Setores Censitários 2022 — atributos territoriais CD_BAIRRO/NM_BAIRRO e correlatos,Bairro IBGE 2022,5103403119
510340310420124,5103403,Cuiabá,Dr. Fábio Leite I,IBGE Malha de Setores Censitários 2022 — atributos territoriais CD_BAIRRO/NM_BAIRRO e correlatos,Bairro IBGE 2022,5103403119
510340310420125,5103403,Cuiabá,Alto da Serra I,IBGE Malha de Setores Censitários 2022 — atributos territoriais CD_BAIRRO/NM_BAIRRO e correlatos,Bairro IBGE 2022,5103403118
510340310420126,5103403,Cuiabá,Administração Regional Centro-Leste,IBGE Malha de Setores Censitários 2022 — atributos territoriais CD_BAIRRO/NM_BAIRRO e correlatos,Subdistrito IBGE 2022,51034031042
510340310420127,5103403,Cuiabá,Administração Regional Centro-Leste,IBGE Malha de Setores Censitários 2022 — atributos territoriais CD_BAIRRO/NM_BAIRRO e correlatos,Subdistrito IBGE 2022,51034031042
510340310420128,5103403,Cuiabá,Jardim Itália,IBGE Malha de Setores Censitários 2022 — atributos territoriais CD_BAIRRO/NM_BAIRRO e correlatos,Bairro IBGE 2022,5103403077
510340310420130,5103403,Cuiabá,Administração Regional Centro-Leste,IBGE Malha de Setores Censitários 2022 — atributos territoriais CD_BAIRRO/NM_BAIRRO e correlatos,Subdistrito IBGE 2022,51034031042
510340310420131,5103403,Cuiabá,Administração Regional Centro-Leste,IBGE Malha de Setores Censitários 2022 — atributos territoriais CD_BAIRRO/NM_BAIRRO e correlatos,Subdistrito IBGE 2022,51034031042
510340310420133,5103403,Cuiabá,Administração Regional Centro-Leste,IBGE Malha de Setores Censitários 2022 — atributos territoriais CD_BAIRRO/NM_BAIRRO e correlatos,Subdistrito IBGE 2022,51034031042
510340310420134,5103403,Cuiabá,Administração Regional Centro-Leste,IBGE Malha de Setores Censitários 2022 — atributos territoriais CD_BAIRRO/NM_BAIRRO e correlatos,Subdistrito IBGE 2022,51034031042
510340310420137,5103403,Cuiabá,Administração Regional Centro-Leste,IBGE Malha de Setores Censitários 2022 — atributos territoriais CD_BAIRRO/NM_BAIRRO e correlatos,Subdistrito IBGE 2022,51034031042
510340310420140,5103403,Cuiabá,Administração Regional Centro-Leste,IBGE Malha de Setores Censitários 2022 — atributos territoriais CD_BAIRRO/NM_BAIRRO e correlatos,Subdistrito IBGE 2022,51034031042
510340310420142,5103403,Cuiabá,Administração Regional Centro-Leste,IBGE Malha de Setores Censitários 2022 — atributos territoriais CD_BAIRRO/NM_BAIRRO e correlatos,Subdistrito IBGE 2022,51034031042
510340310420143,5103403,Cuiabá,Administração Regional Centro-Leste,IBGE Malha de Setores Censitários 2022 — atributos territoriais CD_BAIRRO/NM_BAIRRO e correlatos,Subdistrito IBGE 2022,51034031042
510340310420144,5103403,Cuiabá,Residencial Santa Inês,IBGE Malha de Setores Censitários 2022 — atributos territoriais CD_BAIRRO/NM_BAIRRO e correlatos,Bairro IBGE 2022,5103403076
510340310420145,5103403,Cuiabá,Jardim Itália,IBGE Malha de Setores Censitários 2022 — atributos territoriais CD_BAIRRO/NM_BAIRRO e correlatos,Bairro IBGE 2022,5103403077
510340310420146,5103403,Cuiabá,Jardim Itália,IBGE Malha de Setores Censitários 2022 — atributos territoriais CD_BAIRRO/NM_BAIRRO e correlatos,Bairro IBGE 2022,5103403077
510340310420147,5103403,Cuiabá,Jardim Itália,IBGE Malha de Setores Censitários 2022 — atributos territoriais CD_BAIRRO/NM_BAIRRO e correlatos,Bairro IBGE 2022,5103403077
510340310420149,5103403,Cuiabá,Jardim Universitário,IBGE Malha de Setores Censitários 2022 — atributos territoriais CD_BAIRRO/NM_BAIRRO e correlatos,Bairro IBGE 2022,5103403082
510340310420150,5103403,Cuiabá,Administração Regional Centro-Leste,IBGE Malha de Setores Censitários 2022 — atributos territoriais CD_BAIRRO/NM_BAIRRO e correlatos,Subdistrito IBGE 2022,51034031042
510340310420151,5103403,Cuiabá,Alto da Serra I,IBGE Malha de Setores Censitários 2022 — atributos territoriais CD_BAIRRO/NM_BAIRRO e correlatos,Bairro IBGE 2022,5103403118
510340310420152,5103403,Cuiabá,Jardim Universitário,IBGE Malha de Setores Censitários 2022 — atributos territoriais CD_BAIRRO/NM_BAIRRO e correlatos,Bairro IBGE 2022,5103403082
510340310420153,5103403,Cuiabá,Jardim Universitário,IBGE Malha de Setores Censitários 2022 — atributos territoriais CD_BAIRRO/NM_BAIRRO e correlatos,Bairro IBGE 2022,5103403082
510340310420154,5103403,Cuiabá,Região do Altos da Serra,IBGE Malha de Setores Censitários 2022 — atributos territoriais CD_BAIRRO/NM_BAIRRO e correlatos,Favela/Comunidade urbana IBGE 2022,51034030015
510340310420155,5103403,Cuiabá,Alto da Serra I,IBGE Malha de Setores Censitários 2022 — atributos territoriais CD_BAIRRO/NM_BAIRRO e correlatos,Bairro IBGE 2022,5103403118
510340310420156,5103403,Cuiabá,Administração Regional Centro-Leste,IBGE Malha de Setores Censitários 2022 — atributos territoriais CD_BAIRRO/NM_BAIRRO e correlatos,Subdistrito IBGE 2022,51034031042
510340310420157,5103403,Cuiabá,Administração Regional Centro-Leste,IBGE Malha de Setores Censitários 2022 — atributos territoriais CD_BAIRRO/NM_BAIRRO e correlatos,Subdistrito IBGE 2022,51034031042
510340310420158,5103403,Cuiabá,Administração Regional Centro-Leste,IBGE Malha de Setores Censitários 2022 — atributos territoriais CD_BAIRRO/NM_BAIRRO e correlatos,Subdistrito IBGE 2022,51034031042
510340310420159,5103403,Cuiabá,Administração Regional Centro-Leste,IBGE Malha de Setores Censitários 2022 — atributos territoriais CD_BAIRRO/NM_BAIRRO e correlatos,Subdistrito IBGE 2022,51034031042
510340310420160,5103403,Cuiabá,Administração Regional Centro-Leste,IBGE Malha de Setores Censitários 2022 — atributos territoriais CD_BAIRRO/NM_BAIRRO e correlatos,Subdistrito IBGE 2022,51034031042
510340310420161,5103403,Cuiabá,Administração Regional Centro-Leste,IBGE Malha de Setores Censitários 2022 — atributos territoriais CD_BAIRRO/NM_BAIRRO e correlatos,Subdistrito IBGE 2022,51034031042
510340310420162,5103403,Cuiabá,Administração Regional Centro-Leste,IBGE Malha de Setores Censitários 2022 — atributos territoriais CD_BAIRRO/NM_BAIRRO e correlatos,Subdistrito IBGE 2022,51034031042
510340310420163,5103403,Cuiabá,Administração Regional Centro-Leste,IBGE Malha de Setores Censitários 2022 — atributos territoriais CD_BAIRRO/NM_BAIRRO e correlatos,Subdistrito IBGE 2022,51034031042
510340310420164,5103403,Cuiabá,Administração Regional Centro-Leste,IBGE Malha de Setores Censitários 2022 — atributos territoriais CD_BAIRRO/NM_BAIRRO e correlatos,Subdistrito IBGE 2022,51034031042
510340310420165,5103403,Cuiabá,Administração Regional Centro-Leste,IBGE Malha de Setores Censitários 2022 — atributos territoriais CD_BAIRRO/NM_BAIRRO e correlatos,Subdistrito IBGE 2022,51034031042
510340310420166,5103403,Cuiabá,Administração Regional Centro-Leste,IBGE Malha de Setores Censitários 2022 — atributos territoriais CD_BAIRRO/NM_BAIRRO e correlatos,Subdistrito IBGE 2022,51034031042
510340310420167,5103403,Cuiabá,Administração Regional Centro-Leste,IBGE Malha de Setores Censitários 2022 — atributos territoriais CD_BAIRRO/NM_BAIRRO e correlatos,Subdistrito IBGE 2022,51034031042
510340310420168,5103403,Cuiabá,Região do Altos da Serra,IBGE Malha de Setores Censitários 2022 — atributos territoriais CD_BAIRRO/NM_BAIRRO e correlatos,Favela/Comunidade urbana IBGE 2022,51034030015
510340310420169,5103403,Cuiabá,Jardim Eldorado,IBGE Malha de Setores Censitários 2022 — atributos territoriais CD_BAIRRO/NM_BAIRRO e correlatos,Bairro IBGE 2022,5103403075
510340310420170,5103403,Cuiabá,Sol Nascente,IBGE Malha de Setores Censitários 2022 — atributos territoriais CD_BAIRRO/NM_BAIRRO e correlatos,Bairro IBGE 2022,5103403073
510340310420171,5103403,Cuiabá,Residencial São Carlos,IBGE Malha de Setores Censitários 2022 — atributos territoriais CD_BAIRRO/NM_BAIRRO e correlatos,Bairro IBGE 2022,5103403074
510340310420172,5103403,Cuiabá,Residencial São Carlos,IBGE Malha de Setores Censitários 2022 — atributos territoriais CD_BAIRRO/NM_BAIRRO e correlatos,Bairro IBGE 2022,5103403074
510340310420173,5103403,Cuiabá,Carumbé,IBGE Malha de Setores Censitários 2022 — atributos territoriais CD_BAIRRO/NM_BAIRRO e correlatos,Bairro IBGE 2022,5103403067
510340310420174,5103403,Cuiabá,Carumbé,IBGE Malha de Setores Censitários 2022 — atributos territoriais CD_BAIRRO/NM_BAIRRO e correlatos,Bairro IBGE 2022,5103403067
510340310420175,5103403,Cuiabá,Carumbé,IBGE Malha de Setores Censitários 2022 — atributos territoriais CD_BAIRRO/NM_BAIRRO e correlatos,Bairro IBGE 2022,5103403067
510340310420176,5103403,Cuiabá,Carumbé,IBGE Malha de Setores Censitários 2022 — atributos territoriais CD_BAIRRO/NM_BAIRRO e correlatos,Bairro IBGE 2022,5103403067
510340310420177,5103403,Cuiabá,Boa Esperança,IBGE Malha de Setores Censitários 2022 — atributos territoriais CD_BAIRRO/NM_BAIRRO e correlatos,Bairro IBGE 2022,5103403044
510340310420178,5103403,Cuiabá,Boa Esperança,IBGE Malha de Setores Censitários 2022 — atributos territoriais CD_BAIRRO/NM_BAIRRO e correlatos,Bairro IBGE 2022,5103403044
510340310420179,5103403,Cuiabá,Jardim Itália,IBGE Malha de Setores Censitários 2022 — atributos territoriais CD_BAIRRO/NM_BAIRRO e correlatos,Bairro IBGE 2022,5103403077
510340310420180,5103403,Cuiabá,Jardim Itália,IBGE Malha de Setores Censitários 2022 — atributos territoriais CD_BAIRRO/NM_BAIRRO e correlatos,Bairro IBGE 2022,5103403077
510340310420181,5103403,Cuiabá,Santa Cruz,IBGE Malha de Setores Censitários 2022 — atributos territoriais CD_BAIRRO/NM_BAIRRO e correlatos,Bairro IBGE 2022,5103403079
510340310420182,5103403,Cuiabá,Santa Cruz,IBGE Malha de Setores Censitários 2022 — atributos territoriais CD_BAIRRO/NM_BAIRRO e correlatos,Bairro IBGE 2022,5103403079
510340310420183,5103403,Cuiabá,Administração Regional Centro-Leste,IBGE Malha de Setores Censitários 2022 — atributos territoriais CD_BAIRRO/NM_BAIRRO e correlatos,Subdistrito IBGE 2022,51034031042
510340310420184,5103403,Cuiabá,Administração Regional Centro-Leste,IBGE Malha de Setores Censitários 2022 — atributos territoriais CD_BAIRRO/NM_BAIRRO e correlatos,Subdistrito IBGE 2022,51034031042
510340310420185,5103403,Cuiabá,Santa Cruz,IBGE Malha de Setores Censitários 2022 — atributos territoriais CD_BAIRRO/NM_BAIRRO e correlatos,Bairro IBGE 2022,5103403079
510340310420186,5103403,Cuiabá,Santa Cruz,IBGE Malha de Setores Censitários 2022 — atributos territoriais CD_BAIRRO/NM_BAIRRO e correlatos,Bairro IBGE 2022,5103403079
510340310420187,5103403,Cuiabá,Jardim Califórnia,IBGE Malha de Setores Censitários 2022 — atributos territoriais CD_BAIRRO/NM_BAIRRO e correlatos,Bairro IBGE 2022,5103403047
510340310420188,5103403,Cuiabá,Jardim Califórnia,IBGE Malha de Setores Censitários 2022 — atributos territoriais CD_BAIRRO/NM_BAIRRO e correlatos,Bairro IBGE 2022,5103403047
510340310420189,5103403,Cuiabá,Administração Regional Centro-Leste,IBGE Malha de Setores Censitários 2022 — atributos territoriais CD_BAIRRO/NM_BAIRRO e correlatos,Subdistrito IBGE 2022,51034031042
510340310420190,5103403,Cuiabá,Administração Regional Centro-Leste,IBGE Malha de Setores Censitários 2022 — atributos territoriais CD_BAIRRO/NM_BAIRRO e correlatos,Subdistrito IBGE 2022,51034031042
510340310420191,5103403,Cuiabá,Administração Regional Centro-Leste,IBGE Malha de Setores Censitários 2022 — atributos territoriais CD_BAIRRO/NM_BAIRRO e correlatos,Subdistrito IBGE 2022,51034031042
510340310430001,5103403,Cuiabá,Jardim Passaredo,IBGE Malha de Setores Censitários 2022 — atributos territoriais CD_BAIRRO/NM_BAIRRO e correlatos,Bairro IBGE 2022,5103403084
510340310430002,5103403,Cuiabá,São Francisco,IBGE Malha de Setores Censitários 2022 — atributos territoriais CD_BAIRRO/NM_BAIRRO e correlatos,Bairro IBGE 2022,5103403085
510340310430003,5103403,Cuiabá,São Francisco,IBGE Malha de Setores Censitários 2022 — atributos territoriais CD_BAIRRO/NM_BAIRRO e correlatos,Bairro IBGE 2022,5103403085
510340310430004,5103403,Cuiabá,Jardim Presidente,IBGE Malha de Setores Censitários 2022 — atributos territoriais CD_BAIRRO/NM_BAIRRO e correlatos,Bairro IBGE 2022,5103403086
510340310430005,5103403,Cuiabá,Jardim Presidente,IBGE Malha de Setores Censitários 2022 — atributos territoriais CD_BAIRRO/NM_BAIRRO e correlatos,Bairro IBGE 2022,5103403086
510340310430006,5103403,Cuiabá,Residencial Coxipó,IBGE Malha de Setores Censitários 2022 — atributos territoriais CD_BAIRRO/NM_BAIRRO e correlatos,Bairro IBGE 2022,5103403087
510340310430007,5103403,Cuiabá,Residencial Coxipó,IBGE Malha de Setores Censitários 2022 — atributos territoriais CD_BAIRRO/NM_BAIRRO e correlatos,Bairro IBGE 2022,5103403087
510340310430008,5103403,Cuiabá,Residencial Coxipó,IBGE Malha de Setores Censitários 2022 — atributos territoriais CD_BAIRRO/NM_BAIRRO e correlatos,Bairro IBGE 2022,5103403087
510340310430010,5103403,Cuiabá,Residencial Coxipó,IBGE Malha de Setores Censitários 2022 — atributos territoriais CD_BAIRRO/NM_BAIRRO e correlatos,Bairro IBGE 2022,5103403087
510340310430011,5103403,Cuiabá,Residencial Coxipó,IBGE Malha de Setores Censitários 2022 — atributos territoriais CD_BAIRRO/NM_BAIRRO e correlatos,Bairro IBGE 2022,5103403087
510340310430013,5103403,Cuiabá,Cohab São Gonçalo,IBGE Malha de Setores Censitários 2022 — atributos territoriais CD_BAIRRO/NM_BAIRRO e correlatos,Bairro IBGE 2022,5103403088
510340310430014,5103403,Cuiabá,Cohab São Gonçalo,IBGE Malha de Setores Censitários 2022 — atributos territoriais CD_BAIRRO/NM_BAIRRO e correlatos,Bairro IBGE 2022,5103403088
510340310430015,5103403,Cuiabá,Cohab São Gonçalo,IBGE Malha de Setores Censitários 2022 — atributos territoriais CD_BAIRRO/NM_BAIRRO e correlatos,Bairro IBGE 2022,5103403088
510340310430016,5103403,Cuiabá,Jardim Mossoró,IBGE Malha de Setores Censitários 2022 — atributos territoriais CD_BAIRRO/NM_BAIRRO e correlatos,Bairro IBGE 2022,5103403089
510340310430018,5103403,Cuiabá,Parque Cuiabá,IBGE Malha de Setores Censitários 2022 — atributos territoriais CD_BAIRRO/NM_BAIRRO e correlatos,Bairro IBGE 2022,5103403090
510340310430019,5103403,Cuiabá,Parque Cuiabá,IBGE Malha de Setores Censitários 2022 — atributos territoriais CD_BAIRRO/NM_BAIRRO e correlatos,Bairro IBGE 2022,5103403090
510340310430020,5103403,Cuiabá,Parque Cuiabá,IBGE Malha de Setores Censitários 2022 — atributos territoriais CD_BAIRRO/NM_BAIRRO e correlatos,Bairro IBGE 2022,5103403090
510340310430021,5103403,Cuiabá,Parque Cuiabá,IBGE Malha de Setores Censitários 2022 — atributos territoriais CD_BAIRRO/NM_BAIRRO e correlatos,Bairro IBGE 2022,5103403090
510340310430022,5103403,Cuiabá,Parque Cuiabá,IBGE Malha de Setores Censitários 2022 — atributos territoriais CD_BAIRRO/NM_BAIRRO e correlatos,Bairro IBGE 2022,5103403090
510340310430024,5103403,Cuiabá,Parque Cuiabá,IBGE Malha de Setores Censitários 2022 — atributos territoriais CD_BAIRRO/NM_BAIRRO e correlatos,Bairro IBGE 2022,5103403090
510340310430025,5103403,Cuiabá,Parque Cuiabá,IBGE Malha de Setores Censitários 2022 — atributos territoriais CD_BAIRRO/NM_BAIRRO e correlatos,Bairro IBGE 2022,5103403090
510340310430026,5103403,Cuiabá,Parque Cuiabá,IBGE Malha de Setores Censitários 2022 — atributos territoriais CD_BAIRRO/NM_BAIRRO e correlatos,Bairro IBGE 2022,5103403090
510340310430027,5103403,Cuiabá,Parque Atalaia,IBGE Malha de Setores Censitários 2022 — atributos territoriais CD_BAIRRO/NM_BAIRRO e correlatos,Bairro IBGE 2022,5103403091
510340310430028,5103403,Cuiabá,Parque Atalaia,IBGE Malha de Setores Censitários 2022 — atributos territoriais CD_BAIRRO/NM_BAIRRO e correlatos,Bairro IBGE 2022,5103403091
510340310430029,5103403,Cuiabá,Parque Atalaia,IBGE Malha de Setores Censitários 2022 — atributos territoriais CD_BAIRRO/NM_BAIRRO e correlatos,Bairro IBGE 2022,5103403091
510340310430032,5103403,Cuiabá,Jardim Gramado,IBGE Malha de Setores Censitários 2022 — atributos territoriais CD_BAIRRO/NM_BAIRRO e correlatos,Bairro IBGE 2022,5103403094
510340310430034,5103403,Cuiabá,Coophema,IBGE Malha de Setores Censitários 2022 — atributos territoriais CD_BAIRRO/NM_BAIRRO e correlatos,Bairro IBGE 2022,5103403095
510340310430035,5103403,Cuiabá,Coophema,IBGE Malha de Setores Censitários 2022 — atributos territoriais CD_BAIRRO/NM_BAIRRO e correlatos,Bairro IBGE 2022,5103403095
510340310430037,5103403,Cuiabá,Coxipó,IBGE Malha de Setores Censitários 2022 — atributos territoriais CD_BAIRRO/NM_BAIRRO e correlatos,Bairro IBGE 2022,5103403096
510340310430038,5103403,Cuiabá,Coxipó,IBGE Malha de Setores Censitários 2022 — atributos territoriais CD_BAIRRO/NM_BAIRRO e correlatos,Bairro IBGE 2022,5103403096
510340310430041,5103403,Cuiabá,Coxipó,IBGE Malha de Setores Censitários 2022 — atributos territoriais CD_BAIRRO/NM_BAIRRO e correlatos,Bairro IBGE 2022,5103403096
510340310430042,5103403,Cuiabá,Chácara dos Pinheiros,IBGE Malha de Setores Censitários 2022 — atributos territoriais CD_BAIRRO/NM_BAIRRO e correlatos,Bairro IBGE 2022,5103403097
510340310430043,5103403,Cuiabá,Jardim das Palmeiras,IBGE Malha de Setores Censitários 2022 — atributos territoriais CD_BAIRRO/NM_BAIRRO e correlatos,Bairro IBGE 2022,5103403098
510340310430044,5103403,Cuiabá,Parque Ohara,IBGE Malha de Setores Censitários 2022 — atributos territoriais CD_BAIRRO/NM_BAIRRO e correlatos,Bairro IBGE 2022,5103403099
510340310430046,5103403,Cuiabá,Vista Alegre,IBGE Malha de Setores Censitários 2022 — atributos territoriais CD_BAIRRO/NM_BAIRRO e correlatos,Bairro IBGE 2022,5103403100
510340310430047,5103403,Cuiabá,Nossa Senhora Aparecida,IBGE Malha de Setores Censitários 2022 — atributos territoriais CD_BAIRRO/NM_BAIRRO e correlatos,Bairro IBGE 2022,5103403101
510340310430048,5103403,Cuiabá,Nossa Senhora Aparecida,IBGE Malha de Setores Censitários 2022 — atributos territoriais CD_BAIRRO/NM_BAIRRO e correlatos,Bairro IBGE 2022,5103403101
510340310430049,5103403,Cuiabá,Jardim Comodoro,IBGE Malha de Setores Censitários 2022 — atributos territoriais CD_BAIRRO/NM_BAIRRO e correlatos,Bairro IBGE 2022,5103403102
510340310430050,5103403,Cuiabá,São José,IBGE Malha de Setores Censitários 2022 — atributos territoriais CD_BAIRRO/NM_BAIRRO e correlatos,Bairro IBGE 2022,5103403103
510340310430051,5103403,Cuiabá,Altos do Coxipó,IBGE Malha de Setores Censitários 2022 — atributos territoriais CD_BAIRRO/NM_BAIRRO e correlatos,Bairro IBGE 2022,5103403104
510340310430052,5103403,Cuiabá,Jardim dos Ipês,IBGE Malha de Setores Censitários 2022 — atributos territoriais CD_BAIRRO/NM_BAIRRO e correlatos,Bairro IBGE 2022,5103403105
510340310430053,5103403,Cuiabá,Jardim dos Ipês,IBGE Malha de Setores Censitários 2022 — atributos territoriais CD_BAIRRO/NM_BAIRRO e correlatos,Bairro IBGE 2022,5103403105
510340310430054,5103403,Cuiabá,Tijucal,IBGE Malha de Setores Censitários 2022 — atributos territoriais CD_BAIRRO/NM_BAIRRO e correlatos,Bairro IBGE 2022,5103403106
510340310430055,5103403,Cuiabá,Tijucal,IBGE Malha de Setores Censitários 2022 — atributos territoriais CD_BAIRRO/NM_BAIRRO e correlatos,Bairro IBGE 2022,5103403106
510340310430056,5103403,Cuiabá,Tijucal,IBGE Malha de Setores Censitários 2022 — atributos territoriais CD_BAIRRO/NM_BAIRRO e correlatos,Bairro IBGE 2022,5103403106
510340310430057,5103403,Cuiabá,Tijucal,IBGE Malha de Setores Censitários 2022 — atributos territoriais CD_BAIRRO/NM_BAIRRO e correlatos,Bairro IBGE 2022,5103403106
510340310430058,5103403,Cuiabá,Tijucal,IBGE Malha de Setores Censitários 2022 — atributos territoriais CD_BAIRRO/NM_BAIRRO e correlatos,Bairro IBGE 2022,5103403106
510340310430059,5103403,Cuiabá,Tijucal,IBGE Malha de Setores Censitários 2022 — atributos territoriais CD_BAIRRO/NM_BAIRRO e correlatos,Bairro IBGE 2022,5103403106
510340310430060,5103403,Cuiabá,Tijucal,IBGE Malha de Setores Censitários 2022 — atributos territoriais CD_BAIRRO/NM_BAIRRO e correlatos,Bairro IBGE 2022,5103403106
510340310430061,5103403,Cuiabá,Tijucal,IBGE Malha de Setores Censitários 2022 — atributos territoriais CD_BAIRRO/NM_BAIRRO e correlatos,Bairro IBGE 2022,5103403106
510340310430062,5103403,Cuiabá,Tijucal,IBGE Malha de Setores Censitários 2022 — atributos territoriais CD_BAIRRO/NM_BAIRRO e correlatos,Bairro IBGE 2022,5103403106
510340310430063,5103403,Cuiabá,Tijucal,IBGE Malha de Setores Censitários 2022 — atributos territoriais CD_BAIRRO/NM_BAIRRO e correlatos,Bairro IBGE 2022,5103403106
510340310430064,5103403,Cuiabá,Tijucal,IBGE Malha de Setores Censitários 2022 — atributos territoriais CD_BAIRRO/NM_BAIRRO e correlatos,Bairro IBGE 2022,5103403106
510340310430065,5103403,Cuiabá,Tijucal,IBGE Malha de Setores Censitários 2022 — atributos territoriais CD_BAIRRO/NM_BAIRRO e correlatos,Bairro IBGE 2022,5103403106
510340310430066,5103403,Cuiabá,Tijucal,IBGE Malha de Setores Censitários 2022 — atributos territoriais CD_BAIRRO/NM_BAIRRO e correlatos,Bairro IBGE 2022,5103403106
510340310430067,5103403,Cuiabá,Tijucal,IBGE Malha de Setores Censitários 2022 — atributos territoriais CD_BAIRRO/NM_BAIRRO e correlatos,Bairro IBGE 2022,5103403106
510340310430068,5103403,Cuiabá,Tijucal,IBGE Malha de Setores Censitários 2022 — atributos territoriais CD_BAIRRO/NM_BAIRRO e correlatos,Bairro IBGE 2022,5103403106
510340310430069,5103403,Cuiabá,Lagoa Azul,IBGE Malha de Setores Censitários 2022 — atributos territoriais CD_BAIRRO/NM_BAIRRO e correlatos,Bairro IBGE 2022,5103403107
510340310430070,5103403,Cuiabá,São Sebastião,IBGE Malha de Setores Censitários 2022 — atributos territoriais CD_BAIRRO/NM_BAIRRO e correlatos,Bairro IBGE 2022,5103403108
510340310430071,5103403,Cuiabá,Santa Laura,IBGE Malha de Setores Censitários 2022 — atributos territoriais CD_BAIRRO/NM_BAIRRO e correlatos,Bairro IBGE 2022,5103403109
510340310430072,5103403,Cuiabá,Jardim Fortaleza,IBGE Malha de Setores Censitários 2022 — atributos territoriais CD_BAIRRO/NM_BAIRRO e correlatos,Bairro IBGE 2022,5103403110
510340310430073,5103403,Cuiabá,Jardim Fortaleza,IBGE Malha de Setores Censitários 2022 — atributos territoriais CD_BAIRRO/NM_BAIRRO e correlatos,Bairro IBGE 2022,5103403110
510340310430074,5103403,Cuiabá,São João Del Rey,IBGE Malha de Setores Censitários 2022 — atributos territoriais CD_BAIRRO/NM_BAIRRO e correlatos,Bairro IBGE 2022,5103403111
510340310430075,5103403,Cuiabá,São João Del Rey,IBGE Malha de Setores Censitários 2022 — atributos territoriais CD_BAIRRO/NM_BAIRRO e correlatos,Bairro IBGE 2022,5103403111
510340310430076,5103403,Cuiabá,São João Del Rey,IBGE Malha de Setores Censitários 2022 — atributos territoriais CD_BAIRRO/NM_BAIRRO e correlatos,Bairro IBGE 2022,5103403111
510340310430077,5103403,Cuiabá,São João Del Rey,IBGE Malha de Setores Censitários 2022 — atributos territoriais CD_BAIRRO/NM_BAIRRO e correlatos,Bairro IBGE 2022,5103403111
510340310430078,5103403,Cuiabá,São João Del Rey,IBGE Malha de Setores Censitários 2022 — atributos territoriais CD_BAIRRO/NM_BAIRRO e correlatos,Bairro IBGE 2022,5103403111
510340310430079,5103403,Cuiabá,Osmar Cabral,IBGE Malha de Setores Censitários 2022 — atributos territoriais CD_BAIRRO/NM_BAIRRO e correlatos,Bairro IBGE 2022,5103403112
510340310430080,5103403,Cuiabá,Osmar Cabral,IBGE Malha de Setores Censitários 2022 — atributos territoriais CD_BAIRRO/NM_BAIRRO e correlatos,Bairro IBGE 2022,5103403112
510340310430081,5103403,Cuiabá,Osmar Cabral,IBGE Malha de Setores Censitários 2022 — atributos territoriais CD_BAIRRO/NM_BAIRRO e correlatos,Bairro IBGE 2022,5103403112
510340310430082,5103403,Cuiabá,Osmar Cabral,IBGE Malha de Setores Censitários 2022 — atributos territoriais CD_BAIRRO/NM_BAIRRO e correlatos,Bairro IBGE 2022,5103403112
510340310430084,5103403,Cuiabá,Administração Regional Sul-Leste,IBGE Malha de Setores Censitários 2022 — atributos territoriais CD_BAIRRO/NM_BAIRRO e correlatos,Subdistrito IBGE 2022,51034031043
510340310430085,5103403,Cuiabá,Pedra 90,IBGE Malha de Setores Censitários 2022 — atributos territoriais CD_BAIRRO/NM_BAIRRO e correlatos,Bairro IBGE 2022,5103403113
510340310430086,5103403,Cuiabá,Pedra 90,IBGE Malha de Setores Censitários 2022 — atributos territoriais CD_BAIRRO/NM_BAIRRO e correlatos,Bairro IBGE 2022,5103403113
510340310430087,5103403,Cuiabá,Pedra 90,IBGE Malha de Setores Censitários 2022 — atributos territoriais CD_BAIRRO/NM_BAIRRO e correlatos,Bairro IBGE 2022,5103403113
510340310430088,5103403,Cuiabá,Pedra 90,IBGE Malha de Setores Censitários 2022 — atributos territoriais CD_BAIRRO/NM_BAIRRO e correlatos,Bairro IBGE 2022,5103403113
510340310430089,5103403,Cuiabá,Pedra 90,IBGE Malha de Setores Censitários 2022 — atributos territoriais CD_BAIRRO/NM_BAIRRO e correlatos,Bairro IBGE 2022,5103403113
510340310430090,5103403,Cuiabá,Pedra 90,IBGE Malha de Setores Censitários 2022 — atributos territoriais CD_BAIRRO/NM_BAIRRO e correlatos,Bairro IBGE 2022,5103403113
510340310430091,5103403,Cuiabá,Pedra 90,IBGE Malha de Setores Censitários 2022 — atributos territoriais CD_BAIRRO/NM_BAIRRO e correlatos,Bairro IBGE 2022,5103403113
510340310430092,5103403,Cuiabá,Pedra 90,IBGE Malha de Setores Censitários 2022 — atributos territoriais CD_BAIRRO/NM_BAIRRO e correlatos,Bairro IBGE 2022,5103403113
510340310430093,5103403,Cuiabá,Pedra 90,IBGE Malha de Setores Censitários 2022 — atributos territoriais CD_BAIRRO/NM_BAIRRO e correlatos,Bairro IBGE 2022,5103403113
510340310430094,5103403,Cuiabá,Pedra 90,IBGE Malha de Setores Censitários 2022 — atributos territoriais CD_BAIRRO/NM_BAIRRO e correlatos,Bairro IBGE 2022,5103403113
510340310430095,5103403,Cuiabá,Pedra 90,IBGE Malha de Setores Censitários 2022 — atributos territoriais CD_BAIRRO/NM_BAIRRO e correlatos,Bairro IBGE 2022,5103403113
510340310430096,5103403,Cuiabá,Pedra 90,IBGE Malha de Setores Censitários 2022 — atributos territoriais CD_BAIRRO/NM_BAIRRO e correlatos,Bairro IBGE 2022,5103403113
510340310430097,5103403,Cuiabá,Pedra 90,IBGE Malha de Setores Censitários 2022 — atributos territoriais CD_BAIRRO/NM_BAIRRO e correlatos,Bairro IBGE 2022,5103403113
510340310430100,5103403,Cuiabá,Nova Esperança,IBGE Malha de Setores Censitários 2022 — atributos territoriais CD_BAIRRO/NM_BAIRRO e correlatos,Bairro IBGE 2022,5103403114
510340310430101,5103403,Cuiabá,Nova Esperança,IBGE Malha de Setores Censitários 2022 — atributos territoriais CD_BAIRRO/NM_BAIRRO e correlatos,Bairro IBGE 2022,5103403114
510340310430102,5103403,Cuiabá,Jardim Industriário,IBGE Malha de Setores Censitários 2022 — atributos territoriais CD_BAIRRO/NM_BAIRRO e correlatos,Bairro IBGE 2022,5103403115
510340310430103,5103403,Cuiabá,Jardim Industriário,IBGE Malha de Setores Censitários 2022 — atributos territoriais CD_BAIRRO/NM_BAIRRO e correlatos,Bairro IBGE 2022,5103403115
510340310430104,5103403,Cuiabá,Jardim Industriário,IBGE Malha de Setores Censitários 2022 — atributos territoriais CD_BAIRRO/NM_BAIRRO e correlatos,Bairro IBGE 2022,5103403115
510340310430105,5103403,Cuiabá,Jardim Industriário,IBGE Malha de Setores Censitários 2022 — atributos territoriais CD_BAIRRO/NM_BAIRRO e correlatos,Bairro IBGE 2022,5103403115
510340310430106,5103403,Cuiabá,Jardim Industriário,IBGE Malha de Setores Censitários 2022 — atributos territoriais CD_BAIRRO/NM_BAIRRO e correlatos,Bairro IBGE 2022,5103403115
510340310430107,5103403,Cuiabá,Jardim Industriário,IBGE Malha de Setores Censitários 2022 — atributos territoriais CD_BAIRRO/NM_BAIRRO e correlatos,Bairro IBGE 2022,5103403115
510340310430108,5103403,Cuiabá,Jardim Industriário,IBGE Malha de Setores Censitários 2022 — atributos territoriais CD_BAIRRO/NM_BAIRRO e correlatos,Bairro IBGE 2022,5103403115
510340310430109,5103403,Cuiabá,Pascoal Ramos,IBGE Malha de Setores Censitários 2022 — atributos territoriais CD_BAIRRO/NM_BAIRRO e correlatos,Bairro IBGE 2022,5103403116
510340310430110,5103403,Cuiabá,Pascoal Ramos,IBGE Malha de Setores Censitários 2022 — atributos territoriais CD_BAIRRO/NM_BAIRRO e correlatos,Bairro IBGE 2022,5103403116
510340310430112,5103403,Cuiabá,Administração Regional Sul-Leste,IBGE Malha de Setores Censitários 2022 — atributos territoriais CD_BAIRRO/NM_BAIRRO e correlatos,Subdistrito IBGE 2022,51034031043
510340310430114,5103403,Cuiabá,Administração Regional Sul-Leste,IBGE Malha de Setores Censitários 2022 — atributos territoriais CD_BAIRRO/NM_BAIRRO e correlatos,Subdistrito IBGE 2022,51034031043
510340310430115,5103403,Cuiabá,Administração Regional Sul-Leste,IBGE Malha de Setores Censitários 2022 — atributos territoriais CD_BAIRRO/NM_BAIRRO e correlatos,Subdistrito IBGE 2022,51034031043
510340310430119,5103403,Cuiabá,Residencial Coxipó,IBGE Malha de Setores Censitários 2022 — atributos territoriais CD_BAIRRO/NM_BAIRRO e correlatos,Bairro IBGE 2022,5103403087
510340310430120,5103403,Cuiabá,Residencial Coxipó,IBGE Malha de Setores Censitários 2022 — atributos territoriais CD_BAIRRO/NM_BAIRRO e correlatos,Bairro IBGE 2022,5103403087
510340310430121,5103403,Cuiabá,Cohab São Gonçalo,IBGE Malha de Setores Censitários 2022 — atributos territoriais CD_BAIRRO/NM_BAIRRO e correlatos,Bairro IBGE 2022,5103403088
510340310430122,5103403,Cuiabá,Cohab São Gonçalo,IBGE Malha de Setores Censitários 2022 — atributos territoriais CD_BAIRRO/NM_BAIRRO e correlatos,Bairro IBGE 2022,5103403088
510340310430123,5103403,Cuiabá,Parque Cuiabá,IBGE Malha de Setores Censitários 2022 — atributos territoriais CD_BAIRRO/NM_BAIRRO e correlatos,Bairro IBGE 2022,5103403090
510340310430124,5103403,Cuiabá,Parque Atalaia,IBGE Malha de Setores Censitários 2022 — atributos territoriais CD_BAIRRO/NM_BAIRRO e correlatos,Bairro IBGE 2022,5103403091
510340310430126,5103403,Cuiabá,Nossa Senhora Aparecida,IBGE Malha de Setores Censitários 2022 — atributos territoriais CD_BAIRRO/NM_BAIRRO e correlatos,Bairro IBGE 2022,5103403101
510340310430127,5103403,Cuiabá,Altos do Coxipó,IBGE Malha de Setores Censitários 2022 — atributos territoriais CD_BAIRRO/NM_BAIRRO e correlatos,Bairro IBGE 2022,5103403104
510340310430128,5103403,Cuiabá,Tijucal,IBGE Malha de Setores Censitários 2022 — atributos territoriais CD_BAIRRO/NM_BAIRRO e correlatos,Bairro IBGE 2022,5103403106
510340310430129,5103403,Cuiabá,Tijucal,IBGE Malha de Setores Censitários 2022 — atributos territoriais CD_BAIRRO/NM_BAIRRO e correlatos,Bairro IBGE 2022,5103403106
510340310430130,5103403,Cuiabá,São Sebastião,IBGE Malha de Setores Censitários 2022 — atributos territoriais CD_BAIRRO/NM_BAIRRO e correlatos,Bairro IBGE 2022,5103403108
510340310430131,5103403,Cuiabá,Santa Laura,IBGE Malha de Setores Censitários 2022 — atributos territoriais CD_BAIRRO/NM_BAIRRO e correlatos,Bairro IBGE 2022,5103403109
510340310430132,5103403,Cuiabá,Santa Laura,IBGE Malha de Setores Censitários 2022 — atributos territoriais CD_BAIRRO/NM_BAIRRO e correlatos,Bairro IBGE 2022,5103403109
510340310430133,5103403,Cuiabá,Jardim Fortaleza,IBGE Malha de Setores Censitários 2022 — atributos territoriais CD_BAIRRO/NM_BAIRRO e correlatos,Bairro IBGE 2022,5103403110
510340310430134,5103403,Cuiabá,Jardim Fortaleza,IBGE Malha de Setores Censitários 2022 — atributos territoriais CD_BAIRRO/NM_BAIRRO e correlatos,Bairro IBGE 2022,5103403110
510340310430136,5103403,Cuiabá,São João Del Rey,IBGE Malha de Setores Censitários 2022 — atributos territoriais CD_BAIRRO/NM_BAIRRO e correlatos,Bairro IBGE 2022,5103403111
510340310430137,5103403,Cuiabá,Osmar Cabral,IBGE Malha de Setores Censitários 2022 — atributos territoriais CD_BAIRRO/NM_BAIRRO e correlatos,Bairro IBGE 2022,5103403112
510340310430139,5103403,Cuiabá,Pedra 90,IBGE Malha de Setores Censitários 2022 — atributos territoriais CD_BAIRRO/NM_BAIRRO e correlatos,Bairro IBGE 2022,5103403113
510340310430140,5103403,Cuiabá,Pedra 90,IBGE Malha de Setores Censitários 2022 — atributos territoriais CD_BAIRRO/NM_BAIRRO e correlatos,Bairro IBGE 2022,5103403113
510340310430141,5103403,Cuiabá,Pedra 90,IBGE Malha de Setores Censitários 2022 — atributos territoriais CD_BAIRRO/NM_BAIRRO e correlatos,Bairro IBGE 2022,5103403113
510340310430142,5103403,Cuiabá,Pedra 90,IBGE Malha de Setores Censitários 2022 — atributos territoriais CD_BAIRRO/NM_BAIRRO e correlatos,Bairro IBGE 2022,5103403113
510340310430143,5103403,Cuiabá,Pedra 90,IBGE Malha de Setores Censitários 2022 — atributos territoriais CD_BAIRRO/NM_BAIRRO e correlatos,Bairro IBGE 2022,5103403113
510340310430144,5103403,Cuiabá,Pedra 90,IBGE Malha de Setores Censitários 2022 — atributos territoriais CD_BAIRRO/NM_BAIRRO e correlatos,Bairro IBGE 2022,5103403113
510340310430145,5103403,Cuiabá,Pedra 90,IBGE Malha de Setores Censitários 2022 — atributos territoriais CD_BAIRRO/NM_BAIRRO e correlatos,Bairro IBGE 2022,5103403113
510340310430146,5103403,Cuiabá,Nova Esperança,IBGE Malha de Setores Censitários 2022 — atributos territoriais CD_BAIRRO/NM_BAIRRO e correlatos,Bairro IBGE 2022,5103403114
510340310430148,5103403,Cuiabá,Jardim Industriário,IBGE Malha de Setores Censitários 2022 — atributos territoriais CD_BAIRRO/NM_BAIRRO e correlatos,Bairro IBGE 2022,5103403115
510340310430149,5103403,Cuiabá,Pascoal Ramos,IBGE Malha de Setores Censitários 2022 — atributos territoriais CD_BAIRRO/NM_BAIRRO e correlatos,Bairro IBGE 2022,5103403116
510340310430151,5103403,Cuiabá,São Francisco,IBGE Malha de Setores Censitários 2022 — atributos territoriais CD_BAIRRO/NM_BAIRRO e correlatos,Bairro IBGE 2022,5103403085
510340310430152,5103403,Cuiabá,Residencial Coxipó,IBGE Malha de Setores Censitários 2022 — atributos territoriais CD_BAIRRO/NM_BAIRRO e correlatos,Bairro IBGE 2022,5103403087
510340310430153,5103403,Cuiabá,Jardim Mossoró,IBGE Malha de Setores Censitários 2022 — atributos territoriais CD_BAIRRO/NM_BAIRRO e correlatos,Bairro IBGE 2022,5103403089
510340310430155,5103403,Cuiabá,Parque Cuiabá,IBGE Malha de Setores Censitários 2022 — atributos territoriais CD_BAIRRO/NM_BAIRRO e correlatos,Bairro IBGE 2022,5103403090
510340310430156,5103403,Cuiabá,Parque Geórgia,IBGE Malha de Setores Censitários 2022 — atributos territoriais CD_BAIRRO/NM_BAIRRO e correlatos,Bairro IBGE 2022,5103403092
510340310430157,5103403,Cuiabá,Jardim Gramado,IBGE Malha de Setores Censitários 2022 — atributos territoriais CD_BAIRRO/NM_BAIRRO e correlatos,Bairro IBGE 2022,5103403094
510340310430158,5103403,Cuiabá,Coxipó,IBGE Malha de Setores Censitários 2022 — atributos territoriais CD_BAIRRO/NM_BAIRRO e correlatos,Bairro IBGE 2022,5103403096
510340310430160,5103403,Cuiabá,Nossa Senhora Aparecida,IBGE Malha de Setores Censitários 2022 — atributos territoriais CD_BAIRRO/NM_BAIRRO e correlatos,Bairro IBGE 2022,5103403101
510340310430161,5103403,Cuiabá,São José,IBGE Malha de Setores Censitários 2022 — atributos territoriais CD_BAIRRO/NM_BAIRRO e correlatos,Bairro IBGE 2022,5103403103
510340310430162,5103403,Cuiabá,Tijucal,IBGE Malha de Setores Censitários 2022 — atributos territoriais CD_BAIRRO/NM_BAIRRO e correlatos,Bairro IBGE 2022,5103403106
510340310430163,5103403,Cuiabá,Tijucal,IBGE Malha de Setores Censitários 2022 — atributos territoriais CD_BAIRRO/NM_BAIRRO e correlatos,Bairro IBGE 2022,5103403106
510340310430164,5103403,Cuiabá,Tijucal,IBGE Malha de Setores Censitários 2022 — atributos territoriais CD_BAIRRO/NM_BAIRRO e correlatos,Bairro IBGE 2022,5103403106
510340310430165,5103403,Cuiabá,Santa Laura,IBGE Malha de Setores Censitários 2022 — atributos territoriais CD_BAIRRO/NM_BAIRRO e correlatos,Bairro IBGE 2022,5103403109
510340310430166,5103403,Cuiabá,São João Del Rey,IBGE Malha de Setores Censitários 2022 — atributos territoriais CD_BAIRRO/NM_BAIRRO e correlatos,Bairro IBGE 2022,5103403111
510340310430167,5103403,Cuiabá,São João Del Rey,IBGE Malha de Setores Censitários 2022 — atributos territoriais CD_BAIRRO/NM_BAIRRO e correlatos,Bairro IBGE 2022,5103403111
510340310430170,5103403,Cuiabá,Pedra 90,IBGE Malha de Setores Censitários 2022 — atributos territoriais CD_BAIRRO/NM_BAIRRO e correlatos,Bairro IBGE 2022,5103403113
510340310430172,5103403,Cuiabá,Pedra 90,IBGE Malha de Setores Censitários 2022 — atributos territoriais CD_BAIRRO/NM_BAIRRO e correlatos,Bairro IBGE 2022,5103403113
510340310430173,5103403,Cuiabá,Pedra 90,IBGE Malha de Setores Censitários 2022 — atributos territoriais CD_BAIRRO/NM_BAIRRO e correlatos,Bairro IBGE 2022,5103403113
510340310430175,5103403,Cuiabá,Jardim Industriário,IBGE Malha de Setores Censitários 2022 — atributos territoriais CD_BAIRRO/NM_BAIRRO e correlatos,Bairro IBGE 2022,5103403115
510340310430176,5103403,Cuiabá,Jardim Industriário,IBGE Malha de Setores Censitários 2022 — atributos territoriais CD_BAIRRO/NM_BAIRRO e correlatos,Bairro IBGE 2022,5103403115
510340310430177,5103403,Cuiabá,Jardim Industriário,IBGE Malha de Setores Censitários 2022 — atributos territoriais CD_BAIRRO/NM_BAIRRO e correlatos,Bairro IBGE 2022,5103403115
510340310430179,5103403,Cuiabá,Administração Regional Sul-Leste,IBGE Malha de Setores Censitários 2022 — atributos territoriais CD_BAIRRO/NM_BAIRRO e correlatos,Subdistrito IBGE 2022,51034031043
510340310430180,5103403,Cuiabá,Administração Regional Sul-Leste,IBGE Malha de Setores Censitários 2022 — atributos territoriais CD_BAIRRO/NM_BAIRRO e correlatos,Subdistrito IBGE 2022,51034031043
510340310430182,5103403,Cuiabá,Jardim Passaredo,IBGE Malha de Setores Censitários 2022 — atributos territoriais CD_BAIRRO/NM_BAIRRO e correlatos,Bairro IBGE 2022,5103403084
510340310430183,5103403,Cuiabá,Residencial Coxipó,IBGE Malha de Setores Censitários 2022 — atributos territoriais CD_BAIRRO/NM_BAIRRO e correlatos,Bairro IBGE 2022,5103403087
510340310430185,5103403,Cuiabá,Parque Atalaia,IBGE Malha de Setores Censitários 2022 — atributos territoriais CD_BAIRRO/NM_BAIRRO e correlatos,Bairro IBGE 2022,5103403091
510340310430186,5103403,Cuiabá,Altos do Coxipó,IBGE Malha de Setores Censitários 2022 — atributos territoriais CD_BAIRRO/NM_BAIRRO e correlatos,Bairro IBGE 2022,5103403104
510340310430188,5103403,Cuiabá,Pedra 90,IBGE Malha de Setores Censitários 2022 — atributos territoriais CD_BAIRRO/NM_BAIRRO e correlatos,Bairro IBGE 2022,5103403113
510340310430189,5103403,Cuiabá,Nova Esperança,IBGE Malha de Setores Censitários 2022 — atributos territoriais CD_BAIRRO/NM_BAIRRO e correlatos,Bairro IBGE 2022,5103403114
510340310430190,5103403,Cuiabá,Pascoal Ramos,IBGE Malha de Setores Censitários 2022 — atributos territoriais CD_BAIRRO/NM_BAIRRO e correlatos,Bairro IBGE 2022,5103403116
510340310430191,5103403,Cuiabá,Pascoal Ramos,IBGE Malha de Setores Censitários 2022 — atributos territoriais CD_BAIRRO/NM_BAIRRO e correlatos,Bairro IBGE 2022,5103403116
510340310430192,5103403,Cuiabá,Osmar Cabral,IBGE Malha de Setores Censitários 2022 — atributos territoriais CD_BAIRRO/NM_BAIRRO e correlatos,Bairro IBGE 2022,5103403112
510340310430193,5103403,Cuiabá,Osmar Cabral,IBGE Malha de Setores Censitários 2022 — atributos territoriais CD_BAIRRO/NM_BAIRRO e correlatos,Bairro IBGE 2022,5103403112
510340310430194,5103403,Cuiabá,Região do Santa Laura,IBGE Malha de Setores Censitários 2022 — atributos territoriais CD_BAIRRO/NM_BAIRRO e correlatos,Favela/Comunidade urbana IBGE 2022,51034030006
510340310430195,5103403,Cuiabá,Região do Passaredo,IBGE Malha de Setores Censitários 2022 — atributos territoriais CD_BAIRRO/NM_BAIRRO e correlatos,Favela/Comunidade urbana IBGE 2022,51034030004
510340310430196,5103403,Cuiabá,Administração Regional Sul-Leste,IBGE Malha de Setores Censitários 2022 — atributos territoriais CD_BAIRRO/NM_BAIRRO e correlatos,Subdistrito IBGE 2022,51034031043
510340310430197,5103403,Cuiabá,Região do Santa Laura,IBGE Malha de Setores Censitários 2022 — atributos territoriais CD_BAIRRO/NM_BAIRRO e correlatos,Favela/Comunidade urbana IBGE 2022,51034030006
510340310430199,5103403,Cuiabá,Administração Regional Sul-Leste,IBGE Malha de Setores Censitários 2022 — atributos territoriais CD_BAIRRO/NM_BAIRRO e correlatos,Subdistrito IBGE 2022,51034031043
510340310430200,5103403,Cuiabá,Administração Regional Sul-Leste,IBGE Malha de Setores Censitários 2022 — atributos territoriais CD_BAIRRO/NM_BAIRRO e correlatos,Subdistrito IBGE 2022,51034031043
510340310430201,5103403,Cuiabá,Administração Regional Sul-Leste,IBGE Malha de Setores Censitários 2022 — atributos territoriais CD_BAIRRO/NM_BAIRRO e correlatos,Subdistrito IBGE 2022,51034031043
510340310430202,5103403,Cuiabá,Administração Regional Sul-Leste,IBGE Malha de Setores Censitários 2022 — atributos territoriais CD_BAIRRO/NM_BAIRRO e correlatos,Subdistrito IBGE 2022,51034031043
510340310430203,5103403,Cuiabá,Administração Regional Sul-Leste,IBGE Malha de Setores Censitários 2022 — atributos territoriais CD_BAIRRO/NM_BAIRRO e correlatos,Subdistrito IBGE 2022,51034031043
510340310430204,5103403,Cuiabá,Administração Regional Sul-Leste,IBGE Malha de Setores Censitários 2022 — atributos territoriais CD_BAIRRO/NM_BAIRRO e correlatos,Subdistrito IBGE 2022,51034031043
510340310430205,5103403,Cuiabá,Administração Regional Sul-Leste,IBGE Malha de Setores Censitários 2022 — atributos territoriais CD_BAIRRO/NM_BAIRRO e correlatos,Subdistrito IBGE 2022,51034031043
510340310430206,5103403,Cuiabá,Administração Regional Sul-Leste,IBGE Malha de Setores Censitários 2022 — atributos territoriais CD_BAIRRO/NM_BAIRRO e correlatos,Subdistrito IBGE 2022,51034031043
510340310430207,5103403,Cuiabá,Administração Regional Sul-Leste,IBGE Malha de Setores Censitários 2022 — atributos territoriais CD_BAIRRO/NM_BAIRRO e correlatos,Subdistrito IBGE 2022,51034031043
510340310430208,5103403,Cuiabá,Administração Regional Sul-Leste,IBGE Malha de Setores Censitários 2022 — atributos territoriais CD_BAIRRO/NM_BAIRRO e correlatos,Subdistrito IBGE 2022,51034031043
510340310430210,5103403,Cuiabá,Administração Regional Sul-Leste,IBGE Malha de Setores Censitários 2022 — atributos territoriais CD_BAIRRO/NM_BAIRRO e correlatos,Subdistrito IBGE 2022,51034031043
510340310430211,5103403,Cuiabá,Região do Residencial do Coxipó,IBGE Malha de Setores Censitários 2022 — atributos territoriais CD_BAIRRO/NM_BAIRRO e correlatos,Favela/Comunidade urbana IBGE 2022,51034030013
510340310430212,5103403,Cuiabá,Administração Regional Sul-Leste,IBGE Malha de Setores Censitários 2022 — atributos territoriais CD_BAIRRO/NM_BAIRRO e correlatos,Subdistrito IBGE 2022,51034031043
510340310430213,5103403,Cuiabá,Santa Laura,IBGE Malha de Setores Censitários 2022 — atributos territoriais CD_BAIRRO/NM_BAIRRO e correlatos,Bairro IBGE 2022,5103403109
510340310430214,5103403,Cuiabá,Administração Regional Sul-Leste,IBGE Malha de Setores Censitários 2022 — atributos territoriais CD_BAIRRO/NM_BAIRRO e correlatos,Subdistrito IBGE 2022,51034031043
510340310430215,5103403,Cuiabá,Administração Regional Sul-Leste,IBGE Malha de Setores Censitários 2022 — atributos territoriais CD_BAIRRO/NM_BAIRRO e correlatos,Subdistrito IBGE 2022,51034031043
510340310430216,5103403,Cuiabá,Administração Regional Sul-Leste,IBGE Malha de Setores Censitários 2022 — atributos territoriais CD_BAIRRO/NM_BAIRRO e correlatos,Subdistrito IBGE 2022,51034031043
510340310430217,5103403,Cuiabá,Administração Regional Sul-Leste,IBGE Malha de Setores Censitários 2022 — atributos territoriais CD_BAIRRO/NM_BAIRRO e correlatos,Subdistrito IBGE 2022,51034031043
510340310430221,5103403,Cuiabá,Administração Regional Sul-Leste,IBGE Malha de Setores Censitários 2022 — atributos territoriais CD_BAIRRO/NM_BAIRRO e correlatos,Subdistrito IBGE 2022,51034031043
510340310430222,5103403,Cuiabá,Administração Regional Sul-Leste,IBGE Malha de Setores Censitários 2022 — atributos territoriais CD_BAIRRO/NM_BAIRRO e correlatos,Subdistrito IBGE 2022,51034031043
510340310430223,5103403,Cuiabá,Administração Regional Sul-Leste,IBGE Malha de Setores Censitários 2022 — atributos territoriais CD_BAIRRO/NM_BAIRRO e correlatos,Subdistrito IBGE 2022,51034031043
510340310430224,5103403,Cuiabá,Santa Laura,IBGE Malha de Setores Censitários 2022 — atributos territoriais CD_BAIRRO/NM_BAIRRO e correlatos,Bairro IBGE 2022,5103403109
510340310430226,5103403,Cuiabá,Administração Regional Sul-Leste,IBGE Malha de Setores Censitários 2022 — atributos territoriais CD_BAIRRO/NM_BAIRRO e correlatos,Subdistrito IBGE 2022,51034031043
510340310430227,5103403,Cuiabá,Administração Regional Sul-Leste,IBGE Malha de Setores Censitários 2022 — atributos territoriais CD_BAIRRO/NM_BAIRRO e correlatos,Subdistrito IBGE 2022,51034031043
510340310430228,5103403,Cuiabá,Administração Regional Sul-Leste,IBGE Malha de Setores Censitários 2022 — atributos territoriais CD_BAIRRO/NM_BAIRRO e correlatos,Subdistrito IBGE 2022,51034031043
510340310430229,5103403,Cuiabá,Administração Regional Sul-Leste,IBGE Malha de Setores Censitários 2022 — atributos territoriais CD_BAIRRO/NM_BAIRRO e correlatos,Subdistrito IBGE 2022,51034031043
510340310430230,5103403,Cuiabá,Administração Regional Sul-Leste,IBGE Malha de Setores Censitários 2022 — atributos territoriais CD_BAIRRO/NM_BAIRRO e correlatos,Subdistrito IBGE 2022,51034031043
510340310430232,5103403,Cuiabá,Administração Regional Sul-Leste,IBGE Malha de Setores Censitários 2022 — atributos territoriais CD_BAIRRO/NM_BAIRRO e correlatos,Subdistrito IBGE 2022,51034031043
510340310430235,5103403,Cuiabá,Administração Regional Sul-Leste,IBGE Malha de Setores Censitários 2022 — atributos territoriais CD_BAIRRO/NM_BAIRRO e correlatos,Subdistrito IBGE 2022,51034031043
510340310430237,5103403,Cuiabá,Administração Regional Sul-Leste,IBGE Malha de Setores Censitários 2022 — atributos territoriais CD_BAIRRO/NM_BAIRRO e correlatos,Subdistrito IBGE 2022,51034031043
510340310430238,5103403,Cuiabá,Tijucal,IBGE Malha de Setores Censitários 2022 — atributos territoriais CD_BAIRRO/NM_BAIRRO e correlatos,Favela/Comunidade urbana IBGE 2022,51034030041
510340310430239,5103403,Cuiabá,Administração Regional Sul-Leste,IBGE Malha de Setores Censitários 2022 — atributos territoriais CD_BAIRRO/NM_BAIRRO e correlatos,Subdistrito IBGE 2022,51034031043
510340310430241,5103403,Cuiabá,Pascoal Ramos,IBGE Malha de Setores Censitários 2022 — atributos territoriais CD_BAIRRO/NM_BAIRRO e correlatos,Bairro IBGE 2022,5103403116
510340310430242,5103403,Cuiabá,Pascoal Ramos,IBGE Malha de Setores Censitários 2022 — atributos territoriais CD_BAIRRO/NM_BAIRRO e correlatos,Bairro IBGE 2022,5103403116
510340310430243,5103403,Cuiabá,Pascoal Ramos,IBGE Malha de Setores Censitários 2022 — atributos territoriais CD_BAIRRO/NM_BAIRRO e correlatos,Bairro IBGE 2022,5103403116
510340310430244,5103403,Cuiabá,Pascoal Ramos,IBGE Malha de Setores Censitários 2022 — atributos territoriais CD_BAIRRO/NM_BAIRRO e correlatos,Bairro IBGE 2022,5103403116
510340310430245,5103403,Cuiabá,São Sebastião,IBGE Malha de Setores Censitários 2022 — atributos territoriais CD_BAIRRO/NM_BAIRRO e correlatos,Bairro IBGE 2022,5103403108
510340310430246,5103403,Cuiabá,São Sebastião,IBGE Malha de Setores Censitários 2022 — atributos territoriais CD_BAIRRO/NM_BAIRRO e correlatos,Bairro IBGE 2022,5103403108
510340310430247,5103403,Cuiabá,Nova Esperança,IBGE Malha de Setores Censitários 2022 — atributos territoriais CD_BAIRRO/NM_BAIRRO e correlatos,Bairro IBGE 2022,5103403114
510340310430249,5103403,Cuiabá,Nova Esperança,IBGE Malha de Setores Censitários 2022 — atributos territoriais CD_BAIRRO/NM_BAIRRO e correlatos,Bairro IBGE 2022,5103403114
510340310430250,5103403,Cuiabá,Administração Regional Sul-Leste,IBGE Malha de Setores Censitários 2022 — atributos territoriais CD_BAIRRO/NM_BAIRRO e correlatos,Subdistrito IBGE 2022,51034031043
510340310430251,5103403,Cuiabá,Lagoa Azul,IBGE Malha de Setores Censitários 2022 — atributos territoriais CD_BAIRRO/NM_BAIRRO e correlatos,Bairro IBGE 2022,5103403107
510340310430252,5103403,Cuiabá,Lagoa Azul,IBGE Malha de Setores Censitários 2022 — atributos territoriais CD_BAIRRO/NM_BAIRRO e correlatos,Bairro IBGE 2022,5103403107
510340310430254,5103403,Cuiabá,Parque Geórgia,IBGE Malha de Setores Censitários 2022 — atributos territoriais CD_BAIRRO/NM_BAIRRO e correlatos,Bairro IBGE 2022,5103403092
510340310430255,5103403,Cuiabá,Parque Geórgia,IBGE Malha de Setores Censitários 2022 — atributos territoriais CD_BAIRRO/NM_BAIRRO e correlatos,Bairro IBGE 2022,5103403092
510340310430257,5103403,Cuiabá,Administração Regional Sul-Leste,IBGE Malha de Setores Censitários 2022 — atributos territoriais CD_BAIRRO/NM_BAIRRO e correlatos,Subdistrito IBGE 2022,51034031043
510340310430258,5103403,Cuiabá,Jardim das Palmeiras,IBGE Malha de Setores Censitários 2022 — atributos territoriais CD_BAIRRO/NM_BAIRRO e correlatos,Bairro IBGE 2022,5103403098
510340310430259,5103403,Cuiabá,Tijucal,IBGE Malha de Setores Censitários 2022 — atributos territoriais CD_BAIRRO/NM_BAIRRO e correlatos,Bairro IBGE 2022,5103403106
510340310430260,5103403,Cuiabá,Pedra 90,IBGE Malha de Setores Censitários 2022 — atributos territoriais CD_BAIRRO/NM_BAIRRO e correlatos,Bairro IBGE 2022,5103403113
510340310430261,5103403,Cuiabá,Jardim Mossoró,IBGE Malha de Setores Censitários 2022 — atributos territoriais CD_BAIRRO/NM_BAIRRO e correlatos,Bairro IBGE 2022,5103403089
510340310430262,5103403,Cuiabá,Jardim Industriário,IBGE Malha de Setores Censitários 2022 — atributos territoriais CD_BAIRRO/NM_BAIRRO e correlatos,Bairro IBGE 2022,5103403115
510340310430263,5103403,Cuiabá,Santa Laura,IBGE Malha de Setores Censitários 2022 — atributos territoriais CD_BAIRRO/NM_BAIRRO e correlatos,Bairro IBGE 2022,5103403109
510340310430264,5103403,Cuiabá,Jardim das Palmeiras,IBGE Malha de Setores Censitários 2022 — atributos territoriais CD_BAIRRO/NM_BAIRRO e correlatos,Bairro IBGE 2022,5103403098
510340310430265,5103403,Cuiabá,Chácara dos Pinheiros,IBGE Malha de Setores Censitários 2022 — atributos territoriais CD_BAIRRO/NM_BAIRRO e correlatos,Bairro IBGE 2022,5103403097
510340310430266,5103403,Cuiabá,Administração Regional Sul-Leste,IBGE Malha de Setores Censitários 2022 — atributos territoriais CD_BAIRRO/NM_BAIRRO e correlatos,Subdistrito IBGE 2022,51034031043
510340310430267,5103403,Cuiabá,Administração Regional Sul-Leste,IBGE Malha de Setores Censitários 2022 — atributos territoriais CD_BAIRRO/NM_BAIRRO e correlatos,Subdistrito IBGE 2022,51034031043
510340310430268,5103403,Cuiabá,Administração Regional Sul-Leste,IBGE Malha de Setores Censitários 2022 — atributos territoriais CD_BAIRRO/NM_BAIRRO e correlatos,Subdistrito IBGE 2022,51034031043
510340310430269,5103403,Cuiabá,Administração Regional Sul-Leste,IBGE Malha de Setores Censitários 2022 — atributos territoriais CD_BAIRRO/NM_BAIRRO e correlatos,Subdistrito IBGE 2022,51034031043
510340310430270,5103403,Cuiabá,Administração Regional Sul-Leste,IBGE Malha de Setores Censitários 2022 — atributos territoriais CD_BAIRRO/NM_BAIRRO e correlatos,Subdistrito IBGE 2022,51034031043
510340310430271,5103403,Cuiabá,Administração Regional Sul-Leste,IBGE Malha de Setores Censitários 2022 — atributos territoriais CD_BAIRRO/NM_BAIRRO e correlatos,Subdistrito IBGE 2022,51034031043
510340310430272,5103403,Cuiabá,Administração Regional Sul-Leste,IBGE Malha de Setores Censitários 2022 — atributos territoriais CD_BAIRRO/NM_BAIRRO e correlatos,Subdistrito IBGE 2022,51034031043
510340310430273,5103403,Cuiabá,Administração Regional Sul-Leste,IBGE Malha de Setores Censitários 2022 — atributos territoriais CD_BAIRRO/NM_BAIRRO e correlatos,Subdistrito IBGE 2022,51034031043
510340310430274,5103403,Cuiabá,Administração Regional Sul-Leste,IBGE Malha de Setores Censitários 2022 — atributos territoriais CD_BAIRRO/NM_BAIRRO e correlatos,Subdistrito IBGE 2022,51034031043
510340310430275,5103403,Cuiabá,Administração Regional Sul-Leste,IBGE Malha de Setores Censitários 2022 — atributos territoriais CD_BAIRRO/NM_BAIRRO e correlatos,Subdistrito IBGE 2022,51034031043
510340310430276,5103403,Cuiabá,Administração Regional Sul-Leste,IBGE Malha de Setores Censitários 2022 — atributos territoriais CD_BAIRRO/NM_BAIRRO e correlatos,Subdistrito IBGE 2022,51034031043
510340310430277,5103403,Cuiabá,Administração Regional Sul-Leste,IBGE Malha de Setores Censitários 2022 — atributos territoriais CD_BAIRRO/NM_BAIRRO e correlatos,Subdistrito IBGE 2022,51034031043
510340310430278,5103403,Cuiabá,Parque Cuiabá,IBGE Malha de Setores Censitários 2022 — atributos territoriais CD_BAIRRO/NM_BAIRRO e correlatos,Bairro IBGE 2022,5103403090
510340310430279,5103403,Cuiabá,Administração Regional Sul-Leste,IBGE Malha de Setores Censitários 2022 — atributos territoriais CD_BAIRRO/NM_BAIRRO e correlatos,Subdistrito IBGE 2022,51034031043
510340310430281,5103403,Cuiabá,Jardim Presidente,IBGE Malha de Setores Censitários 2022 — atributos territoriais CD_BAIRRO/NM_BAIRRO e correlatos,Bairro IBGE 2022,5103403086
510340310430282,5103403,Cuiabá,Jardim Presidente,IBGE Malha de Setores Censitários 2022 — atributos territoriais CD_BAIRRO/NM_BAIRRO e correlatos,Bairro IBGE 2022,5103403086
510340310430283,5103403,Cuiabá,Jardim Industriário,IBGE Malha de Setores Censitários 2022 — atributos territoriais CD_BAIRRO/NM_BAIRRO e correlatos,Bairro IBGE 2022,5103403115
510340310430284,5103403,Cuiabá,Jardim Industriário,IBGE Malha de Setores Censitários 2022 — atributos territoriais CD_BAIRRO/NM_BAIRRO e correlatos,Bairro IBGE 2022,5103403115
510340310430285,5103403,Cuiabá,Nova Esperança,IBGE Malha de Setores Censitários 2022 — atributos territoriais CD_BAIRRO/NM_BAIRRO e correlatos,Bairro IBGE 2022,5103403114
510340310430286,5103403,Cuiabá,Nova Esperança,IBGE Malha de Setores Censitários 2022 — atributos territoriais CD_BAIRRO/NM_BAIRRO e correlatos,Favela/Comunidade urbana IBGE 2022,51034030030
510340310430287,5103403,Cuiabá,Pedra 90,IBGE Malha de Setores Censitários 2022 — atributos territoriais CD_BAIRRO/NM_BAIRRO e correlatos,Bairro IBGE 2022,5103403113
510340310430288,5103403,Cuiabá,Pedra 90,IBGE Malha de Setores Censitários 2022 — atributos territoriais CD_BAIRRO/NM_BAIRRO e correlatos,Bairro IBGE 2022,5103403113
510340310430289,5103403,Cuiabá,Pedra 90,IBGE Malha de Setores Censitários 2022 — atributos territoriais CD_BAIRRO/NM_BAIRRO e correlatos,Bairro IBGE 2022,5103403113
510340310430290,5103403,Cuiabá,Pedra 90,IBGE Malha de Setores Censitários 2022 — atributos territoriais CD_BAIRRO/NM_BAIRRO e correlatos,Bairro IBGE 2022,5103403113
510340310430291,5103403,Cuiabá,Pedra 90,IBGE Malha de Setores Censitários 2022 — atributos territoriais CD_BAIRRO/NM_BAIRRO e correlatos,Bairro IBGE 2022,5103403113
510340310430292,5103403,Cuiabá,Pedra 90,IBGE Malha de Setores Censitários 2022 — atributos territoriais CD_BAIRRO/NM_BAIRRO e correlatos,Bairro IBGE 2022,5103403113
510340310430293,5103403,Cuiabá,Residencial Coxipó,IBGE Malha de Setores Censitários 2022 — atributos territoriais CD_BAIRRO/NM_BAIRRO e correlatos,Bairro IBGE 2022,5103403087
510340310430294,5103403,Cuiabá,Residencial Coxipó,IBGE Malha de Setores Censitários 2022 — atributos territoriais CD_BAIRRO/NM_BAIRRO e correlatos,Bairro IBGE 2022,5103403087
510340310430295,5103403,Cuiabá,Residencial Coxipó,IBGE Malha de Setores Censitários 2022 — atributos territoriais CD_BAIRRO/NM_BAIRRO e correlatos,Bairro IBGE 2022,5103403087
510340310430296,5103403,Cuiabá,Residencial Coxipó,IBGE Malha de Setores Censitários 2022 — atributos territoriais CD_BAIRRO/NM_BAIRRO e correlatos,Bairro IBGE 2022,5103403087
510340310430297,5103403,Cuiabá,Jardim Presidente,IBGE Malha de Setores Censitários 2022 — atributos territoriais CD_BAIRRO/NM_BAIRRO e correlatos,Bairro IBGE 2022,5103403086
510340310430298,5103403,Cuiabá,Jardim Presidente,IBGE Malha de Setores Censitários 2022 — atributos territoriais CD_BAIRRO/NM_BAIRRO e correlatos,Bairro IBGE 2022,5103403086
510340310430299,5103403,Cuiabá,São Francisco,IBGE Malha de Setores Censitários 2022 — atributos territoriais CD_BAIRRO/NM_BAIRRO e correlatos,Bairro IBGE 2022,5103403085
510340310430300,5103403,Cuiabá,São Francisco,IBGE Malha de Setores Censitários 2022 — atributos territoriais CD_BAIRRO/NM_BAIRRO e correlatos,Bairro IBGE 2022,5103403085
510340310430301,5103403,Cuiabá,Jardim Passaredo,IBGE Malha de Setores Censitários 2022 — atributos territoriais CD_BAIRRO/NM_BAIRRO e correlatos,Bairro IBGE 2022,5103403084
510340310430302,5103403,Cuiabá,Jardim Passaredo,IBGE Malha de Setores Censitários 2022 — atributos territoriais CD_BAIRRO/NM_BAIRRO e correlatos,Bairro IBGE 2022,5103403084
510340310430303,5103403,Cuiabá,Jardim Passaredo,IBGE Malha de Setores Censitários 2022 — atributos territoriais CD_BAIRRO/NM_BAIRRO e correlatos,Bairro IBGE 2022,5103403084
510340310430304,5103403,Cuiabá,Jardim Passaredo,IBGE Malha de Setores Censitários 2022 — atributos territoriais CD_BAIRRO/NM_BAIRRO e correlatos,Bairro IBGE 2022,5103403084
510340310430305,5103403,Cuiabá,Pedra 90,IBGE Malha de Setores Censitários 2022 — atributos territoriais CD_BAIRRO/NM_BAIRRO e correlatos,Bairro IBGE 2022,5103403113
510340310430306,5103403,Cuiabá,Pedra 90,IBGE Malha de Setores Censitários 2022 — atributos territoriais CD_BAIRRO/NM_BAIRRO e correlatos,Bairro IBGE 2022,5103403113
510340310430307,5103403,Cuiabá,São João Del Rey,IBGE Malha de Setores Censitários 2022 — atributos territoriais CD_BAIRRO/NM_BAIRRO e correlatos,Bairro IBGE 2022,5103403111
510340310430308,5103403,Cuiabá,São João Del Rey,IBGE Malha de Setores Censitários 2022 — atributos territoriais CD_BAIRRO/NM_BAIRRO e correlatos,Bairro IBGE 2022,5103403111
510340310430309,5103403,Cuiabá,Administração Regional Sul-Leste,IBGE Malha de Setores Censitários 2022 — atributos territoriais CD_BAIRRO/NM_BAIRRO e correlatos,Subdistrito IBGE 2022,51034031043
510340310430310,5103403,Cuiabá,Novo Milênio,IBGE Malha de Setores Censitários 2022 — atributos territoriais CD_BAIRRO/NM_BAIRRO e correlatos,Favela/Comunidade urbana IBGE 2022,51034030031
510340310430311,5103403,Cuiabá,Jardim Fortaleza,IBGE Malha de Setores Censitários 2022 — atributos territoriais CD_BAIRRO/NM_BAIRRO e correlatos,Bairro IBGE 2022,5103403110
510340310430312,5103403,Cuiabá,Jardim Fortaleza,IBGE Malha de Setores Censitários 2022 — atributos territoriais CD_BAIRRO/NM_BAIRRO e correlatos,Bairro IBGE 2022,5103403110
510340310430313,5103403,Cuiabá,Coxipó,IBGE Malha de Setores Censitários 2022 — atributos territoriais CD_BAIRRO/NM_BAIRRO e correlatos,Bairro IBGE 2022,5103403096
510340310430314,5103403,Cuiabá,Coxipó,IBGE Malha de Setores Censitários 2022 — atributos territoriais CD_BAIRRO/NM_BAIRRO e correlatos,Bairro IBGE 2022,5103403096
510340310430315,5103403,Cuiabá,Parque Geórgia,IBGE Malha de Setores Censitários 2022 — atributos territoriais CD_BAIRRO/NM_BAIRRO e correlatos,Bairro IBGE 2022,5103403092
510340310430316,5103403,Cuiabá,Parque Geórgia,IBGE Malha de Setores Censitários 2022 — atributos territoriais CD_BAIRRO/NM_BAIRRO e correlatos,Bairro IBGE 2022,5103403092
510340310430317,5103403,Cuiabá,Parque Cuiabá,IBGE Malha de Setores Censitários 2022 — atributos territoriais CD_BAIRRO/NM_BAIRRO e correlatos,Bairro IBGE 2022,5103403090
510340310430318,5103403,Cuiabá,Parque Cuiabá,IBGE Malha de Setores Censitários 2022 — atributos territoriais CD_BAIRRO/NM_BAIRRO e correlatos,Bairro IBGE 2022,5103403090
510340310430319,5103403,Cuiabá,Pedra 90,IBGE Malha de Setores Censitários 2022 — atributos territoriais CD_BAIRRO/NM_BAIRRO e correlatos,Bairro IBGE 2022,5103403113
510340310430320,5103403,Cuiabá,Pedra 90,IBGE Malha de Setores Censitários 2022 — atributos territoriais CD_BAIRRO/NM_BAIRRO e correlatos,Bairro IBGE 2022,5103403113
510340310430321,5103403,Cuiabá,São Gonçalo Beira Rio,IBGE Malha de Setores Censitários 2022 — atributos territoriais CD_BAIRRO/NM_BAIRRO e correlatos,Bairro IBGE 2022,5103403093
510340310430322,5103403,Cuiabá,São Gonçalo Beira Rio,IBGE Malha de Setores Censitários 2022 — atributos territoriais CD_BAIRRO/NM_BAIRRO e correlatos,Bairro IBGE 2022,5103403093
510340310430323,5103403,Cuiabá,Cohab São Gonçalo,IBGE Malha de Setores Censitários 2022 — atributos territoriais CD_BAIRRO/NM_BAIRRO e correlatos,Bairro IBGE 2022,5103403088
510340310430324,5103403,Cuiabá,Cohab São Gonçalo,IBGE Malha de Setores Censitários 2022 — atributos territoriais CD_BAIRRO/NM_BAIRRO e correlatos,Bairro IBGE 2022,5103403088
510340310430325,5103403,Cuiabá,São João Del Rey,IBGE Malha de Setores Censitários 2022 — atributos territoriais CD_BAIRRO/NM_BAIRRO e correlatos,Bairro IBGE 2022,5103403111
510340310430326,5103403,Cuiabá,São João Del Rey,IBGE Malha de Setores Censitários 2022 — atributos territoriais CD_BAIRRO/NM_BAIRRO e correlatos,Bairro IBGE 2022,5103403111
510340310430327,5103403,Cuiabá,Nova Esperança,IBGE Malha de Setores Censitários 2022 — atributos territoriais CD_BAIRRO/NM_BAIRRO e correlatos,Favela/Comunidade urbana IBGE 2022,51034030030
510340310430328,5103403,Cuiabá,Nova Esperança,IBGE Malha de Setores Censitários 2022 — atributos territoriais CD_BAIRRO/NM_BAIRRO e correlatos,Favela/Comunidade urbana IBGE 2022,51034030030
510340310430329,5103403,Cuiabá,Parque Cuiabá,IBGE Malha de Setores Censitários 2022 — atributos territoriais CD_BAIRRO/NM_BAIRRO e correlatos,Bairro IBGE 2022,5103403090
510340310430330,5103403,Cuiabá,Parque Cuiabá,IBGE Malha de Setores Censitários 2022 — atributos territoriais CD_BAIRRO/NM_BAIRRO e correlatos,Bairro IBGE 2022,5103403090
510340310430331,5103403,Cuiabá,Parque Atalaia,IBGE Malha de Setores Censitários 2022 — atributos territoriais CD_BAIRRO/NM_BAIRRO e correlatos,Bairro IBGE 2022,5103403091
510340310430332,5103403,Cuiabá,Parque Atalaia,IBGE Malha de Setores Censitários 2022 — atributos territoriais CD_BAIRRO/NM_BAIRRO e correlatos,Bairro IBGE 2022,5103403091
510340310430333,5103403,Cuiabá,Coxipó,IBGE Malha de Setores Censitários 2022 — atributos territoriais CD_BAIRRO/NM_BAIRRO e correlatos,Bairro IBGE 2022,5103403096
510340310430334,5103403,Cuiabá,Coxipó,IBGE Malha de Setores Censitários 2022 — atributos territoriais CD_BAIRRO/NM_BAIRRO e correlatos,Bairro IBGE 2022,5103403096
510340310430335,5103403,Cuiabá,Jardim Gramado,IBGE Malha de Setores Censitários 2022 — atributos territoriais CD_BAIRRO/NM_BAIRRO e correlatos,Bairro IBGE 2022,5103403094
510340310430336,5103403,Cuiabá,Jardim Gramado,IBGE Malha de Setores Censitários 2022 — atributos territoriais CD_BAIRRO/NM_BAIRRO e correlatos,Bairro IBGE 2022,5103403094
510340310430337,5103403,Cuiabá,Coxipó,IBGE Malha de Setores Censitários 2022 — atributos territoriais CD_BAIRRO/NM_BAIRRO e correlatos,Bairro IBGE 2022,5103403096
510340310430338,5103403,Cuiabá,Coxipó,IBGE Malha de Setores Censitários 2022 — atributos territoriais CD_BAIRRO/NM_BAIRRO e correlatos,Bairro IBGE 2022,5103403096
510340310430339,5103403,Cuiabá,Coxipó,IBGE Malha de Setores Censitários 2022 — atributos territoriais CD_BAIRRO/NM_BAIRRO e correlatos,Bairro IBGE 2022,5103403096
510340310430340,5103403,Cuiabá,Parque Ohara,IBGE Malha de Setores Censitários 2022 — atributos territoriais CD_BAIRRO/NM_BAIRRO e correlatos,Bairro IBGE 2022,5103403099
510340310430341,5103403,Cuiabá,Parque Ohara,IBGE Malha de Setores Censitários 2022 — atributos territoriais CD_BAIRRO/NM_BAIRRO e correlatos,Bairro IBGE 2022,5103403099
510340310430342,5103403,Cuiabá,Administração Regional Sul-Leste,IBGE Malha de Setores Censitários 2022 — atributos territoriais CD_BAIRRO/NM_BAIRRO e correlatos,Subdistrito IBGE 2022,51034031043
510340310430343,5103403,Cuiabá,Administração Regional Sul-Leste,IBGE Malha de Setores Censitários 2022 — atributos territoriais CD_BAIRRO/NM_BAIRRO e correlatos,Subdistrito IBGE 2022,51034031043
510340310430344,5103403,Cuiabá,Administração Regional Sul-Leste,IBGE Malha de Setores Censitários 2022 — atributos territoriais CD_BAIRRO/NM_BAIRRO e correlatos,Subdistrito IBGE 2022,51034031043
510340310430345,5103403,Cuiabá,Administração Regional Sul-Leste,IBGE Malha de Setores Censitários 2022 — atributos territoriais CD_BAIRRO/NM_BAIRRO e correlatos,Subdistrito IBGE 2022,51034031043
510340310430346,5103403,Cuiabá,Administração Regional Sul-Leste,IBGE Malha de Setores Censitários 2022 — atributos territoriais CD_BAIRRO/NM_BAIRRO e correlatos,Subdistrito IBGE 2022,51034031043
510340310430347,5103403,Cuiabá,Administração Regional Sul-Leste,IBGE Malha de Setores Censitários 2022 — atributos territoriais CD_BAIRRO/NM_BAIRRO e correlatos,Subdistrito IBGE 2022,51034031043
510340310430348,5103403,Cuiabá,Parque Atalaia,IBGE Malha de Setores Censitários 2022 — atributos territoriais CD_BAIRRO/NM_BAIRRO e correlatos,Bairro IBGE 2022,5103403091
510340310430349,5103403,Cuiabá,Parque Atalaia,IBGE Malha de Setores Censitários 2022 — atributos territoriais CD_BAIRRO/NM_BAIRRO e correlatos,Bairro IBGE 2022,5103403091
510340310430350,5103403,Cuiabá,Administração Regional Sul-Leste,IBGE Malha de Setores Censitários 2022 — atributos territoriais CD_BAIRRO/NM_BAIRRO e correlatos,Subdistrito IBGE 2022,51034031043
510340310430351,5103403,Cuiabá,Administração Regional Sul-Leste,IBGE Malha de Setores Censitários 2022 — atributos territoriais CD_BAIRRO/NM_BAIRRO e correlatos,Subdistrito IBGE 2022,51034031043
510340310430352,5103403,Cuiabá,Administração Regional Sul-Leste,IBGE Malha de Setores Censitários 2022 — atributos territoriais CD_BAIRRO/NM_BAIRRO e correlatos,Subdistrito IBGE 2022,51034031043
510340310430353,5103403,Cuiabá,Administração Regional Sul-Leste,IBGE Malha de Setores Censitários 2022 — atributos territoriais CD_BAIRRO/NM_BAIRRO e correlatos,Subdistrito IBGE 2022,51034031043
510340310430354,5103403,Cuiabá,Administração Regional Sul-Leste,IBGE Malha de Setores Censitários 2022 — atributos territoriais CD_BAIRRO/NM_BAIRRO e correlatos,Subdistrito IBGE 2022,51034031043
510340310430355,5103403,Cuiabá,Administração Regional Sul-Leste,IBGE Malha de Setores Censitários 2022 — atributos territoriais CD_BAIRRO/NM_BAIRRO e correlatos,Subdistrito IBGE 2022,51034031043
510340310430356,5103403,Cuiabá,Pedra 90,IBGE Malha de Setores Censitários 2022 — atributos territoriais CD_BAIRRO/NM_BAIRRO e correlatos,Bairro IBGE 2022,5103403113
510340310430357,5103403,Cuiabá,Pedra 90,IBGE Malha de Setores Censitários 2022 — atributos territoriais CD_BAIRRO/NM_BAIRRO e correlatos,Bairro IBGE 2022,5103403113
510340315000001,5103403,Cuiabá,Coxipó do Ouro,IBGE Malha de Setores Censitários 2022 — atributos territoriais CD_BAIRRO/NM_BAIRRO e correlatos,Distrito IBGE 2022,510340315
510340315000003,5103403,Cuiabá,Coxipó do Ouro,IBGE Malha de Setores Censitários 2022 — atributos territoriais CD_BAIRRO/NM_BAIRRO e correlatos,Distrito IBGE 2022,510340315
510340315000006,5103403,Cuiabá,Coxipó do Ouro,IBGE Malha de Setores Censitários 2022 — atributos territoriais CD_BAIRRO/NM_BAIRRO e correlatos,Distrito IBGE 2022,510340315
510340315000008,5103403,Cuiabá,Coxipó do Ouro,IBGE Malha de Setores Censitários 2022 — atributos territoriais CD_BAIRRO/NM_BAIRRO e correlatos,Distrito IBGE 2022,510340315
510340315000009,5103403,Cuiabá,Coxipó do Ouro,IBGE Malha de Setores Censitários 2022 — atributos territoriais CD_BAIRRO/NM_BAIRRO e correlatos,Distrito IBGE 2022,510340315
510340315000010,5103403,Cuiabá,Coxipó do Ouro,IBGE Malha de Setores Censitários 2022 — atributos territoriais CD_BAIRRO/NM_BAIRRO e correlatos,Distrito IBGE 2022,510340315
510340315000011,5103403,Cuiabá,Assentamento Mata Bonita,IBGE Malha de Setores Censitários 2022 — atributos territoriais CD_BAIRRO/NM_BAIRRO e correlatos,Aglomerado rural IBGE 2022,510340300007
510340320000001,5103403,Cuiabá,Guia,IBGE Malha de Setores Censitários 2022 — atributos territoriais CD_BAIRRO/NM_BAIRRO e correlatos,Distrito IBGE 2022,510340320
510340320000002,5103403,Cuiabá,Guia,IBGE Malha de Setores Censitários 2022 — atributos territoriais CD_BAIRRO/NM_BAIRRO e correlatos,Distrito IBGE 2022,510340320
510340320000003,5103403,Cuiabá,Guia,IBGE Malha de Setores Censitários 2022 — atributos territoriais CD_BAIRRO/NM_BAIRRO e correlatos,Distrito IBGE 2022,510340320
510340320000007,5103403,Cuiabá,Guia,IBGE Malha de Setores Censitários 2022 — atributos territoriais CD_BAIRRO/NM_BAIRRO e correlatos,Distrito IBGE 2022,510340320
510340320000009,5103403,Cuiabá,Guia,IBGE Malha de Setores Censitários 2022 — atributos territoriais CD_BAIRRO/NM_BAIRRO e correlatos,Distrito IBGE 2022,510340320
510340320000011,5103403,Cuiabá,Guia,IBGE Malha de Setores Censitários 2022 — atributos territoriais CD_BAIRRO/NM_BAIRRO e correlatos,Distrito IBGE 2022,510340320
510340320000014,5103403,Cuiabá,Guia,IBGE Malha de Setores Censitários 2022 — atributos territoriais CD_BAIRRO/NM_BAIRRO e correlatos,Distrito IBGE 2022,510340320
510340320000015,5103403,Cuiabá,Guia,IBGE Malha de Setores Censitários 2022 — atributos territoriais CD_BAIRRO/NM_BAIRRO e correlatos,Distrito IBGE 2022,510340320
510340320000016,5103403,Cuiabá,Guia,IBGE Malha de Setores Censitários 2022 — atributos territoriais CD_BAIRRO/NM_BAIRRO e correlatos,Distrito IBGE 2022,510340320
510340325000001,5103403,Cuiabá,Nova Esperança (Pequizeiro),IBGE Malha de Setores Censitários 2022 — atributos territoriais CD_BAIRRO/NM_BAIRRO e correlatos,Distrito IBGE 2022,510340325
510340325000002,5103403,Cuiabá,Nova Esperança (Pequizeiro),IBGE Malha de Setores Censitários 2022 — atributos territoriais CD_BAIRRO/NM_BAIRRO e correlatos,Distrito IBGE 2022,510340325
510340325000003,5103403,Cuiabá,Nova Esperança (Pequizeiro),IBGE Malha de Setores Censitários 2022 — atributos territoriais CD_BAIRRO/NM_BAIRRO e correlatos,Distrito IBGE 2022,510340325
510340325000004,5103403,Cuiabá,Nova Esperança (Pequizeiro),IBGE Malha de Setores Censitários 2022 — atributos territoriais CD_BAIRRO/NM_BAIRRO e correlatos,Distrito IBGE 2022,510340325
510340325000006,5103403,Cuiabá,Nova Esperança (Pequizeiro),IBGE Malha de Setores Censitários 2022 — atributos territoriais CD_BAIRRO/NM_BAIRRO e correlatos,Distrito IBGE 2022,510340325
510340325000007,5103403,Cuiabá,Nova Esperança (Pequizeiro),IBGE Malha de Setores Censitários 2022 — atributos territoriais CD_BAIRRO/NM_BAIRRO e correlatos,Distrito IBGE 2022,510340325
510340330000001,5103403,Cuiabá,Aguaçu,IBGE Malha de Setores Censitários 2022 — atributos territoriais CD_BAIRRO/NM_BAIRRO e correlatos,Distrito IBGE 2022,510340330
510340330000002,5103403,Cuiabá,Aguaçu,IBGE Malha de Setores Censitários 2022 — atributos territoriais CD_BAIRRO/NM_BAIRRO e correlatos,Distrito IBGE 2022,510340330
510340330000003,5103403,Cuiabá,Aguaçu,IBGE Malha de Setores Censitários 2022 — atributos territoriais CD_BAIRRO/NM_BAIRRO e correlatos,Distrito IBGE 2022,510340330
510340330000004,5103403,Cuiabá,Aguaçu,IBGE Malha de Setores Censitários 2022 — atributos territoriais CD_BAIRRO/NM_BAIRRO e correlatos,Distrito IBGE 2022,510340330
510340330000005,5103403,Cuiabá,Aguaçu,IBGE Malha de Setores Censitários 2022 — atributos territoriais CD_BAIRRO/NM_BAIRRO e correlatos,Distrito IBGE 2022,510340330
510340335000001,5103403,Cuiabá,Sucuri,IBGE Malha de Setores Censitários 2022 — atributos territoriais CD_BAIRRO/NM_BAIRRO e correlatos,Distrito IBGE 2022,510340335
510340335000002,5103403,Cuiabá,Sucuri,IBGE Malha de Setores Censitários 2022 — atributos territoriais CD_BAIRRO/NM_BAIRRO e correlatos,Distrito IBGE 2022,510340335
510340335000003,5103403,Cuiabá,Sucuri,IBGE Malha de Setores Censitários 2022 — atributos territoriais CD_BAIRRO/NM_BAIRRO e correlatos,Distrito IBGE 2022,510340335
510343705000008,5103437,Curvelândia,Santa Rita,IBGE Malha de Setores Censitários 2022 — atributos territoriais CD_BAIRRO/NM_BAIRRO e correlatos,Aglomerado rural IBGE 2022,510343700001
510343705000010,5103437,Curvelândia,Vila Cabaçal,IBGE Malha de Setores Censitários 2022 — atributos territoriais CD_BAIRRO/NM_BAIRRO e correlatos,Aglomerado rural IBGE 2022,510343700002
510343705000021,5103437,Curvelândia,Novo Panorama,IBGE Malha de Setores Censitários 2022 — atributos territoriais CD_BAIRRO/NM_BAIRRO e correlatos,Núcleo urbano IBGE 2022,5103437001
510350205000023,5103502,Diamantino,Agrovila do PA Bojuí,IBGE Malha de Setores Censitários 2022 — atributos territoriais CD_BAIRRO/NM_BAIRRO e correlatos,Aglomerado rural IBGE 2022,510350200002
510350205000026,5103502,Diamantino,Deciolândia,IBGE Malha de Setores Censitários 2022 — atributos territoriais CD_BAIRRO/NM_BAIRRO e correlatos,Núcleo urbano IBGE 2022,5103502001
510350205000059,5103502,Diamantino,Aldeia Indígena Estação Pareci / Estação Rondon,IBGE Malha de Setores Censitários 2022 — atributos territoriais CD_BAIRRO/NM_BAIRRO e correlatos,Aglomerado rural IBGE 2022,510350200005
510360120000001,5103601,Dom Aquino,Entre Rios,IBGE Malha de Setores Censitários 2022 — atributos territoriais CD_BAIRRO/NM_BAIRRO e correlatos,Distrito IBGE 2022,510360120
510360120000002,5103601,Dom Aquino,Entre Rios,IBGE Malha de Setores Censitários 2022 — atributos territoriais CD_BAIRRO/NM_BAIRRO e correlatos,Distrito IBGE 2022,510360120
510360120000003,5103601,Dom Aquino,Entre Rios,IBGE Malha de Setores Censitários 2022 — atributos territoriais CD_BAIRRO/NM_BAIRRO e correlatos,Distrito IBGE 2022,510360120
510370005000008,5103700,Feliz Natal,Aldeia Indígena Guarujá,IBGE Malha de Setores Censitários 2022 — atributos territoriais CD_BAIRRO/NM_BAIRRO e correlatos,Aglomerado rural IBGE 2022,510370000001
510370005000009,5103700,Feliz Natal,Aldeia Indígena Kanine,IBGE Malha de Setores Censitários 2022 — atributos territoriais CD_BAIRRO/NM_BAIRRO e correlatos,Aglomerado rural IBGE 2022,510370000002
510370005000010,5103700,Feliz Natal,Aldeia Indígena Eiruwy,IBGE Malha de Setores Censitários 2022 — atributos territoriais CD_BAIRRO/NM_BAIRRO e correlatos,Aglomerado rural IBGE 2022,510370000003
510370005000011,5103700,Feliz Natal,Aldeia Indígena Arayo,IBGE Malha de Setores Censitários 2022 — atributos territoriais CD_BAIRRO/NM_BAIRRO e correlatos,Aglomerado rural IBGE 2022,510370000004
510370005000012,5103700,Feliz Natal,Aldeia Indígena Moygu,IBGE Malha de Setores Censitários 2022 — atributos territoriais CD_BAIRRO/NM_BAIRRO e correlatos,Aglomerado rural IBGE 2022,510370000005
510370005000013,5103700,Feliz Natal,Aldeia Indígena Boa Esperança,IBGE Malha de Setores Censitários 2022 — atributos territoriais CD_BAIRRO/NM_BAIRRO e correlatos,Aglomerado rural IBGE 2022,510370000006
510370005000040,5103700,Feliz Natal,Aldeia Indígena Barraco Alto,IBGE Malha de Setores Censitários 2022 — atributos territoriais CD_BAIRRO/NM_BAIRRO e correlatos,Aglomerado rural IBGE 2022,510370000008
510370005000041,5103700,Feliz Natal,Aldeia Indígena Pavuru,IBGE Malha de Setores Censitários 2022 — atributos territoriais CD_BAIRRO/NM_BAIRRO e correlatos,Aglomerado rural IBGE 2022,510370000009
510370005000042,5103700,Feliz Natal,Aldeia Indígena Morena,IBGE Malha de Setores Censitários 2022 — atributos territoriais CD_BAIRRO/NM_BAIRRO e correlatos,Aglomerado rural IBGE 2022,510370000010
510370005000043,5103700,Feliz Natal,Aldeia Indígena Steinen,IBGE Malha de Setores Censitários 2022 — atributos territoriais CD_BAIRRO/NM_BAIRRO e correlatos,Aglomerado rural IBGE 2022,510370000011
510370005000044,5103700,Feliz Natal,Aldeia Indígena Yulewene,IBGE Malha de Setores Censitários 2022 — atributos territoriais CD_BAIRRO/NM_BAIRRO e correlatos,Aglomerado rural IBGE 2022,510370000012
510370005000045,5103700,Feliz Natal,Aldeia Indígena Yaitapa,IBGE Malha de Setores Censitários 2022 — atributos territoriais CD_BAIRRO/NM_BAIRRO e correlatos,Aglomerado rural IBGE 2022,510370000013
510370005000046,5103700,Feliz Natal,Aldeia Indígena Paranaíta,IBGE Malha de Setores Censitários 2022 — atributos territoriais CD_BAIRRO/NM_BAIRRO e correlatos,Aglomerado rural IBGE 2022,510370000014
510370005000047,5103700,Feliz Natal,Aldeia Indígena Três Patos,IBGE Malha de Setores Censitários 2022 — atributos territoriais CD_BAIRRO/NM_BAIRRO e correlatos,Aglomerado rural IBGE 2022,510370000015
510370005000048,5103700,Feliz Natal,Aldeia Indígena Mainumy,IBGE Malha de Setores Censitários 2022 — atributos territoriais CD_BAIRRO/NM_BAIRRO e correlatos,Aglomerado rural IBGE 2022,510370000016
510370005000049,5103700,Feliz Natal,Aldeia Indígena Bom Jesus,IBGE Malha de Setores Censitários 2022 — atributos territoriais CD_BAIRRO/NM_BAIRRO e correlatos,Aglomerado rural IBGE 2022,510370000017
510370005000050,5103700,Feliz Natal,Aldeia Indígena Sobradinho,IBGE Malha de Setores Censitários 2022 — atributos territoriais CD_BAIRRO/NM_BAIRRO e correlatos,Aglomerado rural IBGE 2022,510370000018
510370005000051,5103700,Feliz Natal,Aldeia Indígena Maraká,IBGE Malha de Setores Censitários 2022 — atributos territoriais CD_BAIRRO/NM_BAIRRO e correlatos,Aglomerado rural IBGE 2022,510370000019
510370005000052,5103700,Feliz Natal,Aldeia Indígena Iguaçu,IBGE Malha de Setores Censitários 2022 — atributos territoriais CD_BAIRRO/NM_BAIRRO e correlatos,Aglomerado rural IBGE 2022,510370000020
510370005000054,5103700,Feliz Natal,Aldeia Indígena Kumari,IBGE Malha de Setores Censitários 2022 — atributos territoriais CD_BAIRRO/NM_BAIRRO e correlatos,Aglomerado rural IBGE 2022,510370000021
510370005000055,5103700,Feliz Natal,Aldeia Indígena Sem Denominação I,IBGE Malha de Setores Censitários 2022 — atributos territoriais CD_BAIRRO/NM_BAIRRO e correlatos,Aglomerado rural IBGE 2022,510370000022
510370005000056,5103700,Feliz Natal,Aldeia Indígena Kawairup,IBGE Malha de Setores Censitários 2022 — atributos territoriais CD_BAIRRO/NM_BAIRRO e correlatos,Aglomerado rural IBGE 2022,510370000023
510370005000057,5103700,Feliz Natal,Aldeia Indígena Jawary,IBGE Malha de Setores Censitários 2022 — atributos territoriais CD_BAIRRO/NM_BAIRRO e correlatos,Aglomerado rural IBGE 2022,510370000024
510370005000058,5103700,Feliz Natal,Aldeia Indígena 3 Famílias,IBGE Malha de Setores Censitários 2022 — atributos territoriais CD_BAIRRO/NM_BAIRRO e correlatos,Aglomerado rural IBGE 2022,510370000025
510370005000059,5103700,Feliz Natal,Aldeia indígena Tatuape,IBGE Malha de Setores Censitários 2022 — atributos territoriais CD_BAIRRO/NM_BAIRRO e correlatos,Aglomerado rural IBGE 2022,510370000026
510370005000060,5103700,Feliz Natal,Aldeia Indígena Sosenasa,IBGE Malha de Setores Censitários 2022 — atributos territoriais CD_BAIRRO/NM_BAIRRO e correlatos,Aglomerado rural IBGE 2022,510370000027
510370005000061,5103700,Feliz Natal,Aldeia Indígena Paranoa,IBGE Malha de Setores Censitários 2022 — atributos territoriais CD_BAIRRO/NM_BAIRRO e correlatos,Aglomerado rural IBGE 2022,510370000028
510370005000063,5103700,Feliz Natal,Aldeia indígena Kurure,IBGE Malha de Setores Censitários 2022 — atributos territoriais CD_BAIRRO/NM_BAIRRO e correlatos,Aglomerado rural IBGE 2022,510370000029
510385805000004,5103858,Gaúcha do Norte,Nova Aliança,IBGE Malha de Setores Censitários 2022 — atributos territoriais CD_BAIRRO/NM_BAIRRO e correlatos,Aglomerado rural IBGE 2022,510385800008
510385805000008,5103858,Gaúcha do Norte,Aldeia Indígena Aweti,IBGE Malha de Setores Censitários 2022 — atributos territoriais CD_BAIRRO/NM_BAIRRO e correlatos,Aglomerado rural IBGE 2022,510385800001
510385805000009,5103858,Gaúcha do Norte,Aldeia Indígena Piyulaga Waura,IBGE Malha de Setores Censitários 2022 — atributos territoriais CD_BAIRRO/NM_BAIRRO e correlatos,Aglomerado rural IBGE 2022,510385800002
510385805000010,5103858,Gaúcha do Norte,Aldeia Indígena Kamayurá,IBGE Malha de Setores Censitários 2022 — atributos territoriais CD_BAIRRO/NM_BAIRRO e correlatos,Aglomerado rural IBGE 2022,510385800003
510385805000011,5103858,Gaúcha do Norte,Aldeia Indígena Leonardo Vilas Boas,IBGE Malha de Setores Censitários 2022 — atributos territoriais CD_BAIRRO/NM_BAIRRO e correlatos,Aglomerado rural IBGE 2022,510385800004
510385805000012,5103858,Gaúcha do Norte,Aldeia Indígena Yawalapiti / Yawalapiti Novo,IBGE Malha de Setores Censitários 2022 — atributos territoriais CD_BAIRRO/NM_BAIRRO e correlatos,Aglomerado rural IBGE 2022,510385800005
510385805000013,5103858,Gaúcha do Norte,Aldeia Indígena Mehinako,IBGE Malha de Setores Censitários 2022 — atributos territoriais CD_BAIRRO/NM_BAIRRO e correlatos,Aglomerado rural IBGE 2022,510385800006
510385805000014,5103858,Gaúcha do Norte,Aldeia Indígena Kuikuro,IBGE Malha de Setores Censitários 2022 — atributos territoriais CD_BAIRRO/NM_BAIRRO e correlatos,Aglomerado rural IBGE 2022,510385800007
510385805000038,5103858,Gaúcha do Norte,Aldeia Indígena Agatha (Barranco Queimado),IBGE Malha de Setores Censitários 2022 — atributos territoriais CD_BAIRRO/NM_BAIRRO e correlatos,Aglomerado rural IBGE 2022,510385800009
510385805000039,5103858,Gaúcha do Norte,Aldeia Indígena Kalwani Paraíso / Kaluwani Paraíso / Kaluane Paraíso,IBGE Malha de Setores Censitários 2022 — atributos territoriais CD_BAIRRO/NM_BAIRRO e correlatos,Aglomerado rural IBGE 2022,510385800010
510385805000043,5103858,Gaúcha do Norte,Aldeia Indígena Ulupuente,IBGE Malha de Setores Censitários 2022 — atributos territoriais CD_BAIRRO/NM_BAIRRO e correlatos,Aglomerado rural IBGE 2022,510385800011
510385805000044,5103858,Gaúcha do Norte,Aldeia Indígena Kamitatualo (Batovi) / Kamitatuwalu (Batovi) / Batovi,IBGE Malha de Setores Censitários 2022 — atributos territoriais CD_BAIRRO/NM_BAIRRO e correlatos,Aglomerado rural IBGE 2022,510385800012
510385805000045,5103858,Gaúcha do Norte,Aldeia Indígena Utawuana,IBGE Malha de Setores Censitários 2022 — atributos territoriais CD_BAIRRO/NM_BAIRRO e correlatos,Aglomerado rural IBGE 2022,510385800013
510385805000046,5103858,Gaúcha do Norte,Aldeia Indígena Lahatua,IBGE Malha de Setores Censitários 2022 — atributos territoriais CD_BAIRRO/NM_BAIRRO e correlatos,Aglomerado rural IBGE 2022,510385800014
510385805000048,5103858,Gaúcha do Norte,Aldeia Indígena Aturua / Pacuera,IBGE Malha de Setores Censitários 2022 — atributos territoriais CD_BAIRRO/NM_BAIRRO e correlatos,Aglomerado rural IBGE 2022,510385800015
510385805000049,5103858,Gaúcha do Norte,Aldeia Indígena Yaramy,IBGE Malha de Setores Censitários 2022 — atributos territoriais CD_BAIRRO/NM_BAIRRO e correlatos,Aglomerado rural IBGE 2022,510385800016
510385805000050,5103858,Gaúcha do Norte,Aldeia Indígena Mirassol,IBGE Malha de Setores Censitários 2022 — atributos territoriais CD_BAIRRO/NM_BAIRRO e correlatos,Aglomerado rural IBGE 2022,510385800017
510385805000051,5103858,Gaúcha do Norte,Aldeia Indígena Nekupai,IBGE Malha de Setores Censitários 2022 — atributos territoriais CD_BAIRRO/NM_BAIRRO e correlatos,Aglomerado rural IBGE 2022,510385800018
510385805000052,5103858,Gaúcha do Norte,Aldeia Indígena Kawpyna,IBGE Malha de Setores Censitários 2022 — atributos territoriais CD_BAIRRO/NM_BAIRRO e correlatos,Aglomerado rural IBGE 2022,510385800019
510385805000053,5103858,Gaúcha do Norte,Aldeia Indígena Saidão da Fumaça,IBGE Malha de Setores Censitários 2022 — atributos territoriais CD_BAIRRO/NM_BAIRRO e correlatos,Aglomerado rural IBGE 2022,510385800020
510385805000054,5103858,Gaúcha do Norte,Aldeia Indígena Buritizal,IBGE Malha de Setores Censitários 2022 — atributos territoriais CD_BAIRRO/NM_BAIRRO e correlatos,Aglomerado rural IBGE 2022,510385800021
510385805000055,5103858,Gaúcha do Norte,Aldeia Indígena Mayene,IBGE Malha de Setores Censitários 2022 — atributos territoriais CD_BAIRRO/NM_BAIRRO e correlatos,Aglomerado rural IBGE 2022,510385800022
510385805000057,5103858,Gaúcha do Norte,Aldeia Indígena Aranhe,IBGE Malha de Setores Censitários 2022 — atributos territoriais CD_BAIRRO/NM_BAIRRO e correlatos,Aglomerado rural IBGE 2022,510385800023
510385805000058,5103858,Gaúcha do Norte,Aldeia Indígena Naruvôto,IBGE Malha de Setores Censitários 2022 — atributos territoriais CD_BAIRRO/NM_BAIRRO e correlatos,Aglomerado rural IBGE 2022,510385800024
510385805000059,5103858,Gaúcha do Norte,Aldeia Indígena Yawalapiti Novo / Hemakapuko,IBGE Malha de Setores Censitários 2022 — atributos territoriais CD_BAIRRO/NM_BAIRRO e correlatos,Aglomerado rural IBGE 2022,510385800025
510385805000060,5103858,Gaúcha do Norte,Aldeia Indígena Palushayu,IBGE Malha de Setores Censitários 2022 — atributos territoriais CD_BAIRRO/NM_BAIRRO e correlatos,Aglomerado rural IBGE 2022,510385800026
510385805000061,5103858,Gaúcha do Norte,Aldeia Indígena São Jorge,IBGE Malha de Setores Censitários 2022 — atributos territoriais CD_BAIRRO/NM_BAIRRO e correlatos,Aglomerado rural IBGE 2022,510385800027
510385805000062,5103858,Gaúcha do Norte,Aldeia Indígena Assahutu,IBGE Malha de Setores Censitários 2022 — atributos territoriais CD_BAIRRO/NM_BAIRRO e correlatos,Aglomerado rural IBGE 2022,510385800028
510385805000063,5103858,Gaúcha do Norte,Aldeia Indígena Nyarazul,IBGE Malha de Setores Censitários 2022 — atributos territoriais CD_BAIRRO/NM_BAIRRO e correlatos,Aglomerado rural IBGE 2022,510385800029
510385805000064,5103858,Gaúcha do Norte,Aldeia Indígena Pangakigi (Caramujo),IBGE Malha de Setores Censitários 2022 — atributos territoriais CD_BAIRRO/NM_BAIRRO e correlatos,Aglomerado rural IBGE 2022,510385800030
510385805000069,5103858,Gaúcha do Norte,Fazenda Botuverá,IBGE Malha de Setores Censitários 2022 — atributos territoriais CD_BAIRRO/NM_BAIRRO e correlatos,Aglomerado rural IBGE 2022,510385800032
510385805000070,5103858,Gaúcha do Norte,Aldeia Indígena Hiulaya,IBGE Malha de Setores Censitários 2022 — atributos territoriais CD_BAIRRO/NM_BAIRRO e correlatos,Aglomerado rural IBGE 2022,510385800036
510385805000071,5103858,Gaúcha do Norte,Aldeia Indígena Amary,IBGE Malha de Setores Censitários 2022 — atributos territoriais CD_BAIRRO/NM_BAIRRO e correlatos,Aglomerado rural IBGE 2022,510385800037
510385805000072,5103858,Gaúcha do Norte,Aldeia Indígena Vivi,IBGE Malha de Setores Censitários 2022 — atributos territoriais CD_BAIRRO/NM_BAIRRO e correlatos,Aglomerado rural IBGE 2022,510385800033
510385805000073,5103858,Gaúcha do Norte,Aldeia Indígena Ihumba,IBGE Malha de Setores Censitários 2022 — atributos territoriais CD_BAIRRO/NM_BAIRRO e correlatos,Aglomerado rural IBGE 2022,510385800034
510385805000075,5103858,Gaúcha do Norte,Aldeia Indígena Amanhecer,IBGE Malha de Setores Censitários 2022 — atributos territoriais CD_BAIRRO/NM_BAIRRO e correlatos,Aglomerado rural IBGE 2022,510385800035
510390805000006,5103908,General Carneiro,Aldeia Indígena Garças,IBGE Malha de Setores Censitários 2022 — atributos territoriais CD_BAIRRO/NM_BAIRRO e correlatos,Aglomerado rural IBGE 2022,510390800001
510390805000007,5103908,General Carneiro,Aldeia Indígena Meruri,IBGE Malha de Setores Censitários 2022 — atributos territoriais CD_BAIRRO/NM_BAIRRO e correlatos,Aglomerado rural IBGE 2022,510390800002
510390805000015,5103908,General Carneiro,Aldeia Indígena Koge Ekureu,IBGE Malha de Setores Censitários 2022 — atributos territoriais CD_BAIRRO/NM_BAIRRO e correlatos,Aglomerado rural IBGE 2022,510390800014
510390805000016,5103908,General Carneiro,Aldeia Indígena Nabure Eiao,IBGE Malha de Setores Censitários 2022 — atributos territoriais CD_BAIRRO/NM_BAIRRO e correlatos,Aglomerado rural IBGE 2022,510390800013
510390805000024,5103908,General Carneiro,Aldeia Indígena Koge Ekureu,IBGE Malha de Setores Censitários 2022 — atributos territoriais CD_BAIRRO/NM_BAIRRO e correlatos,Aglomerado rural IBGE 2022,510390800014
510390805000025,5103908,General Carneiro,Aldeia Indígena Nabure Eiao,IBGE Malha de Setores Censitários 2022 — atributos territoriais CD_BAIRRO/NM_BAIRRO e correlatos,Aglomerado rural IBGE 2022,510390800013
510390820000001,5103908,General Carneiro,Paredão Grande,IBGE Malha de Setores Censitários 2022 — atributos territoriais CD_BAIRRO/NM_BAIRRO e correlatos,Distrito IBGE 2022,510390820
510390820000002,5103908,General Carneiro,Paredão Grande,IBGE Malha de Setores Censitários 2022 — atributos territoriais CD_BAIRRO/NM_BAIRRO e correlatos,Distrito IBGE 2022,510390820
510390820000003,5103908,General Carneiro,Paredão Grande,IBGE Malha de Setores Censitários 2022 — atributos territoriais CD_BAIRRO/NM_BAIRRO e correlatos,Distrito IBGE 2022,510390820
510390820000005,5103908,General Carneiro,Aldeia Indígena Sangradouro,IBGE Malha de Setores Censitários 2022 — atributos territoriais CD_BAIRRO/NM_BAIRRO e correlatos,Aglomerado rural IBGE 2022,510390800003
510390820000007,5103908,General Carneiro,Paredão Grande,IBGE Malha de Setores Censitários 2022 — atributos territoriais CD_BAIRRO/NM_BAIRRO e correlatos,Distrito IBGE 2022,510390820
510390820000009,5103908,General Carneiro,Aldeia Indígena Tsorepre,IBGE Malha de Setores Censitários 2022 — atributos territoriais CD_BAIRRO/NM_BAIRRO e correlatos,Aglomerado rural IBGE 2022,510390800004
510390820000010,5103908,General Carneiro,Aldeia Indígena Maria Auxiliadora ou Bom Jesus,IBGE Malha de Setores Censitários 2022 — atributos territoriais CD_BAIRRO/NM_BAIRRO e correlatos,Aglomerado rural IBGE 2022,510390800005
510390820000011,5103908,General Carneiro,Aldeia Indígena São João,IBGE Malha de Setores Censitários 2022 — atributos territoriais CD_BAIRRO/NM_BAIRRO e correlatos,Aglomerado rural IBGE 2022,510390800006
510390820000012,5103908,General Carneiro,Aldeia Indígena Bom Sucesso,IBGE Malha de Setores Censitários 2022 — atributos territoriais CD_BAIRRO/NM_BAIRRO e correlatos,Aglomerado rural IBGE 2022,510390800007
510390820000013,5103908,General Carneiro,Aldeia Indígena Três Lagoas ou Abelhinha,IBGE Malha de Setores Censitários 2022 — atributos territoriais CD_BAIRRO/NM_BAIRRO e correlatos,Aglomerado rural IBGE 2022,510390800008
510390820000014,5103908,General Carneiro,Aldeia Indígena Abelinha / São Miguel,IBGE Malha de Setores Censitários 2022 — atributos territoriais CD_BAIRRO/NM_BAIRRO e correlatos,Aglomerado rural IBGE 2022,510390800009
510390820000015,5103908,General Carneiro,Aldeia Indígena Cabeceira da Pedra / Cachoeira de Pedra,IBGE Malha de Setores Censitários 2022 — atributos territoriais CD_BAIRRO/NM_BAIRRO e correlatos,Aglomerado rural IBGE 2022,510390800010
510390820000016,5103908,General Carneiro,Aldeia Indígena São Cristovão,IBGE Malha de Setores Censitários 2022 — atributos territoriais CD_BAIRRO/NM_BAIRRO e correlatos,Aglomerado rural IBGE 2022,510390800011
510390820000018,5103908,General Carneiro,Aldeia Indígena São Gabriel,IBGE Malha de Setores Censitários 2022 — atributos territoriais CD_BAIRRO/NM_BAIRRO e correlatos,Aglomerado rural IBGE 2022,510390800012
510390820000019,5103908,General Carneiro,Aldeia Indígena Eteraira,IBGE Malha de Setores Censitários 2022 — atributos territoriais CD_BAIRRO/NM_BAIRRO e correlatos,Aglomerado rural IBGE 2022,510390800015
510390820000020,5103908,General Carneiro,Paredão Grande,IBGE Malha de Setores Censitários 2022 — atributos territoriais CD_BAIRRO/NM_BAIRRO e correlatos,Distrito IBGE 2022,510390820
510390820000021,5103908,General Carneiro,Aldeia Indígena Coração de Jesus,IBGE Malha de Setores Censitários 2022 — atributos territoriais CD_BAIRRO/NM_BAIRRO e correlatos,Aglomerado rural IBGE 2022,510390800016
510390820000022,5103908,General Carneiro,Aldeia Indígena São Sebastião,IBGE Malha de Setores Censitários 2022 — atributos territoriais CD_BAIRRO/NM_BAIRRO e correlatos,Aglomerado rural IBGE 2022,510390800017
510390820000023,5103908,General Carneiro,Aldeia Indígena Três Marias,IBGE Malha de Setores Censitários 2022 — atributos territoriais CD_BAIRRO/NM_BAIRRO e correlatos,Aglomerado rural IBGE 2022,510390800018
510390820000024,5103908,General Carneiro,Aldeia Indígena Bom Jesus,IBGE Malha de Setores Censitários 2022 — atributos territoriais CD_BAIRRO/NM_BAIRRO e correlatos,Aglomerado rural IBGE 2022,510390800019
510390820000025,5103908,General Carneiro,Aldeia Indígena Cruzeiro,IBGE Malha de Setores Censitários 2022 — atributos territoriais CD_BAIRRO/NM_BAIRRO e correlatos,Aglomerado rural IBGE 2022,510390800020
510390820000026,5103908,General Carneiro,Aldeia Indígena Santa Glória,IBGE Malha de Setores Censitários 2022 — atributos territoriais CD_BAIRRO/NM_BAIRRO e correlatos,Aglomerado rural IBGE 2022,510390800021
510390820000027,5103908,General Carneiro,Aldeia Indígena Santa Bertilha,IBGE Malha de Setores Censitários 2022 — atributos territoriais CD_BAIRRO/NM_BAIRRO e correlatos,Aglomerado rural IBGE 2022,510390800022
510390820000028,5103908,General Carneiro,Aldeia Indígena Três Rosa,IBGE Malha de Setores Censitários 2022 — atributos territoriais CD_BAIRRO/NM_BAIRRO e correlatos,Aglomerado rural IBGE 2022,510390800023
510390820000029,5103908,General Carneiro,Aldeia Indígena Santa Julieta,IBGE Malha de Setores Censitários 2022 — atributos territoriais CD_BAIRRO/NM_BAIRRO e correlatos,Aglomerado rural IBGE 2022,510390800024
510390820000030,5103908,General Carneiro,Aldeia Indígena Santiago,IBGE Malha de Setores Censitários 2022 — atributos territoriais CD_BAIRRO/NM_BAIRRO e correlatos,Aglomerado rural IBGE 2022,510390800025
510390820000031,5103908,General Carneiro,Aldeia Indígena Nossa Senhora Da Guia,IBGE Malha de Setores Censitários 2022 — atributos territoriais CD_BAIRRO/NM_BAIRRO e correlatos,Aglomerado rural IBGE 2022,510390800026
510390820000032,5103908,General Carneiro,Aldeia Indígena Três Lagoa,IBGE Malha de Setores Censitários 2022 — atributos territoriais CD_BAIRRO/NM_BAIRRO e correlatos,Aglomerado rural IBGE 2022,510390800027
510390820000033,5103908,General Carneiro,Paredão Grande,IBGE Malha de Setores Censitários 2022 — atributos territoriais CD_BAIRRO/NM_BAIRRO e correlatos,Distrito IBGE 2022,510390820
510390820000034,5103908,General Carneiro,Aldeia Indígena Cachoeira,IBGE Malha de Setores Censitários 2022 — atributos territoriais CD_BAIRRO/NM_BAIRRO e correlatos,Aglomerado rural IBGE 2022,510390800028
510395705000001,5103957,Glória D'Oeste,José Claudino,IBGE Malha de Setores Censitários 2022 — atributos territoriais CD_BAIRRO/NM_BAIRRO e correlatos,Bairro IBGE 2022,5103957002
510395705000006,5103957,Glória D'Oeste,Centro,IBGE Malha de Setores Censitários 2022 — atributos territoriais CD_BAIRRO/NM_BAIRRO e correlatos,Bairro IBGE 2022,5103957001
510395705000007,5103957,Glória D'Oeste,Aldelvidon Vieira dos Santos,IBGE Malha de Setores Censitários 2022 — atributos territoriais CD_BAIRRO/NM_BAIRRO e correlatos,Bairro IBGE 2022,5103957005
510395705000009,5103957,Glória D'Oeste,Arlindo Mateus da Costa,IBGE Malha de Setores Censitários 2022 — atributos territoriais CD_BAIRRO/NM_BAIRRO e correlatos,Bairro IBGE 2022,5103957004
510395705000010,5103957,Glória D'Oeste,José Bejo,IBGE Malha de Setores Censitários 2022 — atributos territoriais CD_BAIRRO/NM_BAIRRO e correlatos,Bairro IBGE 2022,5103957003
510395705000011,5103957,Glória D'Oeste,José Claudino,IBGE Malha de Setores Censitários 2022 — atributos territoriais CD_BAIRRO/NM_BAIRRO e correlatos,Bairro IBGE 2022,5103957002
510395705000012,5103957,Glória D'Oeste,Centro,IBGE Malha de Setores Censitários 2022 — atributos territoriais CD_BAIRRO/NM_BAIRRO e correlatos,Bairro IBGE 2022,5103957001
510395705000013,5103957,Glória D'Oeste,Aldelvidon Vieira dos Santos,IBGE Malha de Setores Censitários 2022 — atributos territoriais CD_BAIRRO/NM_BAIRRO e correlatos,Bairro IBGE 2022,5103957005
510395705000014,5103957,Glória D'Oeste,Antônio Savoine,IBGE Malha de Setores Censitários 2022 — atributos territoriais CD_BAIRRO/NM_BAIRRO e correlatos,Bairro IBGE 2022,5103957006
510395705000015,5103957,Glória D'Oeste,Aldelvidon Vieira dos Santos,IBGE Malha de Setores Censitários 2022 — atributos territoriais CD_BAIRRO/NM_BAIRRO e correlatos,Bairro IBGE 2022,5103957005
510395705000016,5103957,Glória D'Oeste,Centro,IBGE Malha de Setores Censitários 2022 — atributos territoriais CD_BAIRRO/NM_BAIRRO e correlatos,Bairro IBGE 2022,5103957001
510395705000018,5103957,Glória D'Oeste,Morro do Gamelão,IBGE Malha de Setores Censitários 2022 — atributos territoriais CD_BAIRRO/NM_BAIRRO e correlatos,Aglomerado rural IBGE 2022,510395700001
510395716000001,5103957,Glória D'Oeste,Monte Castelo D'Oeste,IBGE Malha de Setores Censitários 2022 — atributos territoriais CD_BAIRRO/NM_BAIRRO e correlatos,Distrito IBGE 2022,510395716
510395716000002,5103957,Glória D'Oeste,Monte Castelo D'Oeste,IBGE Malha de Setores Censitários 2022 — atributos territoriais CD_BAIRRO/NM_BAIRRO e correlatos,Distrito IBGE 2022,510395716
510395716000003,5103957,Glória D'Oeste,Monte Castelo D'Oeste,IBGE Malha de Setores Censitários 2022 — atributos territoriais CD_BAIRRO/NM_BAIRRO e correlatos,Distrito IBGE 2022,510395716
510410405000001,5104104,Guarantã do Norte,Cidade Nova,IBGE Malha de Setores Censitários 2022 — atributos territoriais CD_BAIRRO/NM_BAIRRO e correlatos,Bairro IBGE 2022,5104104001
510410405000002,5104104,Guarantã do Norte,Cidade Nova,IBGE Malha de Setores Censitários 2022 — atributos territoriais CD_BAIRRO/NM_BAIRRO e correlatos,Bairro IBGE 2022,5104104001
510410405000003,5104104,Guarantã do Norte,Cidade Nova,IBGE Malha de Setores Censitários 2022 — atributos territoriais CD_BAIRRO/NM_BAIRRO e correlatos,Bairro IBGE 2022,5104104001
510410405000004,5104104,Guarantã do Norte,Cidade Nova,IBGE Malha de Setores Censitários 2022 — atributos territoriais CD_BAIRRO/NM_BAIRRO e correlatos,Bairro IBGE 2022,5104104001
510410405000005,5104104,Guarantã do Norte,Cidade Nova,IBGE Malha de Setores Censitários 2022 — atributos territoriais CD_BAIRRO/NM_BAIRRO e correlatos,Bairro IBGE 2022,5104104001
510410405000006,5104104,Guarantã do Norte,Cidade Nova,IBGE Malha de Setores Censitários 2022 — atributos territoriais CD_BAIRRO/NM_BAIRRO e correlatos,Bairro IBGE 2022,5104104001
510410405000007,5104104,Guarantã do Norte,Cidade Nova,IBGE Malha de Setores Censitários 2022 — atributos territoriais CD_BAIRRO/NM_BAIRRO e correlatos,Bairro IBGE 2022,5104104001
510410405000008,5104104,Guarantã do Norte,Cidade Nova,IBGE Malha de Setores Censitários 2022 — atributos territoriais CD_BAIRRO/NM_BAIRRO e correlatos,Bairro IBGE 2022,5104104001
510410405000009,5104104,Guarantã do Norte,Cidade Nova,IBGE Malha de Setores Censitários 2022 — atributos territoriais CD_BAIRRO/NM_BAIRRO e correlatos,Bairro IBGE 2022,5104104001
510410405000010,5104104,Guarantã do Norte,Jardim Aeroporto,IBGE Malha de Setores Censitários 2022 — atributos territoriais CD_BAIRRO/NM_BAIRRO e correlatos,Bairro IBGE 2022,5104104003
510410405000011,5104104,Guarantã do Norte,Jardim Aeroporto,IBGE Malha de Setores Censitários 2022 — atributos territoriais CD_BAIRRO/NM_BAIRRO e correlatos,Bairro IBGE 2022,5104104003
510410405000012,5104104,Guarantã do Norte,Centro,IBGE Malha de Setores Censitários 2022 — atributos territoriais CD_BAIRRO/NM_BAIRRO e correlatos,Bairro IBGE 2022,5104104002
510410405000013,5104104,Guarantã do Norte,Centro,IBGE Malha de Setores Censitários 2022 — atributos territoriais CD_BAIRRO/NM_BAIRRO e correlatos,Bairro IBGE 2022,5104104002
510410405000014,5104104,Guarantã do Norte,Centro,IBGE Malha de Setores Censitários 2022 — atributos territoriais CD_BAIRRO/NM_BAIRRO e correlatos,Bairro IBGE 2022,5104104002
510410405000015,5104104,Guarantã do Norte,Centro,IBGE Malha de Setores Censitários 2022 — atributos territoriais CD_BAIRRO/NM_BAIRRO e correlatos,Bairro IBGE 2022,5104104002
510410405000016,5104104,Guarantã do Norte,Centro,IBGE Malha de Setores Censitários 2022 — atributos territoriais CD_BAIRRO/NM_BAIRRO e correlatos,Bairro IBGE 2022,5104104002
510410405000017,5104104,Guarantã do Norte,Centro,IBGE Malha de Setores Censitários 2022 — atributos territoriais CD_BAIRRO/NM_BAIRRO e correlatos,Bairro IBGE 2022,5104104002
510410405000018,5104104,Guarantã do Norte,Centro,IBGE Malha de Setores Censitários 2022 — atributos territoriais CD_BAIRRO/NM_BAIRRO e correlatos,Bairro IBGE 2022,5104104002
510410405000019,5104104,Guarantã do Norte,Jardim Guaranorte,IBGE Malha de Setores Censitários 2022 — atributos territoriais CD_BAIRRO/NM_BAIRRO e correlatos,Bairro IBGE 2022,5104104014
510410405000021,5104104,Guarantã do Norte,Jardim Novo Horizonte,IBGE Malha de Setores Censitários 2022 — atributos territoriais CD_BAIRRO/NM_BAIRRO e correlatos,Bairro IBGE 2022,5104104009
510410405000022,5104104,Guarantã do Norte,Cristo Rei,IBGE Malha de Setores Censitários 2022 — atributos territoriais CD_BAIRRO/NM_BAIRRO e correlatos,Bairro IBGE 2022,5104104007
510410405000023,5104104,Guarantã do Norte,Ouro Verde,IBGE Malha de Setores Censitários 2022 — atributos territoriais CD_BAIRRO/NM_BAIRRO e correlatos,Bairro IBGE 2022,5104104008
510410405000025,5104104,Guarantã do Norte,Horizonte II,IBGE Malha de Setores Censitários 2022 — atributos territoriais CD_BAIRRO/NM_BAIRRO e correlatos,Bairro IBGE 2022,5104104010
510410405000026,5104104,Guarantã do Norte,Jardim Vitória,IBGE Malha de Setores Censitários 2022 — atributos territoriais CD_BAIRRO/NM_BAIRRO e correlatos,Bairro IBGE 2022,5104104011
510410405000027,5104104,Guarantã do Norte,Jardim Araguaia,IBGE Malha de Setores Censitários 2022 — atributos territoriais CD_BAIRRO/NM_BAIRRO e correlatos,Bairro IBGE 2022,5104104012
510410405000028,5104104,Guarantã do Norte,Parque do Lago,IBGE Malha de Setores Censitários 2022 — atributos territoriais CD_BAIRRO/NM_BAIRRO e correlatos,Bairro IBGE 2022,5104104013
510410405000030,5104104,Guarantã do Norte,Jardim São Lourenço,IBGE Malha de Setores Censitários 2022 — atributos territoriais CD_BAIRRO/NM_BAIRRO e correlatos,Bairro IBGE 2022,5104104015
510410405000034,5104104,Guarantã do Norte,Residencial 13 de Maio,IBGE Malha de Setores Censitários 2022 — atributos territoriais CD_BAIRRO/NM_BAIRRO e correlatos,Bairro IBGE 2022,5104104004
510410405000037,5104104,Guarantã do Norte,Jardim Maranata,IBGE Malha de Setores Censitários 2022 — atributos territoriais CD_BAIRRO/NM_BAIRRO e correlatos,Bairro IBGE 2022,5104104005
510410405000038,5104104,Guarantã do Norte,Jardim das Palmeiras,IBGE Malha de Setores Censitários 2022 — atributos territoriais CD_BAIRRO/NM_BAIRRO e correlatos,Bairro IBGE 2022,5104104006
510410405000053,5104104,Guarantã do Norte,Jardim Aeroporto,IBGE Malha de Setores Censitários 2022 — atributos territoriais CD_BAIRRO/NM_BAIRRO e correlatos,Bairro IBGE 2022,5104104003
510410405000054,5104104,Guarantã do Norte,Jardim Vitória,IBGE Malha de Setores Censitários 2022 — atributos territoriais CD_BAIRRO/NM_BAIRRO e correlatos,Bairro IBGE 2022,5104104011
510410405000055,5104104,Guarantã do Norte,Jardim Vitória,IBGE Malha de Setores Censitários 2022 — atributos territoriais CD_BAIRRO/NM_BAIRRO e correlatos,Bairro IBGE 2022,5104104011
510410405000066,5104104,Guarantã do Norte,Aldeia Indígena Sorakasa / Sokorasa,IBGE Malha de Setores Censitários 2022 — atributos territoriais CD_BAIRRO/NM_BAIRRO e correlatos,Aglomerado rural IBGE 2022,510410400003
510410405000067,5104104,Guarantã do Norte,Agrovila do PA Cotrel,IBGE Malha de Setores Censitários 2022 — atributos territoriais CD_BAIRRO/NM_BAIRRO e correlatos,Aglomerado rural IBGE 2022,510410400001
510410405000083,5104104,Guarantã do Norte,Aldeia Indígena Naporo,IBGE Malha de Setores Censitários 2022 — atributos territoriais CD_BAIRRO/NM_BAIRRO e correlatos,Aglomerado rural IBGE 2022,510410400004
510420305000001,5104203,Guiratinga,Centro,IBGE Malha de Setores Censitários 2022 — atributos territoriais CD_BAIRRO/NM_BAIRRO e correlatos,Bairro IBGE 2022,5104203001
510420305000002,5104203,Guiratinga,Centro,IBGE Malha de Setores Censitários 2022 — atributos territoriais CD_BAIRRO/NM_BAIRRO e correlatos,Bairro IBGE 2022,5104203001
510420305000003,5104203,Guiratinga,Santa Cruz,IBGE Malha de Setores Censitários 2022 — atributos territoriais CD_BAIRRO/NM_BAIRRO e correlatos,Bairro IBGE 2022,5104203002
510420305000004,5104203,Guiratinga,Novo Horizonte,IBGE Malha de Setores Censitários 2022 — atributos territoriais CD_BAIRRO/NM_BAIRRO e correlatos,Bairro IBGE 2022,5104203003
510420305000005,5104203,Guiratinga,Serrano ( Cohab Velha ),IBGE Malha de Setores Censitários 2022 — atributos territoriais CD_BAIRRO/NM_BAIRRO e correlatos,Bairro IBGE 2022,5104203004
510420305000006,5104203,Guiratinga,Santa Maria Bertila,IBGE Malha de Setores Censitários 2022 — atributos territoriais CD_BAIRRO/NM_BAIRRO e correlatos,Bairro IBGE 2022,5104203005
510420305000007,5104203,Guiratinga,Santa Maria Bertila,IBGE Malha de Setores Censitários 2022 — atributos territoriais CD_BAIRRO/NM_BAIRRO e correlatos,Bairro IBGE 2022,5104203005
510420305000009,5104203,Guiratinga,Jardim Brasil,IBGE Malha de Setores Censitários 2022 — atributos territoriais CD_BAIRRO/NM_BAIRRO e correlatos,Bairro IBGE 2022,5104203006
510420305000010,5104203,Guiratinga,Zaidem ( Aeroporto ),IBGE Malha de Setores Censitários 2022 — atributos territoriais CD_BAIRRO/NM_BAIRRO e correlatos,Bairro IBGE 2022,5104203007
510420305000011,5104203,Guiratinga,Tancredo Neves,IBGE Malha de Setores Censitários 2022 — atributos territoriais CD_BAIRRO/NM_BAIRRO e correlatos,Bairro IBGE 2022,5104203008
510420305000012,5104203,Guiratinga,Garça Branca ( Cohab Nova ),IBGE Malha de Setores Censitários 2022 — atributos territoriais CD_BAIRRO/NM_BAIRRO e correlatos,Bairro IBGE 2022,5104203009
510420305000013,5104203,Guiratinga,Vila Guanabara,IBGE Malha de Setores Censitários 2022 — atributos territoriais CD_BAIRRO/NM_BAIRRO e correlatos,Bairro IBGE 2022,5104203010
510420305000014,5104203,Guiratinga,Areião,IBGE Malha de Setores Censitários 2022 — atributos territoriais CD_BAIRRO/NM_BAIRRO e correlatos,Bairro IBGE 2022,5104203011
510420305000015,5104203,Guiratinga,Areião,IBGE Malha de Setores Censitários 2022 — atributos territoriais CD_BAIRRO/NM_BAIRRO e correlatos,Bairro IBGE 2022,5104203011
510420305000016,5104203,Guiratinga,São Sebastião,IBGE Malha de Setores Censitários 2022 — atributos territoriais CD_BAIRRO/NM_BAIRRO e correlatos,Bairro IBGE 2022,5104203012
510420305000017,5104203,Guiratinga,Boa Vista,IBGE Malha de Setores Censitários 2022 — atributos territoriais CD_BAIRRO/NM_BAIRRO e correlatos,Bairro IBGE 2022,5104203013
510420305000018,5104203,Guiratinga,Boa Vista,IBGE Malha de Setores Censitários 2022 — atributos territoriais CD_BAIRRO/NM_BAIRRO e correlatos,Bairro IBGE 2022,5104203013
510420305000029,5104203,Guiratinga,Vila Nova,IBGE Malha de Setores Censitários 2022 — atributos territoriais CD_BAIRRO/NM_BAIRRO e correlatos,Aglomerado rural IBGE 2022,510420300001
510420305000030,5104203,Guiratinga,Areião,IBGE Malha de Setores Censitários 2022 — atributos territoriais CD_BAIRRO/NM_BAIRRO e correlatos,Bairro IBGE 2022,5104203011
510420305000031,5104203,Guiratinga,São Sebastião,IBGE Malha de Setores Censitários 2022 — atributos territoriais CD_BAIRRO/NM_BAIRRO e correlatos,Bairro IBGE 2022,5104203012
510420305000032,5104203,Guiratinga,Santa Maria Bertila,IBGE Malha de Setores Censitários 2022 — atributos territoriais CD_BAIRRO/NM_BAIRRO e correlatos,Bairro IBGE 2022,5104203005
510420305000033,5104203,Guiratinga,Tancredo Neves,IBGE Malha de Setores Censitários 2022 — atributos territoriais CD_BAIRRO/NM_BAIRRO e correlatos,Bairro IBGE 2022,5104203008
510420305000037,5104203,Guiratinga,Comunidade Alto Garça,IBGE Malha de Setores Censitários 2022 — atributos territoriais CD_BAIRRO/NM_BAIRRO e correlatos,Núcleo urbano IBGE 2022,5104203001
510420310000001,5104203,Guiratinga,Alcantilado,IBGE Malha de Setores Censitários 2022 — atributos territoriais CD_BAIRRO/NM_BAIRRO e correlatos,Distrito IBGE 2022,510420310
510420310000002,5104203,Guiratinga,Alcantilado,IBGE Malha de Setores Censitários 2022 — atributos territoriais CD_BAIRRO/NM_BAIRRO e correlatos,Distrito IBGE 2022,510420310
510420310000003,5104203,Guiratinga,Alcantilado,IBGE Malha de Setores Censitários 2022 — atributos territoriais CD_BAIRRO/NM_BAIRRO e correlatos,Distrito IBGE 2022,510420310
510420325000001,5104203,Guiratinga,Vale Rico,IBGE Malha de Setores Censitários 2022 — atributos territoriais CD_BAIRRO/NM_BAIRRO e correlatos,Distrito IBGE 2022,510420325
510420325000003,5104203,Guiratinga,Vale Rico,IBGE Malha de Setores Censitários 2022 — atributos territoriais CD_BAIRRO/NM_BAIRRO e correlatos,Distrito IBGE 2022,510420325
510420325000006,5104203,Guiratinga,Vale Rico,IBGE Malha de Setores Censitários 2022 — atributos territoriais CD_BAIRRO/NM_BAIRRO e correlatos,Distrito IBGE 2022,510420325
510420325000007,5104203,Guiratinga,Vale Rico,IBGE Malha de Setores Censitários 2022 — atributos territoriais CD_BAIRRO/NM_BAIRRO e correlatos,Distrito IBGE 2022,510420325
510454205000004,5104542,Itanhangá,Simioni,IBGE Malha de Setores Censitários 2022 — atributos territoriais CD_BAIRRO/NM_BAIRRO e correlatos,Aglomerado rural IBGE 2022,510454200001
510454205000013,5104542,Itanhangá,Agrovila do PA Monte Alto,IBGE Malha de Setores Censitários 2022 — atributos territoriais CD_BAIRRO/NM_BAIRRO e correlatos,Aglomerado rural IBGE 2022,510454200002
510454205000024,5104542,Itanhangá,Agrovila do PA Tapurah/Itanhangá,IBGE Malha de Setores Censitários 2022 — atributos territoriais CD_BAIRRO/NM_BAIRRO e correlatos,Aglomerado rural IBGE 2022,510454200003
510455905000001,5104559,Itaúba,Centro,IBGE Malha de Setores Censitários 2022 — atributos territoriais CD_BAIRRO/NM_BAIRRO e correlatos,Bairro IBGE 2022,5104559001
510455905000003,5104559,Itaúba,Centro,IBGE Malha de Setores Censitários 2022 — atributos territoriais CD_BAIRRO/NM_BAIRRO e correlatos,Bairro IBGE 2022,5104559001
510455905000011,5104559,Itaúba,Sol Nascente,IBGE Malha de Setores Censitários 2022 — atributos territoriais CD_BAIRRO/NM_BAIRRO e correlatos,Bairro IBGE 2022,5104559002
510455905000012,5104559,Itaúba,Centro,IBGE Malha de Setores Censitários 2022 — atributos territoriais CD_BAIRRO/NM_BAIRRO e correlatos,Bairro IBGE 2022,5104559001
510455905000013,5104559,Itaúba,Sol Nascente,IBGE Malha de Setores Censitários 2022 — atributos territoriais CD_BAIRRO/NM_BAIRRO e correlatos,Bairro IBGE 2022,5104559002
510455905000014,5104559,Itaúba,Cidade Alta,IBGE Malha de Setores Censitários 2022 — atributos territoriais CD_BAIRRO/NM_BAIRRO e correlatos,Bairro IBGE 2022,5104559003
510455905000015,5104559,Itaúba,Jardim Vitória,IBGE Malha de Setores Censitários 2022 — atributos territoriais CD_BAIRRO/NM_BAIRRO e correlatos,Bairro IBGE 2022,5104559004
510455905000017,5104559,Itaúba,Cidade Alta,IBGE Malha de Setores Censitários 2022 — atributos territoriais CD_BAIRRO/NM_BAIRRO e correlatos,Bairro IBGE 2022,5104559003
510455905000025,5104559,Itaúba,Recanto dos Pássaros,IBGE Malha de Setores Censitários 2022 — atributos territoriais CD_BAIRRO/NM_BAIRRO e correlatos,Bairro IBGE 2022,5104559005
510460910000004,5104609,Itiquira,Ouro Branco do Sul,IBGE Malha de Setores Censitários 2022 — atributos territoriais CD_BAIRRO/NM_BAIRRO e correlatos,Distrito IBGE 2022,510460910
510460910000005,5104609,Itiquira,Ouro Branco do Sul,IBGE Malha de Setores Censitários 2022 — atributos territoriais CD_BAIRRO/NM_BAIRRO e correlatos,Distrito IBGE 2022,510460910
510460910000007,5104609,Itiquira,Michellin Vila I,IBGE Malha de Setores Censitários 2022 — atributos territoriais CD_BAIRRO/NM_BAIRRO e correlatos,Aglomerado rural IBGE 2022,510460900001
510460910000010,5104609,Itiquira,Ouro Branco do Sul,IBGE Malha de Setores Censitários 2022 — atributos territoriais CD_BAIRRO/NM_BAIRRO e correlatos,Distrito IBGE 2022,510460910
510460910000011,5104609,Itiquira,Ouro Branco do Sul,IBGE Malha de Setores Censitários 2022 — atributos territoriais CD_BAIRRO/NM_BAIRRO e correlatos,Distrito IBGE 2022,510460910
510460910000012,5104609,Itiquira,Ouro Branco do Sul,IBGE Malha de Setores Censitários 2022 — atributos territoriais CD_BAIRRO/NM_BAIRRO e correlatos,Distrito IBGE 2022,510460910
510460910000013,5104609,Itiquira,Ouro Branco do Sul,IBGE Malha de Setores Censitários 2022 — atributos territoriais CD_BAIRRO/NM_BAIRRO e correlatos,Distrito IBGE 2022,510460910
510460910000014,5104609,Itiquira,Ouro Branco do Sul,IBGE Malha de Setores Censitários 2022 — atributos territoriais CD_BAIRRO/NM_BAIRRO e correlatos,Distrito IBGE 2022,510460910
510460910000015,5104609,Itiquira,Ouro Branco do Sul,IBGE Malha de Setores Censitários 2022 — atributos territoriais CD_BAIRRO/NM_BAIRRO e correlatos,Distrito IBGE 2022,510460910
510460910000016,5104609,Itiquira,Ouro Branco do Sul,IBGE Malha de Setores Censitários 2022 — atributos territoriais CD_BAIRRO/NM_BAIRRO e correlatos,Distrito IBGE 2022,510460910
510460910000017,5104609,Itiquira,Ouro Branco do Sul,IBGE Malha de Setores Censitários 2022 — atributos territoriais CD_BAIRRO/NM_BAIRRO e correlatos,Distrito IBGE 2022,510460910
510460910000018,5104609,Itiquira,Ouro Branco do Sul,IBGE Malha de Setores Censitários 2022 — atributos territoriais CD_BAIRRO/NM_BAIRRO e correlatos,Distrito IBGE 2022,510460910
510460910000019,5104609,Itiquira,Ouro Branco do Sul,IBGE Malha de Setores Censitários 2022 — atributos territoriais CD_BAIRRO/NM_BAIRRO e correlatos,Distrito IBGE 2022,510460910
510480705000032,5104807,Jaciara,Vila Dejac,IBGE Malha de Setores Censitários 2022 — atributos territoriais CD_BAIRRO/NM_BAIRRO e correlatos,Aglomerado rural IBGE 2022,510480700001
510480720000001,5104807,Jaciara,Celma,IBGE Malha de Setores Censitários 2022 — atributos territoriais CD_BAIRRO/NM_BAIRRO e correlatos,Distrito IBGE 2022,510480720
510480720000003,5104807,Jaciara,Celma,IBGE Malha de Setores Censitários 2022 — atributos territoriais CD_BAIRRO/NM_BAIRRO e correlatos,Distrito IBGE 2022,510480720
510480720000004,5104807,Jaciara,Celma,IBGE Malha de Setores Censitários 2022 — atributos territoriais CD_BAIRRO/NM_BAIRRO e correlatos,Distrito IBGE 2022,510480720
510480720000005,5104807,Jaciara,Celma,IBGE Malha de Setores Censitários 2022 — atributos territoriais CD_BAIRRO/NM_BAIRRO e correlatos,Distrito IBGE 2022,510480720
510490605000015,5104906,Jangada,Nova Jangada,IBGE Malha de Setores Censitários 2022 — atributos territoriais CD_BAIRRO/NM_BAIRRO e correlatos,Aglomerado rural IBGE 2022,510490600001
510500205000014,5105002,Jauru,Agrovila do PA Altelândia,IBGE Malha de Setores Censitários 2022 — atributos territoriais CD_BAIRRO/NM_BAIRRO e correlatos,Aglomerado rural IBGE 2022,510500200001
510500205000019,5105002,Jauru,Taquaruçu,IBGE Malha de Setores Censitários 2022 — atributos territoriais CD_BAIRRO/NM_BAIRRO e correlatos,Aglomerado rural IBGE 2022,510500200002
510500215000001,5105002,Jauru,Lucialva,IBGE Malha de Setores Censitários 2022 — atributos territoriais CD_BAIRRO/NM_BAIRRO e correlatos,Distrito IBGE 2022,510500215
510500215000002,5105002,Jauru,Lucialva,IBGE Malha de Setores Censitários 2022 — atributos territoriais CD_BAIRRO/NM_BAIRRO e correlatos,Distrito IBGE 2022,510500215
510500215000003,5105002,Jauru,Lucialva,IBGE Malha de Setores Censitários 2022 — atributos territoriais CD_BAIRRO/NM_BAIRRO e correlatos,Distrito IBGE 2022,510500215
510500215000004,5105002,Jauru,Lucialva,IBGE Malha de Setores Censitários 2022 — atributos territoriais CD_BAIRRO/NM_BAIRRO e correlatos,Distrito IBGE 2022,510500215
510510105000032,5105101,Juara,Aldeia Indígena Mayrob,IBGE Malha de Setores Censitários 2022 — atributos territoriais CD_BAIRRO/NM_BAIRRO e correlatos,Aglomerado rural IBGE 2022,510510100001
510510105000052,5105101,Juara,Aldeia Indígena Nova Munduruku,IBGE Malha de Setores Censitários 2022 — atributos territoriais CD_BAIRRO/NM_BAIRRO e correlatos,Aglomerado rural IBGE 2022,510510100007
510510105000081,5105101,Juara,Aldeia Indígena Figueirinha,IBGE Malha de Setores Censitários 2022 — atributos territoriais CD_BAIRRO/NM_BAIRRO e correlatos,Aglomerado rural IBGE 2022,510510100010
510510105000083,5105101,Juara,Aldeia Indígena Renovada,IBGE Malha de Setores Censitários 2022 — atributos territoriais CD_BAIRRO/NM_BAIRRO e correlatos,Aglomerado rural IBGE 2022,510510100014
510510105000085,5105101,Juara,Aldeia Indígena Itu Cachoeira,IBGE Malha de Setores Censitários 2022 — atributos territoriais CD_BAIRRO/NM_BAIRRO e correlatos,Aglomerado rural IBGE 2022,510510100015
510510105000086,5105101,Juara,Aldeia Indígena Cavay / Kwav / Kawaipe / Kawaip / Flor da Terra,IBGE Malha de Setores Censitários 2022 — atributos territoriais CD_BAIRRO/NM_BAIRRO e correlatos,Aglomerado rural IBGE 2022,510510100016
510510105000087,5105101,Juara,Aldeia Indígena Vale Verde 2 / Estrada da Usina,IBGE Malha de Setores Censitários 2022 — atributos territoriais CD_BAIRRO/NM_BAIRRO e correlatos,Aglomerado rural IBGE 2022,510510100017
510510105000088,5105101,Juara,Aldeia Indígena Vale Verde,IBGE Malha de Setores Censitários 2022 — atributos territoriais CD_BAIRRO/NM_BAIRRO e correlatos,Aglomerado rural IBGE 2022,510510100018
510510105000098,5105101,Juara,Aldeia Indígena Ytamait,IBGE Malha de Setores Censitários 2022 — atributos territoriais CD_BAIRRO/NM_BAIRRO e correlatos,Aglomerado rural IBGE 2022,510510100022
510510110000001,5105101,Juara,Águas Claras,IBGE Malha de Setores Censitários 2022 — atributos territoriais CD_BAIRRO/NM_BAIRRO e correlatos,Distrito IBGE 2022,510510110
510510110000002,5105101,Juara,Águas Claras,IBGE Malha de Setores Censitários 2022 — atributos territoriais CD_BAIRRO/NM_BAIRRO e correlatos,Distrito IBGE 2022,510510110
510510110000004,5105101,Juara,Aldeia Indígena Tatui,IBGE Malha de Setores Censitários 2022 — atributos territoriais CD_BAIRRO/NM_BAIRRO e correlatos,Aglomerado rural IBGE 2022,510510100002
510510110000005,5105101,Juara,Águas Claras,IBGE Malha de Setores Censitários 2022 — atributos territoriais CD_BAIRRO/NM_BAIRRO e correlatos,Distrito IBGE 2022,510510110
510510110000006,5105101,Juara,Águas Claras,IBGE Malha de Setores Censitários 2022 — atributos territoriais CD_BAIRRO/NM_BAIRRO e correlatos,Distrito IBGE 2022,510510110
510510110000007,5105101,Juara,Águas Claras,IBGE Malha de Setores Censitários 2022 — atributos territoriais CD_BAIRRO/NM_BAIRRO e correlatos,Distrito IBGE 2022,510510110
510510110000009,5105101,Juara,Aldeia Indígena Beira Rio,IBGE Malha de Setores Censitários 2022 — atributos territoriais CD_BAIRRO/NM_BAIRRO e correlatos,Aglomerado rural IBGE 2022,510510100019
510510110000010,5105101,Juara,Águas Claras,IBGE Malha de Setores Censitários 2022 — atributos territoriais CD_BAIRRO/NM_BAIRRO e correlatos,Distrito IBGE 2022,510510110
510510110000011,5105101,Juara,Aldeia Indígena Figueirinha 2,IBGE Malha de Setores Censitários 2022 — atributos territoriais CD_BAIRRO/NM_BAIRRO e correlatos,Aglomerado rural IBGE 2022,510510100020
510510115000001,5105101,Juara,Catuaí,IBGE Malha de Setores Censitários 2022 — atributos territoriais CD_BAIRRO/NM_BAIRRO e correlatos,Distrito IBGE 2022,510510115
510510115000002,5105101,Juara,Catuaí,IBGE Malha de Setores Censitários 2022 — atributos territoriais CD_BAIRRO/NM_BAIRRO e correlatos,Distrito IBGE 2022,510510115
510510115000003,5105101,Juara,Catuaí,IBGE Malha de Setores Censitários 2022 — atributos territoriais CD_BAIRRO/NM_BAIRRO e correlatos,Distrito IBGE 2022,510510115
510510115000005,5105101,Juara,Aldeia Indígena Divisa Marcolino,IBGE Malha de Setores Censitários 2022 — atributos territoriais CD_BAIRRO/NM_BAIRRO e correlatos,Aglomerado rural IBGE 2022,510510100003
510510115000006,5105101,Juara,Aldeia Indígena Japuíra,IBGE Malha de Setores Censitários 2022 — atributos territoriais CD_BAIRRO/NM_BAIRRO e correlatos,Aglomerado rural IBGE 2022,510510100004
510510115000007,5105101,Juara,Catuaí,IBGE Malha de Setores Censitários 2022 — atributos territoriais CD_BAIRRO/NM_BAIRRO e correlatos,Distrito IBGE 2022,510510115
510510115000008,5105101,Juara,Catuaí,IBGE Malha de Setores Censitários 2022 — atributos territoriais CD_BAIRRO/NM_BAIRRO e correlatos,Distrito IBGE 2022,510510115
510510115000009,5105101,Juara,Catuaí,IBGE Malha de Setores Censitários 2022 — atributos territoriais CD_BAIRRO/NM_BAIRRO e correlatos,Distrito IBGE 2022,510510115
510510115000010,5105101,Juara,Catuaí,IBGE Malha de Setores Censitários 2022 — atributos territoriais CD_BAIRRO/NM_BAIRRO e correlatos,Distrito IBGE 2022,510510115
510510115000011,5105101,Juara,Catuaí,IBGE Malha de Setores Censitários 2022 — atributos territoriais CD_BAIRRO/NM_BAIRRO e correlatos,Distrito IBGE 2022,510510115
510510115000012,5105101,Juara,Catuaí,IBGE Malha de Setores Censitários 2022 — atributos territoriais CD_BAIRRO/NM_BAIRRO e correlatos,Distrito IBGE 2022,510510115
510510115000013,5105101,Juara,Catuaí,IBGE Malha de Setores Censitários 2022 — atributos territoriais CD_BAIRRO/NM_BAIRRO e correlatos,Distrito IBGE 2022,510510115
510510115000014,5105101,Juara,Catuaí,IBGE Malha de Setores Censitários 2022 — atributos territoriais CD_BAIRRO/NM_BAIRRO e correlatos,Distrito IBGE 2022,510510115
510510115000015,5105101,Juara,Catuaí,IBGE Malha de Setores Censitários 2022 — atributos territoriais CD_BAIRRO/NM_BAIRRO e correlatos,Distrito IBGE 2022,510510115
510510115000016,5105101,Juara,Catuaí,IBGE Malha de Setores Censitários 2022 — atributos territoriais CD_BAIRRO/NM_BAIRRO e correlatos,Distrito IBGE 2022,510510115
510510115000017,5105101,Juara,Catuaí,IBGE Malha de Setores Censitários 2022 — atributos territoriais CD_BAIRRO/NM_BAIRRO e correlatos,Distrito IBGE 2022,510510115
510510115000018,5105101,Juara,Catuaí,IBGE Malha de Setores Censitários 2022 — atributos territoriais CD_BAIRRO/NM_BAIRRO e correlatos,Distrito IBGE 2022,510510115
510510115000019,5105101,Juara,Catuaí,IBGE Malha de Setores Censitários 2022 — atributos territoriais CD_BAIRRO/NM_BAIRRO e correlatos,Distrito IBGE 2022,510510115
510510115000020,5105101,Juara,Aldeia Indígena Jatoba,IBGE Malha de Setores Censitários 2022 — atributos territoriais CD_BAIRRO/NM_BAIRRO e correlatos,Aglomerado rural IBGE 2022,510510100011
510510115000021,5105101,Juara,Aldeia Indígena Pé de Mutum,IBGE Malha de Setores Censitários 2022 — atributos territoriais CD_BAIRRO/NM_BAIRRO e correlatos,Aglomerado rural IBGE 2022,510510100012
510510115000022,5105101,Juara,Aldeia Indígena Cerejeira,IBGE Malha de Setores Censitários 2022 — atributos territoriais CD_BAIRRO/NM_BAIRRO e correlatos,Aglomerado rural IBGE 2022,510510100009
510510115000023,5105101,Juara,Aldeia Indígena São Vicente,IBGE Malha de Setores Censitários 2022 — atributos territoriais CD_BAIRRO/NM_BAIRRO e correlatos,Aglomerado rural IBGE 2022,510510100013
510510115000024,5105101,Juara,Aldeia Indígena Castanhal,IBGE Malha de Setores Censitários 2022 — atributos territoriais CD_BAIRRO/NM_BAIRRO e correlatos,Aglomerado rural IBGE 2022,510510100008
510510120000001,5105101,Juara,Paranorte,IBGE Malha de Setores Censitários 2022 — atributos territoriais CD_BAIRRO/NM_BAIRRO e correlatos,Distrito IBGE 2022,510510120
510510120000002,5105101,Juara,Paranorte,IBGE Malha de Setores Censitários 2022 — atributos territoriais CD_BAIRRO/NM_BAIRRO e correlatos,Distrito IBGE 2022,510510120
510510120000003,5105101,Juara,Paranorte,IBGE Malha de Setores Censitários 2022 — atributos territoriais CD_BAIRRO/NM_BAIRRO e correlatos,Distrito IBGE 2022,510510120
510510120000004,5105101,Juara,Paranorte,IBGE Malha de Setores Censitários 2022 — atributos territoriais CD_BAIRRO/NM_BAIRRO e correlatos,Distrito IBGE 2022,510510120
510510120000005,5105101,Juara,Paranorte,IBGE Malha de Setores Censitários 2022 — atributos territoriais CD_BAIRRO/NM_BAIRRO e correlatos,Distrito IBGE 2022,510510120
510510120000006,5105101,Juara,Paranorte,IBGE Malha de Setores Censitários 2022 — atributos territoriais CD_BAIRRO/NM_BAIRRO e correlatos,Distrito IBGE 2022,510510120
510510120000007,5105101,Juara,Paranorte,IBGE Malha de Setores Censitários 2022 — atributos territoriais CD_BAIRRO/NM_BAIRRO e correlatos,Distrito IBGE 2022,510510120
510510120000009,5105101,Juara,Paranorte,IBGE Malha de Setores Censitários 2022 — atributos territoriais CD_BAIRRO/NM_BAIRRO e correlatos,Distrito IBGE 2022,510510120
510510120000010,5105101,Juara,Paranorte,IBGE Malha de Setores Censitários 2022 — atributos territoriais CD_BAIRRO/NM_BAIRRO e correlatos,Distrito IBGE 2022,510510120
510515005000004,5105150,Juína,Módulo 05,IBGE Malha de Setores Censitários 2022 — atributos territoriais CD_BAIRRO/NM_BAIRRO e correlatos,Bairro IBGE 2022,5105150001
510515005000014,5105150,Juína,São José Operário,IBGE Malha de Setores Censitários 2022 — atributos territoriais CD_BAIRRO/NM_BAIRRO e correlatos,Bairro IBGE 2022,5105150002
510515005000015,5105150,Juína,São José Operário,IBGE Malha de Setores Censitários 2022 — atributos territoriais CD_BAIRRO/NM_BAIRRO e correlatos,Bairro IBGE 2022,5105150002
510515005000016,5105150,Juína,São José Operário,IBGE Malha de Setores Censitários 2022 — atributos territoriais CD_BAIRRO/NM_BAIRRO e correlatos,Bairro IBGE 2022,5105150002
510515005000020,5105150,Juína,Palmiteira,IBGE Malha de Setores Censitários 2022 — atributos territoriais CD_BAIRRO/NM_BAIRRO e correlatos,Bairro IBGE 2022,5105150003
510515005000021,5105150,Juína,Palmiteira,IBGE Malha de Setores Censitários 2022 — atributos territoriais CD_BAIRRO/NM_BAIRRO e correlatos,Bairro IBGE 2022,5105150003
510515005000022,5105150,Juína,Palmiteira,IBGE Malha de Setores Censitários 2022 — atributos territoriais CD_BAIRRO/NM_BAIRRO e correlatos,Bairro IBGE 2022,5105150003
510515005000023,5105150,Juína,Palmiteira,IBGE Malha de Setores Censitários 2022 — atributos territoriais CD_BAIRRO/NM_BAIRRO e correlatos,Bairro IBGE 2022,5105150003
510515005000025,5105150,Juína,Padre Duílio,IBGE Malha de Setores Censitários 2022 — atributos territoriais CD_BAIRRO/NM_BAIRRO e correlatos,Bairro IBGE 2022,5105150004
510515005000026,5105150,Juína,Padre Duílio,IBGE Malha de Setores Censitários 2022 — atributos territoriais CD_BAIRRO/NM_BAIRRO e correlatos,Bairro IBGE 2022,5105150004
510515005000027,5105150,Juína,Padre Duílio,IBGE Malha de Setores Censitários 2022 — atributos territoriais CD_BAIRRO/NM_BAIRRO e correlatos,Bairro IBGE 2022,5105150004
510515005000031,5105150,Juína,Módulo 05,IBGE Malha de Setores Censitários 2022 — atributos territoriais CD_BAIRRO/NM_BAIRRO e correlatos,Bairro IBGE 2022,5105150001
510515005000034,5105150,Juína,Módulo 05,IBGE Malha de Setores Censitários 2022 — atributos territoriais CD_BAIRRO/NM_BAIRRO e correlatos,Bairro IBGE 2022,5105150001
510515005000035,5105150,Juína,Módulo 05,IBGE Malha de Setores Censitários 2022 — atributos territoriais CD_BAIRRO/NM_BAIRRO e correlatos,Bairro IBGE 2022,5105150001
510515005000036,5105150,Juína,Módulo 05,IBGE Malha de Setores Censitários 2022 — atributos territoriais CD_BAIRRO/NM_BAIRRO e correlatos,Bairro IBGE 2022,5105150001
510515005000037,5105150,Juína,Módulo 05,IBGE Malha de Setores Censitários 2022 — atributos territoriais CD_BAIRRO/NM_BAIRRO e correlatos,Bairro IBGE 2022,5105150001
510515005000038,5105150,Juína,Módulo 05,IBGE Malha de Setores Censitários 2022 — atributos territoriais CD_BAIRRO/NM_BAIRRO e correlatos,Bairro IBGE 2022,5105150001
510515005000041,5105150,Juína,Cidade Alta,IBGE Malha de Setores Censitários 2022 — atributos territoriais CD_BAIRRO/NM_BAIRRO e correlatos,Bairro IBGE 2022,5105150005
510515005000042,5105150,Juína,Cidade Alta,IBGE Malha de Setores Censitários 2022 — atributos territoriais CD_BAIRRO/NM_BAIRRO e correlatos,Bairro IBGE 2022,5105150005
510515005000043,5105150,Juína,Cidade Alta,IBGE Malha de Setores Censitários 2022 — atributos territoriais CD_BAIRRO/NM_BAIRRO e correlatos,Bairro IBGE 2022,5105150005
510515005000064,5105150,Juína,Aldeia Indígena Rio Seco,IBGE Malha de Setores Censitários 2022 — atributos territoriais CD_BAIRRO/NM_BAIRRO e correlatos,Aglomerado rural IBGE 2022,510515000002
510515005000067,5105150,Juína,São José Operário,IBGE Malha de Setores Censitários 2022 — atributos territoriais CD_BAIRRO/NM_BAIRRO e correlatos,Bairro IBGE 2022,5105150002
510515005000068,5105150,Juína,Padre Duílio,IBGE Malha de Setores Censitários 2022 — atributos territoriais CD_BAIRRO/NM_BAIRRO e correlatos,Bairro IBGE 2022,5105150004
510515005000069,5105150,Juína,Módulo 05,IBGE Malha de Setores Censitários 2022 — atributos territoriais CD_BAIRRO/NM_BAIRRO e correlatos,Bairro IBGE 2022,5105150001
510515005000070,5105150,Juína,Módulo 05,IBGE Malha de Setores Censitários 2022 — atributos territoriais CD_BAIRRO/NM_BAIRRO e correlatos,Bairro IBGE 2022,5105150001
510515005000071,5105150,Juína,Módulo 05,IBGE Malha de Setores Censitários 2022 — atributos territoriais CD_BAIRRO/NM_BAIRRO e correlatos,Bairro IBGE 2022,5105150001
510515005000072,5105150,Juína,Módulo 05,IBGE Malha de Setores Censitários 2022 — atributos territoriais CD_BAIRRO/NM_BAIRRO e correlatos,Bairro IBGE 2022,5105150001
510515005000073,5105150,Juína,Módulo 05,IBGE Malha de Setores Censitários 2022 — atributos territoriais CD_BAIRRO/NM_BAIRRO e correlatos,Bairro IBGE 2022,5105150001
510515005000074,5105150,Juína,Módulo 05,IBGE Malha de Setores Censitários 2022 — atributos territoriais CD_BAIRRO/NM_BAIRRO e correlatos,Bairro IBGE 2022,5105150001
510515005000075,5105150,Juína,Cidade Alta,IBGE Malha de Setores Censitários 2022 — atributos territoriais CD_BAIRRO/NM_BAIRRO e correlatos,Bairro IBGE 2022,5105150005
510515005000080,5105150,Juína,Cidade Alta,IBGE Malha de Setores Censitários 2022 — atributos territoriais CD_BAIRRO/NM_BAIRRO e correlatos,Bairro IBGE 2022,5105150005
510515005000082,5105150,Juína,Cidade Alta,IBGE Malha de Setores Censitários 2022 — atributos territoriais CD_BAIRRO/NM_BAIRRO e correlatos,Bairro IBGE 2022,5105150005
510515005000084,5105150,Juína,Módulo 05,IBGE Malha de Setores Censitários 2022 — atributos territoriais CD_BAIRRO/NM_BAIRRO e correlatos,Bairro IBGE 2022,5105150001
510515005000085,5105150,Juína,Módulo 05,IBGE Malha de Setores Censitários 2022 — atributos territoriais CD_BAIRRO/NM_BAIRRO e correlatos,Bairro IBGE 2022,5105150001
510515005000108,5105150,Juína,Aldeia Indígena Pacovinha,IBGE Malha de Setores Censitários 2022 — atributos territoriais CD_BAIRRO/NM_BAIRRO e correlatos,Aglomerado rural IBGE 2022,510515000004
510515005000109,5105150,Juína,Aldeia Indígena Cafezal,IBGE Malha de Setores Censitários 2022 — atributos territoriais CD_BAIRRO/NM_BAIRRO e correlatos,Aglomerado rural IBGE 2022,510515000003
510515005000111,5105150,Juína,Aldeia Indígena Rio Capivara,IBGE Malha de Setores Censitários 2022 — atributos territoriais CD_BAIRRO/NM_BAIRRO e correlatos,Aglomerado rural IBGE 2022,510515000005
510515005000113,5105150,Juína,Aldeia Indígena Rio 21,IBGE Malha de Setores Censitários 2022 — atributos territoriais CD_BAIRRO/NM_BAIRRO e correlatos,Aglomerado rural IBGE 2022,510515000006
510515005000115,5105150,Juína,Aldeia Indígena Furquim,IBGE Malha de Setores Censitários 2022 — atributos territoriais CD_BAIRRO/NM_BAIRRO e correlatos,Aglomerado rural IBGE 2022,510515000007
510515005000116,5105150,Juína,Aldeia Indígena Água Fria,IBGE Malha de Setores Censitários 2022 — atributos territoriais CD_BAIRRO/NM_BAIRRO e correlatos,Aglomerado rural IBGE 2022,510515000008
510515005000117,5105150,Juína,Aldeia Indígena Yamasá Ei,IBGE Malha de Setores Censitários 2022 — atributos territoriais CD_BAIRRO/NM_BAIRRO e correlatos,Aglomerado rural IBGE 2022,510515000009
510515005000118,5105150,Juína,Aldeia Indígena Serra Morena,IBGE Malha de Setores Censitários 2022 — atributos territoriais CD_BAIRRO/NM_BAIRRO e correlatos,Aglomerado rural IBGE 2022,510515000010
510515005000124,5105150,Juína,Aldeia indígena KOTAKOWINAKWA,IBGE Malha de Setores Censitários 2022 — atributos territoriais CD_BAIRRO/NM_BAIRRO e correlatos,Aglomerado rural IBGE 2022,510515000012
510515009000001,5105150,Juína,Filadélfia,IBGE Malha de Setores Censitários 2022 — atributos territoriais CD_BAIRRO/NM_BAIRRO e correlatos,Distrito IBGE 2022,510515009
510515009000002,5105150,Juína,Filadélfia,IBGE Malha de Setores Censitários 2022 — atributos territoriais CD_BAIRRO/NM_BAIRRO e correlatos,Distrito IBGE 2022,510515009
510515009000003,5105150,Juína,Filadélfia,IBGE Malha de Setores Censitários 2022 — atributos territoriais CD_BAIRRO/NM_BAIRRO e correlatos,Distrito IBGE 2022,510515009
510515009000004,5105150,Juína,Filadélfia,IBGE Malha de Setores Censitários 2022 — atributos territoriais CD_BAIRRO/NM_BAIRRO e correlatos,Distrito IBGE 2022,510515009
510515009000005,5105150,Juína,Filadélfia,IBGE Malha de Setores Censitários 2022 — atributos territoriais CD_BAIRRO/NM_BAIRRO e correlatos,Distrito IBGE 2022,510515009
510515009000006,5105150,Juína,Filadélfia,IBGE Malha de Setores Censitários 2022 — atributos territoriais CD_BAIRRO/NM_BAIRRO e correlatos,Distrito IBGE 2022,510515009
510515009000007,5105150,Juína,Filadélfia,IBGE Malha de Setores Censitários 2022 — atributos territoriais CD_BAIRRO/NM_BAIRRO e correlatos,Distrito IBGE 2022,510515009
510515010000002,5105150,Juína,Fontanillas,IBGE Malha de Setores Censitários 2022 — atributos territoriais CD_BAIRRO/NM_BAIRRO e correlatos,Distrito IBGE 2022,510515010
510515010000003,5105150,Juína,Fontanillas,IBGE Malha de Setores Censitários 2022 — atributos territoriais CD_BAIRRO/NM_BAIRRO e correlatos,Distrito IBGE 2022,510515010
510515010000004,5105150,Juína,Fontanillas,IBGE Malha de Setores Censitários 2022 — atributos territoriais CD_BAIRRO/NM_BAIRRO e correlatos,Distrito IBGE 2022,510515010
510515010000005,5105150,Juína,Fontanillas,IBGE Malha de Setores Censitários 2022 — atributos territoriais CD_BAIRRO/NM_BAIRRO e correlatos,Distrito IBGE 2022,510515010
510515010000006,5105150,Juína,Fontanillas,IBGE Malha de Setores Censitários 2022 — atributos territoriais CD_BAIRRO/NM_BAIRRO e correlatos,Distrito IBGE 2022,510515010
510515010000007,5105150,Juína,Fontanillas,IBGE Malha de Setores Censitários 2022 — atributos territoriais CD_BAIRRO/NM_BAIRRO e correlatos,Distrito IBGE 2022,510515010
510515010000008,5105150,Juína,Fontanillas,IBGE Malha de Setores Censitários 2022 — atributos territoriais CD_BAIRRO/NM_BAIRRO e correlatos,Distrito IBGE 2022,510515010
510515010000009,5105150,Juína,Fontanillas,IBGE Malha de Setores Censitários 2022 — atributos territoriais CD_BAIRRO/NM_BAIRRO e correlatos,Distrito IBGE 2022,510515010
510515010000010,5105150,Juína,Fontanillas,IBGE Malha de Setores Censitários 2022 — atributos territoriais CD_BAIRRO/NM_BAIRRO e correlatos,Distrito IBGE 2022,510515010
510515010000011,5105150,Juína,Fontanillas,IBGE Malha de Setores Censitários 2022 — atributos territoriais CD_BAIRRO/NM_BAIRRO e correlatos,Distrito IBGE 2022,510515010
510515030000001,5105150,Juína,Terra Roxa,IBGE Malha de Setores Censitários 2022 — atributos territoriais CD_BAIRRO/NM_BAIRRO e correlatos,Distrito IBGE 2022,510515030
510515030000002,5105150,Juína,Terra Roxa,IBGE Malha de Setores Censitários 2022 — atributos territoriais CD_BAIRRO/NM_BAIRRO e correlatos,Distrito IBGE 2022,510515030
510515030000004,5105150,Juína,Terra Roxa,IBGE Malha de Setores Censitários 2022 — atributos territoriais CD_BAIRRO/NM_BAIRRO e correlatos,Distrito IBGE 2022,510515030
510515030000005,5105150,Juína,Terra Roxa,IBGE Malha de Setores Censitários 2022 — atributos territoriais CD_BAIRRO/NM_BAIRRO e correlatos,Distrito IBGE 2022,510515030
510515030000006,5105150,Juína,Aldeia Indígena Serra Dourada,IBGE Malha de Setores Censitários 2022 — atributos territoriais CD_BAIRRO/NM_BAIRRO e correlatos,Aglomerado rural IBGE 2022,510515000011
510520005000012,5105200,Juscimeira,Placa de Santo Antônio,IBGE Malha de Setores Censitários 2022 — atributos territoriais CD_BAIRRO/NM_BAIRRO e correlatos,Aglomerado rural IBGE 2022,510520000001
510520010000001,5105200,Juscimeira,Irenópolis,IBGE Malha de Setores Censitários 2022 — atributos territoriais CD_BAIRRO/NM_BAIRRO e correlatos,Distrito IBGE 2022,510520010
510520010000002,5105200,Juscimeira,Irenópolis,IBGE Malha de Setores Censitários 2022 — atributos territoriais CD_BAIRRO/NM_BAIRRO e correlatos,Distrito IBGE 2022,510520010
510520010000003,5105200,Juscimeira,Irenópolis,IBGE Malha de Setores Censitários 2022 — atributos territoriais CD_BAIRRO/NM_BAIRRO e correlatos,Distrito IBGE 2022,510520010
510520010000004,5105200,Juscimeira,Irenópolis,IBGE Malha de Setores Censitários 2022 — atributos territoriais CD_BAIRRO/NM_BAIRRO e correlatos,Distrito IBGE 2022,510520010
510520010000005,5105200,Juscimeira,Irenópolis,IBGE Malha de Setores Censitários 2022 — atributos territoriais CD_BAIRRO/NM_BAIRRO e correlatos,Distrito IBGE 2022,510520010
510520015000001,5105200,Juscimeira,Santa Elvira,IBGE Malha de Setores Censitários 2022 — atributos territoriais CD_BAIRRO/NM_BAIRRO e correlatos,Distrito IBGE 2022,510520015
510520015000002,5105200,Juscimeira,Santa Elvira,IBGE Malha de Setores Censitários 2022 — atributos territoriais CD_BAIRRO/NM_BAIRRO e correlatos,Distrito IBGE 2022,510520015
510520015000003,5105200,Juscimeira,Santa Elvira,IBGE Malha de Setores Censitários 2022 — atributos territoriais CD_BAIRRO/NM_BAIRRO e correlatos,Distrito IBGE 2022,510520015
510520015000004,5105200,Juscimeira,Santa Elvira,IBGE Malha de Setores Censitários 2022 — atributos territoriais CD_BAIRRO/NM_BAIRRO e correlatos,Distrito IBGE 2022,510520015
510520020000001,5105200,Juscimeira,São Lourenço de Fátima,IBGE Malha de Setores Censitários 2022 — atributos territoriais CD_BAIRRO/NM_BAIRRO e correlatos,Distrito IBGE 2022,510520020
510520020000003,5105200,Juscimeira,São Lourenço de Fátima,IBGE Malha de Setores Censitários 2022 — atributos territoriais CD_BAIRRO/NM_BAIRRO e correlatos,Distrito IBGE 2022,510520020
510520020000004,5105200,Juscimeira,São Lourenço de Fátima,IBGE Malha de Setores Censitários 2022 — atributos territoriais CD_BAIRRO/NM_BAIRRO e correlatos,Distrito IBGE 2022,510520020
510520020000005,5105200,Juscimeira,São Lourenço de Fátima,IBGE Malha de Setores Censitários 2022 — atributos territoriais CD_BAIRRO/NM_BAIRRO e correlatos,Distrito IBGE 2022,510520020
510520020000006,5105200,Juscimeira,São Lourenço de Fátima,IBGE Malha de Setores Censitários 2022 — atributos territoriais CD_BAIRRO/NM_BAIRRO e correlatos,Distrito IBGE 2022,510520020
510520020000008,5105200,Juscimeira,São Lourenço de Fátima,IBGE Malha de Setores Censitários 2022 — atributos territoriais CD_BAIRRO/NM_BAIRRO e correlatos,Distrito IBGE 2022,510520020
510523405000004,5105234,Lambari D'Oeste,Boa União,IBGE Malha de Setores Censitários 2022 — atributos territoriais CD_BAIRRO/NM_BAIRRO e correlatos,Aglomerado rural IBGE 2022,510523400001
510523405000012,5105234,Lambari D'Oeste,São José do Pingadouro,IBGE Malha de Setores Censitários 2022 — atributos territoriais CD_BAIRRO/NM_BAIRRO e correlatos,Aglomerado rural IBGE 2022,510523400002
510525905000001,5105259,Lucas do Rio Verde,Centro,IBGE Malha de Setores Censitários 2022 — atributos territoriais CD_BAIRRO/NM_BAIRRO e correlatos,Bairro IBGE 2022,5105259008
510525905000002,5105259,Lucas do Rio Verde,Centro,IBGE Malha de Setores Censitários 2022 — atributos territoriais CD_BAIRRO/NM_BAIRRO e correlatos,Bairro IBGE 2022,5105259008
510525905000003,5105259,Lucas do Rio Verde,Pioneiro,IBGE Malha de Setores Censitários 2022 — atributos territoriais CD_BAIRRO/NM_BAIRRO e correlatos,Bairro IBGE 2022,5105259001
510525905000007,5105259,Lucas do Rio Verde,Cidade Nova,IBGE Malha de Setores Censitários 2022 — atributos territoriais CD_BAIRRO/NM_BAIRRO e correlatos,Bairro IBGE 2022,5105259002
510525905000008,5105259,Lucas do Rio Verde,Cidade Nova,IBGE Malha de Setores Censitários 2022 — atributos territoriais CD_BAIRRO/NM_BAIRRO e correlatos,Bairro IBGE 2022,5105259002
510525905000009,5105259,Lucas do Rio Verde,Cidade Nova,IBGE Malha de Setores Censitários 2022 — atributos territoriais CD_BAIRRO/NM_BAIRRO e correlatos,Bairro IBGE 2022,5105259002
510525905000010,5105259,Lucas do Rio Verde,Rio Verde,IBGE Malha de Setores Censitários 2022 — atributos territoriais CD_BAIRRO/NM_BAIRRO e correlatos,Bairro IBGE 2022,5105259003
510525905000011,5105259,Lucas do Rio Verde,Rio Verde,IBGE Malha de Setores Censitários 2022 — atributos territoriais CD_BAIRRO/NM_BAIRRO e correlatos,Bairro IBGE 2022,5105259003
510525905000012,5105259,Lucas do Rio Verde,Jardim Primavera,IBGE Malha de Setores Censitários 2022 — atributos territoriais CD_BAIRRO/NM_BAIRRO e correlatos,Bairro IBGE 2022,5105259009
510525905000013,5105259,Lucas do Rio Verde,Jardim Primavera,IBGE Malha de Setores Censitários 2022 — atributos territoriais CD_BAIRRO/NM_BAIRRO e correlatos,Bairro IBGE 2022,5105259009
510525905000014,5105259,Lucas do Rio Verde,Jardim Palmeiras,IBGE Malha de Setores Censitários 2022 — atributos territoriais CD_BAIRRO/NM_BAIRRO e correlatos,Bairro IBGE 2022,5105259004
510525905000015,5105259,Lucas do Rio Verde,Jardim Palmeiras,IBGE Malha de Setores Censitários 2022 — atributos territoriais CD_BAIRRO/NM_BAIRRO e correlatos,Bairro IBGE 2022,5105259004
510525905000016,5105259,Lucas do Rio Verde,Jardim Palmeiras,IBGE Malha de Setores Censitários 2022 — atributos territoriais CD_BAIRRO/NM_BAIRRO e correlatos,Bairro IBGE 2022,5105259004
510525905000017,5105259,Lucas do Rio Verde,Veneza,IBGE Malha de Setores Censitários 2022 — atributos territoriais CD_BAIRRO/NM_BAIRRO e correlatos,Bairro IBGE 2022,5105259010
510525905000018,5105259,Lucas do Rio Verde,Parque das Araras,IBGE Malha de Setores Censitários 2022 — atributos territoriais CD_BAIRRO/NM_BAIRRO e correlatos,Bairro IBGE 2022,5105259034
510525905000019,5105259,Lucas do Rio Verde,Alvorada,IBGE Malha de Setores Censitários 2022 — atributos territoriais CD_BAIRRO/NM_BAIRRO e correlatos,Bairro IBGE 2022,5105259005
510525905000020,5105259,Lucas do Rio Verde,Alvorada,IBGE Malha de Setores Censitários 2022 — atributos territoriais CD_BAIRRO/NM_BAIRRO e correlatos,Bairro IBGE 2022,5105259005
510525905000021,5105259,Lucas do Rio Verde,Alvorada,IBGE Malha de Setores Censitários 2022 — atributos territoriais CD_BAIRRO/NM_BAIRRO e correlatos,Bairro IBGE 2022,5105259005
510525905000022,5105259,Lucas do Rio Verde,Alvorada,IBGE Malha de Setores Censitários 2022 — atributos territoriais CD_BAIRRO/NM_BAIRRO e correlatos,Bairro IBGE 2022,5105259005
510525905000023,5105259,Lucas do Rio Verde,Menino Deus,IBGE Malha de Setores Censitários 2022 — atributos territoriais CD_BAIRRO/NM_BAIRRO e correlatos,Bairro IBGE 2022,5105259006
510525905000024,5105259,Lucas do Rio Verde,Menino Deus,IBGE Malha de Setores Censitários 2022 — atributos territoriais CD_BAIRRO/NM_BAIRRO e correlatos,Bairro IBGE 2022,5105259006
510525905000025,5105259,Lucas do Rio Verde,Menino Deus,IBGE Malha de Setores Censitários 2022 — atributos territoriais CD_BAIRRO/NM_BAIRRO e correlatos,Bairro IBGE 2022,5105259006
510525905000026,5105259,Lucas do Rio Verde,Bandeirantes,IBGE Malha de Setores Censitários 2022 — atributos territoriais CD_BAIRRO/NM_BAIRRO e correlatos,Bairro IBGE 2022,5105259007
510525905000031,5105259,Lucas do Rio Verde,Centro,IBGE Malha de Setores Censitários 2022 — atributos territoriais CD_BAIRRO/NM_BAIRRO e correlatos,Bairro IBGE 2022,5105259008
510525905000032,5105259,Lucas do Rio Verde,Centro,IBGE Malha de Setores Censitários 2022 — atributos territoriais CD_BAIRRO/NM_BAIRRO e correlatos,Bairro IBGE 2022,5105259008
510525905000033,5105259,Lucas do Rio Verde,Pioneiro,IBGE Malha de Setores Censitários 2022 — atributos territoriais CD_BAIRRO/NM_BAIRRO e correlatos,Bairro IBGE 2022,5105259001
510525905000034,5105259,Lucas do Rio Verde,Cidade Nova,IBGE Malha de Setores Censitários 2022 — atributos territoriais CD_BAIRRO/NM_BAIRRO e correlatos,Bairro IBGE 2022,5105259002
510525905000035,5105259,Lucas do Rio Verde,Cidade Nova,IBGE Malha de Setores Censitários 2022 — atributos territoriais CD_BAIRRO/NM_BAIRRO e correlatos,Bairro IBGE 2022,5105259002
510525905000036,5105259,Lucas do Rio Verde,Cidade Nova,IBGE Malha de Setores Censitários 2022 — atributos territoriais CD_BAIRRO/NM_BAIRRO e correlatos,Bairro IBGE 2022,5105259002
510525905000037,5105259,Lucas do Rio Verde,Cidade Nova,IBGE Malha de Setores Censitários 2022 — atributos territoriais CD_BAIRRO/NM_BAIRRO e correlatos,Bairro IBGE 2022,5105259002
510525905000038,5105259,Lucas do Rio Verde,Rio Verde,IBGE Malha de Setores Censitários 2022 — atributos territoriais CD_BAIRRO/NM_BAIRRO e correlatos,Bairro IBGE 2022,5105259003
510525905000039,5105259,Lucas do Rio Verde,Rio Verde,IBGE Malha de Setores Censitários 2022 — atributos territoriais CD_BAIRRO/NM_BAIRRO e correlatos,Bairro IBGE 2022,5105259003
510525905000040,5105259,Lucas do Rio Verde,Rio Verde,IBGE Malha de Setores Censitários 2022 — atributos territoriais CD_BAIRRO/NM_BAIRRO e correlatos,Bairro IBGE 2022,5105259003
510525905000041,5105259,Lucas do Rio Verde,Rio Verde,IBGE Malha de Setores Censitários 2022 — atributos territoriais CD_BAIRRO/NM_BAIRRO e correlatos,Bairro IBGE 2022,5105259003
510525905000042,5105259,Lucas do Rio Verde,Jardim Imperial,IBGE Malha de Setores Censitários 2022 — atributos territoriais CD_BAIRRO/NM_BAIRRO e correlatos,Bairro IBGE 2022,5105259028
510525905000043,5105259,Lucas do Rio Verde,Jardim Palmeiras,IBGE Malha de Setores Censitários 2022 — atributos territoriais CD_BAIRRO/NM_BAIRRO e correlatos,Bairro IBGE 2022,5105259004
510525905000044,5105259,Lucas do Rio Verde,Jardim Palmeiras,IBGE Malha de Setores Censitários 2022 — atributos territoriais CD_BAIRRO/NM_BAIRRO e correlatos,Bairro IBGE 2022,5105259004
510525905000045,5105259,Lucas do Rio Verde,Veneza,IBGE Malha de Setores Censitários 2022 — atributos territoriais CD_BAIRRO/NM_BAIRRO e correlatos,Bairro IBGE 2022,5105259010
510525905000046,5105259,Lucas do Rio Verde,Cerrado,IBGE Malha de Setores Censitários 2022 — atributos territoriais CD_BAIRRO/NM_BAIRRO e correlatos,Bairro IBGE 2022,5105259014
510525905000047,5105259,Lucas do Rio Verde,Jardim Imperial,IBGE Malha de Setores Censitários 2022 — atributos territoriais CD_BAIRRO/NM_BAIRRO e correlatos,Bairro IBGE 2022,5105259028
510525905000048,5105259,Lucas do Rio Verde,Jardim Amazônia,IBGE Malha de Setores Censitários 2022 — atributos territoriais CD_BAIRRO/NM_BAIRRO e correlatos,Bairro IBGE 2022,5105259025
510525905000049,5105259,Lucas do Rio Verde,Jardim Amazônia,IBGE Malha de Setores Censitários 2022 — atributos territoriais CD_BAIRRO/NM_BAIRRO e correlatos,Bairro IBGE 2022,5105259025
510525905000051,5105259,Lucas do Rio Verde,Veneza,IBGE Malha de Setores Censitários 2022 — atributos territoriais CD_BAIRRO/NM_BAIRRO e correlatos,Bairro IBGE 2022,5105259010
510525905000052,5105259,Lucas do Rio Verde,Veneza,IBGE Malha de Setores Censitários 2022 — atributos territoriais CD_BAIRRO/NM_BAIRRO e correlatos,Bairro IBGE 2022,5105259010
510525905000053,5105259,Lucas do Rio Verde,Veneza,IBGE Malha de Setores Censitários 2022 — atributos territoriais CD_BAIRRO/NM_BAIRRO e correlatos,Bairro IBGE 2022,5105259010
510525905000054,5105259,Lucas do Rio Verde,Veneza,IBGE Malha de Setores Censitários 2022 — atributos territoriais CD_BAIRRO/NM_BAIRRO e correlatos,Bairro IBGE 2022,5105259010
510525905000055,5105259,Lucas do Rio Verde,Alvorada,IBGE Malha de Setores Censitários 2022 — atributos territoriais CD_BAIRRO/NM_BAIRRO e correlatos,Bairro IBGE 2022,5105259005
510525905000056,5105259,Lucas do Rio Verde,Alvorada,IBGE Malha de Setores Censitários 2022 — atributos territoriais CD_BAIRRO/NM_BAIRRO e correlatos,Bairro IBGE 2022,5105259005
510525905000057,5105259,Lucas do Rio Verde,Alvorada,IBGE Malha de Setores Censitários 2022 — atributos territoriais CD_BAIRRO/NM_BAIRRO e correlatos,Bairro IBGE 2022,5105259005
510525905000058,5105259,Lucas do Rio Verde,Menino Deus,IBGE Malha de Setores Censitários 2022 — atributos territoriais CD_BAIRRO/NM_BAIRRO e correlatos,Bairro IBGE 2022,5105259006
510525905000060,5105259,Lucas do Rio Verde,Parque das Emas,IBGE Malha de Setores Censitários 2022 — atributos territoriais CD_BAIRRO/NM_BAIRRO e correlatos,Bairro IBGE 2022,5105259024
510525905000061,5105259,Lucas do Rio Verde,Parque das Emas,IBGE Malha de Setores Censitários 2022 — atributos territoriais CD_BAIRRO/NM_BAIRRO e correlatos,Bairro IBGE 2022,5105259024
510525905000062,5105259,Lucas do Rio Verde,Parque das Emas,IBGE Malha de Setores Censitários 2022 — atributos territoriais CD_BAIRRO/NM_BAIRRO e correlatos,Bairro IBGE 2022,5105259024
510525905000063,5105259,Lucas do Rio Verde,Parque das Emas,IBGE Malha de Setores Censitários 2022 — atributos territoriais CD_BAIRRO/NM_BAIRRO e correlatos,Bairro IBGE 2022,5105259024
510525905000064,5105259,Lucas do Rio Verde,Bandeirantes,IBGE Malha de Setores Censitários 2022 — atributos territoriais CD_BAIRRO/NM_BAIRRO e correlatos,Bairro IBGE 2022,5105259007
510525905000065,5105259,Lucas do Rio Verde,Bandeirantes,IBGE Malha de Setores Censitários 2022 — atributos territoriais CD_BAIRRO/NM_BAIRRO e correlatos,Bairro IBGE 2022,5105259007
510525905000066,5105259,Lucas do Rio Verde,Tessele Junior,IBGE Malha de Setores Censitários 2022 — atributos territoriais CD_BAIRRO/NM_BAIRRO e correlatos,Bairro IBGE 2022,5105259019
510525905000067,5105259,Lucas do Rio Verde,Tessele Junior,IBGE Malha de Setores Censitários 2022 — atributos territoriais CD_BAIRRO/NM_BAIRRO e correlatos,Bairro IBGE 2022,5105259019
510525905000068,5105259,Lucas do Rio Verde,Industrial,IBGE Malha de Setores Censitários 2022 — atributos territoriais CD_BAIRRO/NM_BAIRRO e correlatos,Bairro IBGE 2022,5105259037
510525905000070,5105259,Lucas do Rio Verde,Industrial,IBGE Malha de Setores Censitários 2022 — atributos territoriais CD_BAIRRO/NM_BAIRRO e correlatos,Bairro IBGE 2022,5105259037
510525905000071,5105259,Lucas do Rio Verde,Bandeirantes,IBGE Malha de Setores Censitários 2022 — atributos territoriais CD_BAIRRO/NM_BAIRRO e correlatos,Bairro IBGE 2022,5105259007
510525905000072,5105259,Lucas do Rio Verde,Parque das Américas,IBGE Malha de Setores Censitários 2022 — atributos territoriais CD_BAIRRO/NM_BAIRRO e correlatos,Bairro IBGE 2022,5105259035
510525905000073,5105259,Lucas do Rio Verde,Parque dos Buritis,IBGE Malha de Setores Censitários 2022 — atributos territoriais CD_BAIRRO/NM_BAIRRO e correlatos,Bairro IBGE 2022,5105259033
510525905000075,5105259,Lucas do Rio Verde,Cerrado,IBGE Malha de Setores Censitários 2022 — atributos territoriais CD_BAIRRO/NM_BAIRRO e correlatos,Bairro IBGE 2022,5105259014
510525905000076,5105259,Lucas do Rio Verde,Tessele Junior,IBGE Malha de Setores Censitários 2022 — atributos territoriais CD_BAIRRO/NM_BAIRRO e correlatos,Bairro IBGE 2022,5105259019
510525905000077,5105259,Lucas do Rio Verde,Veneza,IBGE Malha de Setores Censitários 2022 — atributos territoriais CD_BAIRRO/NM_BAIRRO e correlatos,Bairro IBGE 2022,5105259010
510525905000081,5105259,Lucas do Rio Verde,Tessele Junior,IBGE Malha de Setores Censitários 2022 — atributos territoriais CD_BAIRRO/NM_BAIRRO e correlatos,Bairro IBGE 2022,5105259019
510525905000082,5105259,Lucas do Rio Verde,Tessele Junior,IBGE Malha de Setores Censitários 2022 — atributos territoriais CD_BAIRRO/NM_BAIRRO e correlatos,Bairro IBGE 2022,5105259019
510525905000087,5105259,Lucas do Rio Verde,Tessele Junior,IBGE Malha de Setores Censitários 2022 — atributos territoriais CD_BAIRRO/NM_BAIRRO e correlatos,Bairro IBGE 2022,5105259019
510525905000089,5105259,Lucas do Rio Verde,Parque das Emas,IBGE Malha de Setores Censitários 2022 — atributos territoriais CD_BAIRRO/NM_BAIRRO e correlatos,Bairro IBGE 2022,5105259024
510525905000090,5105259,Lucas do Rio Verde,Industrial,IBGE Malha de Setores Censitários 2022 — atributos territoriais CD_BAIRRO/NM_BAIRRO e correlatos,Bairro IBGE 2022,5105259037
510525905000093,5105259,Lucas do Rio Verde,Veneza,IBGE Malha de Setores Censitários 2022 — atributos territoriais CD_BAIRRO/NM_BAIRRO e correlatos,Bairro IBGE 2022,5105259010
510525905000094,5105259,Lucas do Rio Verde,Parque das Araras,IBGE Malha de Setores Censitários 2022 — atributos territoriais CD_BAIRRO/NM_BAIRRO e correlatos,Bairro IBGE 2022,5105259034
510525905000095,5105259,Lucas do Rio Verde,Bandeirantes,IBGE Malha de Setores Censitários 2022 — atributos territoriais CD_BAIRRO/NM_BAIRRO e correlatos,Bairro IBGE 2022,5105259007
510525905000096,5105259,Lucas do Rio Verde,Jaime Seiti Fujii,IBGE Malha de Setores Censitários 2022 — atributos territoriais CD_BAIRRO/NM_BAIRRO e correlatos,Bairro IBGE 2022,5105259036
510525905000098,5105259,Lucas do Rio Verde,Jaime Seiti Fujii,IBGE Malha de Setores Censitários 2022 — atributos territoriais CD_BAIRRO/NM_BAIRRO e correlatos,Bairro IBGE 2022,5105259036
510525905000101,5105259,Lucas do Rio Verde,Parque das Américas,IBGE Malha de Setores Censitários 2022 — atributos territoriais CD_BAIRRO/NM_BAIRRO e correlatos,Bairro IBGE 2022,5105259035
510525905000102,5105259,Lucas do Rio Verde,Parque das Américas,IBGE Malha de Setores Censitários 2022 — atributos territoriais CD_BAIRRO/NM_BAIRRO e correlatos,Bairro IBGE 2022,5105259035
510525905000103,5105259,Lucas do Rio Verde,Parque das Américas,IBGE Malha de Setores Censitários 2022 — atributos territoriais CD_BAIRRO/NM_BAIRRO e correlatos,Bairro IBGE 2022,5105259035
510525905000105,5105259,Lucas do Rio Verde,Bandeirantes,IBGE Malha de Setores Censitários 2022 — atributos territoriais CD_BAIRRO/NM_BAIRRO e correlatos,Bairro IBGE 2022,5105259007
510525905000106,5105259,Lucas do Rio Verde,Bandeirantes,IBGE Malha de Setores Censitários 2022 — atributos territoriais CD_BAIRRO/NM_BAIRRO e correlatos,Bairro IBGE 2022,5105259007
510525905000107,5105259,Lucas do Rio Verde,Bandeirantes,IBGE Malha de Setores Censitários 2022 — atributos territoriais CD_BAIRRO/NM_BAIRRO e correlatos,Bairro IBGE 2022,5105259007
510525905000108,5105259,Lucas do Rio Verde,Pioneiro,IBGE Malha de Setores Censitários 2022 — atributos territoriais CD_BAIRRO/NM_BAIRRO e correlatos,Bairro IBGE 2022,5105259001
510525905000109,5105259,Lucas do Rio Verde,Pioneiro,IBGE Malha de Setores Censitários 2022 — atributos territoriais CD_BAIRRO/NM_BAIRRO e correlatos,Bairro IBGE 2022,5105259001
510525905000110,5105259,Lucas do Rio Verde,Jaime Seiti Fujii,IBGE Malha de Setores Censitários 2022 — atributos territoriais CD_BAIRRO/NM_BAIRRO e correlatos,Bairro IBGE 2022,5105259036
510525905000111,5105259,Lucas do Rio Verde,Jaime Seiti Fujii,IBGE Malha de Setores Censitários 2022 — atributos territoriais CD_BAIRRO/NM_BAIRRO e correlatos,Bairro IBGE 2022,5105259036
510525905000114,5105259,Lucas do Rio Verde,Jardim Amazônia,IBGE Malha de Setores Censitários 2022 — atributos territoriais CD_BAIRRO/NM_BAIRRO e correlatos,Bairro IBGE 2022,5105259025
510525905000115,5105259,Lucas do Rio Verde,Jardim Amazônia,IBGE Malha de Setores Censitários 2022 — atributos territoriais CD_BAIRRO/NM_BAIRRO e correlatos,Bairro IBGE 2022,5105259025
510525905000117,5105259,Lucas do Rio Verde,Bandeirantes,IBGE Malha de Setores Censitários 2022 — atributos territoriais CD_BAIRRO/NM_BAIRRO e correlatos,Bairro IBGE 2022,5105259007
510525905000118,5105259,Lucas do Rio Verde,Parque das Emas,IBGE Malha de Setores Censitários 2022 — atributos territoriais CD_BAIRRO/NM_BAIRRO e correlatos,Bairro IBGE 2022,5105259024
510525905000119,5105259,Lucas do Rio Verde,Bandeirantes,IBGE Malha de Setores Censitários 2022 — atributos territoriais CD_BAIRRO/NM_BAIRRO e correlatos,Bairro IBGE 2022,5105259007
510525905000120,5105259,Lucas do Rio Verde,Industrial,IBGE Malha de Setores Censitários 2022 — atributos territoriais CD_BAIRRO/NM_BAIRRO e correlatos,Bairro IBGE 2022,5105259037
510525905000121,5105259,Lucas do Rio Verde,Tessele Junior,IBGE Malha de Setores Censitários 2022 — atributos territoriais CD_BAIRRO/NM_BAIRRO e correlatos,Bairro IBGE 2022,5105259019
510525905000122,5105259,Lucas do Rio Verde,Jardim Primavera,IBGE Malha de Setores Censitários 2022 — atributos territoriais CD_BAIRRO/NM_BAIRRO e correlatos,Bairro IBGE 2022,5105259009
510525905000123,5105259,Lucas do Rio Verde,Jardim Primavera,IBGE Malha de Setores Censitários 2022 — atributos territoriais CD_BAIRRO/NM_BAIRRO e correlatos,Bairro IBGE 2022,5105259009
510525905000127,5105259,Lucas do Rio Verde,Condomínio Águas do Rio Verde,IBGE Malha de Setores Censitários 2022 — atributos territoriais CD_BAIRRO/NM_BAIRRO e correlatos,Núcleo urbano IBGE 2022,5105259001
510525905000129,5105259,Lucas do Rio Verde,Comunidade São Cristóvão,IBGE Malha de Setores Censitários 2022 — atributos territoriais CD_BAIRRO/NM_BAIRRO e correlatos,Aglomerado rural IBGE 2022,510525900001
510525910000001,5105259,Lucas do Rio Verde,Groslândia,IBGE Malha de Setores Censitários 2022 — atributos territoriais CD_BAIRRO/NM_BAIRRO e correlatos,Distrito IBGE 2022,510525910
510525910000002,5105259,Lucas do Rio Verde,Groslândia,IBGE Malha de Setores Censitários 2022 — atributos territoriais CD_BAIRRO/NM_BAIRRO e correlatos,Distrito IBGE 2022,510525910
510525910000003,5105259,Lucas do Rio Verde,Groslândia,IBGE Malha de Setores Censitários 2022 — atributos territoriais CD_BAIRRO/NM_BAIRRO e correlatos,Distrito IBGE 2022,510525910
510530905000010,5105309,Luciara,Aldeia Indígena São Domingos,IBGE Malha de Setores Censitários 2022 — atributos territoriais CD_BAIRRO/NM_BAIRRO e correlatos,Aglomerado rural IBGE 2022,510530900001
510530905000021,5105309,Luciara,Aldeia Indígena Porto Velho,IBGE Malha de Setores Censitários 2022 — atributos territoriais CD_BAIRRO/NM_BAIRRO e correlatos,Aglomerado rural IBGE 2022,510530900004
510530905000023,5105309,Luciara,Aldeia Indígena Teribré,IBGE Malha de Setores Censitários 2022 — atributos territoriais CD_BAIRRO/NM_BAIRRO e correlatos,Aglomerado rural IBGE 2022,510530900003
510530905000031,5105309,Luciara,Aldeia Indígena Pukanu,IBGE Malha de Setores Censitários 2022 — atributos territoriais CD_BAIRRO/NM_BAIRRO e correlatos,Aglomerado rural IBGE 2022,510530900005
510530905000033,5105309,Luciara,Aldeia Indígena Bom Jesus,IBGE Malha de Setores Censitários 2022 — atributos territoriais CD_BAIRRO/NM_BAIRRO e correlatos,Aglomerado rural IBGE 2022,510530900006
510550705000014,5105507,Vila Bela da Santíssima Trindade,Vila São José,IBGE Malha de Setores Censitários 2022 — atributos territoriais CD_BAIRRO/NM_BAIRRO e correlatos,Aglomerado rural IBGE 2022,510550700010
510550710000002,5105507,Vila Bela da Santíssima Trindade,Aguapeí,IBGE Malha de Setores Censitários 2022 — atributos territoriais CD_BAIRRO/NM_BAIRRO e correlatos,Distrito IBGE 2022,510550710
510550710000003,5105507,Vila Bela da Santíssima Trindade,Aguapeí,IBGE Malha de Setores Censitários 2022 — atributos territoriais CD_BAIRRO/NM_BAIRRO e correlatos,Distrito IBGE 2022,510550710
510550710000004,5105507,Vila Bela da Santíssima Trindade,Aguapeí,IBGE Malha de Setores Censitários 2022 — atributos territoriais CD_BAIRRO/NM_BAIRRO e correlatos,Distrito IBGE 2022,510550710
510550710000005,5105507,Vila Bela da Santíssima Trindade,Aguapeí,IBGE Malha de Setores Censitários 2022 — atributos territoriais CD_BAIRRO/NM_BAIRRO e correlatos,Distrito IBGE 2022,510550710
510550710000006,5105507,Vila Bela da Santíssima Trindade,Aguapeí,IBGE Malha de Setores Censitários 2022 — atributos territoriais CD_BAIRRO/NM_BAIRRO e correlatos,Distrito IBGE 2022,510550710
510550710000007,5105507,Vila Bela da Santíssima Trindade,Aguapeí,IBGE Malha de Setores Censitários 2022 — atributos territoriais CD_BAIRRO/NM_BAIRRO e correlatos,Distrito IBGE 2022,510550710
510550710000008,5105507,Vila Bela da Santíssima Trindade,Aguapeí,IBGE Malha de Setores Censitários 2022 — atributos territoriais CD_BAIRRO/NM_BAIRRO e correlatos,Distrito IBGE 2022,510550710
510550710000009,5105507,Vila Bela da Santíssima Trindade,Aguapeí,IBGE Malha de Setores Censitários 2022 — atributos territoriais CD_BAIRRO/NM_BAIRRO e correlatos,Distrito IBGE 2022,510550710
510550710000010,5105507,Vila Bela da Santíssima Trindade,Aguapeí,IBGE Malha de Setores Censitários 2022 — atributos territoriais CD_BAIRRO/NM_BAIRRO e correlatos,Distrito IBGE 2022,510550710
510550710000011,5105507,Vila Bela da Santíssima Trindade,Santa Clara,IBGE Malha de Setores Censitários 2022 — atributos territoriais CD_BAIRRO/NM_BAIRRO e correlatos,Aglomerado rural IBGE 2022,510550700009
510550710000012,5105507,Vila Bela da Santíssima Trindade,Ricardo Franco,IBGE Malha de Setores Censitários 2022 — atributos territoriais CD_BAIRRO/NM_BAIRRO e correlatos,Aglomerado rural IBGE 2022,510550700008
510550710000013,5105507,Vila Bela da Santíssima Trindade,Aguapeí,IBGE Malha de Setores Censitários 2022 — atributos territoriais CD_BAIRRO/NM_BAIRRO e correlatos,Distrito IBGE 2022,510550710
510550710000014,5105507,Vila Bela da Santíssima Trindade,Aguapeí,IBGE Malha de Setores Censitários 2022 — atributos territoriais CD_BAIRRO/NM_BAIRRO e correlatos,Distrito IBGE 2022,510550710
510550710000015,5105507,Vila Bela da Santíssima Trindade,Aguapeí,IBGE Malha de Setores Censitários 2022 — atributos territoriais CD_BAIRRO/NM_BAIRRO e correlatos,Distrito IBGE 2022,510550710
510550710000016,5105507,Vila Bela da Santíssima Trindade,Aguapeí,IBGE Malha de Setores Censitários 2022 — atributos territoriais CD_BAIRRO/NM_BAIRRO e correlatos,Distrito IBGE 2022,510550710
510550710000017,5105507,Vila Bela da Santíssima Trindade,Aguapeí,IBGE Malha de Setores Censitários 2022 — atributos territoriais CD_BAIRRO/NM_BAIRRO e correlatos,Distrito IBGE 2022,510550710
510550710000018,5105507,Vila Bela da Santíssima Trindade,Aguapeí,IBGE Malha de Setores Censitários 2022 — atributos territoriais CD_BAIRRO/NM_BAIRRO e correlatos,Distrito IBGE 2022,510550710
510550710000019,5105507,Vila Bela da Santíssima Trindade,Aguapeí,IBGE Malha de Setores Censitários 2022 — atributos territoriais CD_BAIRRO/NM_BAIRRO e correlatos,Distrito IBGE 2022,510550710
510550710000020,5105507,Vila Bela da Santíssima Trindade,Aguapeí,IBGE Malha de Setores Censitários 2022 — atributos territoriais CD_BAIRRO/NM_BAIRRO e correlatos,Distrito IBGE 2022,510550710
510550710000021,5105507,Vila Bela da Santíssima Trindade,Aldeia Indígena Chiquitana / Fazendinha,IBGE Malha de Setores Censitários 2022 — atributos territoriais CD_BAIRRO/NM_BAIRRO e correlatos,Aglomerado rural IBGE 2022,510550700011
510550710000022,5105507,Vila Bela da Santíssima Trindade,Aguapeí,IBGE Malha de Setores Censitários 2022 — atributos territoriais CD_BAIRRO/NM_BAIRRO e correlatos,Distrito IBGE 2022,510550710
510558005000017,5105580,Marcelândia,Aldeia Indígena Caiçara,IBGE Malha de Setores Censitários 2022 — atributos territoriais CD_BAIRRO/NM_BAIRRO e correlatos,Aglomerado rural IBGE 2022,510558000001
510558005000018,5105580,Marcelândia,Aldeia Indígena Tubatuba,IBGE Malha de Setores Censitários 2022 — atributos territoriais CD_BAIRRO/NM_BAIRRO e correlatos,Aglomerado rural IBGE 2022,510558000002
510558005000019,5105580,Marcelândia,Aldeia Indígena Aipore,IBGE Malha de Setores Censitários 2022 — atributos territoriais CD_BAIRRO/NM_BAIRRO e correlatos,Aglomerado rural IBGE 2022,510558000003
510558005000020,5105580,Marcelândia,Aldeia Indígena Castanhal,IBGE Malha de Setores Censitários 2022 — atributos territoriais CD_BAIRRO/NM_BAIRRO e correlatos,Aglomerado rural IBGE 2022,510558000004
510558005000023,5105580,Marcelândia,Analândia do Norte,IBGE Malha de Setores Censitários 2022 — atributos territoriais CD_BAIRRO/NM_BAIRRO e correlatos,Aglomerado rural IBGE 2022,510558000005
510558005000024,5105580,Marcelândia,Analândia do Norte,IBGE Malha de Setores Censitários 2022 — atributos territoriais CD_BAIRRO/NM_BAIRRO e correlatos,Aglomerado rural IBGE 2022,510558000005
510558005000035,5105580,Marcelândia,Analândia do Norte,IBGE Malha de Setores Censitários 2022 — atributos territoriais CD_BAIRRO/NM_BAIRRO e correlatos,Aglomerado rural IBGE 2022,510558000005
510558005000037,5105580,Marcelândia,Analândia do Norte,IBGE Malha de Setores Censitários 2022 — atributos territoriais CD_BAIRRO/NM_BAIRRO e correlatos,Aglomerado rural IBGE 2022,510558000005
510558005000055,5105580,Marcelândia,Aldeia Indígena Madika,IBGE Malha de Setores Censitários 2022 — atributos territoriais CD_BAIRRO/NM_BAIRRO e correlatos,Aglomerado rural IBGE 2022,510558000007
510558005000056,5105580,Marcelândia,Aldeia Indígena Parureda,IBGE Malha de Setores Censitários 2022 — atributos territoriais CD_BAIRRO/NM_BAIRRO e correlatos,Aglomerado rural IBGE 2022,510558000008
510558005000064,5105580,Marcelândia,Agrovila do PA Bom Jaguar,IBGE Malha de Setores Censitários 2022 — atributos territoriais CD_BAIRRO/NM_BAIRRO e correlatos,Aglomerado rural IBGE 2022,510558000009
510560605000014,5105606,Matupá,Agrovila do PA Flor da Serra,IBGE Malha de Setores Censitários 2022 — atributos territoriais CD_BAIRRO/NM_BAIRRO e correlatos,Aglomerado rural IBGE 2022,510560600002
510560605000015,5105606,Matupá,Agrovila do PA Sucam,IBGE Malha de Setores Censitários 2022 — atributos territoriais CD_BAIRRO/NM_BAIRRO e correlatos,Aglomerado rural IBGE 2022,510560600001
510560605000044,5105606,Matupá,Aldeia Indígena Poreboo / Poreby,IBGE Malha de Setores Censitários 2022 — atributos territoriais CD_BAIRRO/NM_BAIRRO e correlatos,Aglomerado rural IBGE 2022,510560600005
510560605000046,5105606,Matupá,Comunidade Santo Antônio,IBGE Malha de Setores Censitários 2022 — atributos territoriais CD_BAIRRO/NM_BAIRRO e correlatos,Aglomerado rural IBGE 2022,510560600006
510560605000047,5105606,Matupá,Aldeia Indígena Inamaty / Inamati,IBGE Malha de Setores Censitários 2022 — atributos territoriais CD_BAIRRO/NM_BAIRRO e correlatos,Aglomerado rural IBGE 2022,510560600007
510560605000048,5105606,Matupá,Aldeia Indígena Kuxoneti Pokeé,IBGE Malha de Setores Censitários 2022 — atributos territoriais CD_BAIRRO/NM_BAIRRO e correlatos,Aglomerado rural IBGE 2022,510560600008
510560605000049,5105606,Matupá,Aldeia Indígena Kadjatnhoro,IBGE Malha de Setores Censitários 2022 — atributos territoriais CD_BAIRRO/NM_BAIRRO e correlatos,Aglomerado rural IBGE 2022,510560600009
510560605000050,5105606,Matupá,Aldeia Indígena Turipuku,IBGE Malha de Setores Censitários 2022 — atributos territoriais CD_BAIRRO/NM_BAIRRO e correlatos,Aglomerado rural IBGE 2022,510560600010
510560605000055,5105606,Matupá,Aldeia Indígena Sõkwe,IBGE Malha de Setores Censitários 2022 — atributos territoriais CD_BAIRRO/NM_BAIRRO e correlatos,Aglomerado rural IBGE 2022,510560600011
510562230000001,5105622,Mirassol d'Oeste,Sonho Azul,IBGE Malha de Setores Censitários 2022 — atributos territoriais CD_BAIRRO/NM_BAIRRO e correlatos,Distrito IBGE 2022,510562230
510562230000002,5105622,Mirassol d'Oeste,Sonho Azul,IBGE Malha de Setores Censitários 2022 — atributos territoriais CD_BAIRRO/NM_BAIRRO e correlatos,Distrito IBGE 2022,510562230
510562230000003,5105622,Mirassol d'Oeste,Sonho Azul,IBGE Malha de Setores Censitários 2022 — atributos territoriais CD_BAIRRO/NM_BAIRRO e correlatos,Distrito IBGE 2022,510562230
510590305000001,5105903,Nobres,São José,IBGE Malha de Setores Censitários 2022 — atributos territoriais CD_BAIRRO/NM_BAIRRO e correlatos,Bairro IBGE 2022,5105903001
510590305000002,5105903,Nobres,Centro,IBGE Malha de Setores Censitários 2022 — atributos territoriais CD_BAIRRO/NM_BAIRRO e correlatos,Bairro IBGE 2022,5105903006
510590305000003,5105903,Nobres,Jardim Glória,IBGE Malha de Setores Censitários 2022 — atributos territoriais CD_BAIRRO/NM_BAIRRO e correlatos,Bairro IBGE 2022,5105903008
510590305000004,5105903,Nobres,Serragem,IBGE Malha de Setores Censitários 2022 — atributos territoriais CD_BAIRRO/NM_BAIRRO e correlatos,Bairro IBGE 2022,5105903009
510590305000005,5105903,Nobres,Ponte de Ferro,IBGE Malha de Setores Censitários 2022 — atributos territoriais CD_BAIRRO/NM_BAIRRO e correlatos,Bairro IBGE 2022,5105903010
510590305000006,5105903,Nobres,São José,IBGE Malha de Setores Censitários 2022 — atributos territoriais CD_BAIRRO/NM_BAIRRO e correlatos,Bairro IBGE 2022,5105903001
510590305000011,5105903,Nobres,Centro,IBGE Malha de Setores Censitários 2022 — atributos territoriais CD_BAIRRO/NM_BAIRRO e correlatos,Bairro IBGE 2022,5105903006
510590305000012,5105903,Nobres,Jardim Paraná,IBGE Malha de Setores Censitários 2022 — atributos territoriais CD_BAIRRO/NM_BAIRRO e correlatos,Bairro IBGE 2022,5105903005
510590305000013,5105903,Nobres,Jardim Petrópolis,IBGE Malha de Setores Censitários 2022 — atributos territoriais CD_BAIRRO/NM_BAIRRO e correlatos,Bairro IBGE 2022,5105903012
510590305000017,5105903,Nobres,São José,IBGE Malha de Setores Censitários 2022 — atributos territoriais CD_BAIRRO/NM_BAIRRO e correlatos,Bairro IBGE 2022,5105903001
510590305000018,5105903,Nobres,São José,IBGE Malha de Setores Censitários 2022 — atributos territoriais CD_BAIRRO/NM_BAIRRO e correlatos,Bairro IBGE 2022,5105903001
510590305000019,5105903,Nobres,São José,IBGE Malha de Setores Censitários 2022 — atributos territoriais CD_BAIRRO/NM_BAIRRO e correlatos,Bairro IBGE 2022,5105903001
510590305000020,5105903,Nobres,Jardim Carolina,IBGE Malha de Setores Censitários 2022 — atributos territoriais CD_BAIRRO/NM_BAIRRO e correlatos,Bairro IBGE 2022,5105903004
510590305000021,5105903,Nobres,Jardim Carolina,IBGE Malha de Setores Censitários 2022 — atributos territoriais CD_BAIRRO/NM_BAIRRO e correlatos,Bairro IBGE 2022,5105903004
510590305000022,5105903,Nobres,Jardim Carolina,IBGE Malha de Setores Censitários 2022 — atributos territoriais CD_BAIRRO/NM_BAIRRO e correlatos,Bairro IBGE 2022,5105903004
510590305000023,5105903,Nobres,Jardim Paraná,IBGE Malha de Setores Censitários 2022 — atributos territoriais CD_BAIRRO/NM_BAIRRO e correlatos,Bairro IBGE 2022,5105903005
510590305000024,5105903,Nobres,Centro,IBGE Malha de Setores Censitários 2022 — atributos territoriais CD_BAIRRO/NM_BAIRRO e correlatos,Bairro IBGE 2022,5105903006
510590305000025,5105903,Nobres,Aeroporto,IBGE Malha de Setores Censitários 2022 — atributos territoriais CD_BAIRRO/NM_BAIRRO e correlatos,Bairro IBGE 2022,5105903007
510590305000026,5105903,Nobres,Aeroporto,IBGE Malha de Setores Censitários 2022 — atributos territoriais CD_BAIRRO/NM_BAIRRO e correlatos,Bairro IBGE 2022,5105903007
510590305000027,5105903,Nobres,Jardim Glória,IBGE Malha de Setores Censitários 2022 — atributos territoriais CD_BAIRRO/NM_BAIRRO e correlatos,Bairro IBGE 2022,5105903008
510590305000028,5105903,Nobres,Jardim Glória,IBGE Malha de Setores Censitários 2022 — atributos territoriais CD_BAIRRO/NM_BAIRRO e correlatos,Bairro IBGE 2022,5105903008
510590305000029,5105903,Nobres,Ponte de Ferro,IBGE Malha de Setores Censitários 2022 — atributos territoriais CD_BAIRRO/NM_BAIRRO e correlatos,Bairro IBGE 2022,5105903010
510590305000030,5105903,Nobres,Jardim Petrópolis,IBGE Malha de Setores Censitários 2022 — atributos territoriais CD_BAIRRO/NM_BAIRRO e correlatos,Bairro IBGE 2022,5105903012
510590305000031,5105903,Nobres,Jardim Petrópolis,IBGE Malha de Setores Censitários 2022 — atributos territoriais CD_BAIRRO/NM_BAIRRO e correlatos,Bairro IBGE 2022,5105903012
510590305000032,5105903,Nobres,Residencial Pôr do Sol,IBGE Malha de Setores Censitários 2022 — atributos territoriais CD_BAIRRO/NM_BAIRRO e correlatos,Bairro IBGE 2022,5105903013
510590306000001,5105903,Nobres,Bom Jardim,IBGE Malha de Setores Censitários 2022 — atributos territoriais CD_BAIRRO/NM_BAIRRO e correlatos,Distrito IBGE 2022,510590306
510590306000002,5105903,Nobres,Bom Jardim,IBGE Malha de Setores Censitários 2022 — atributos territoriais CD_BAIRRO/NM_BAIRRO e correlatos,Distrito IBGE 2022,510590306
510590306000003,5105903,Nobres,Bom Jardim,IBGE Malha de Setores Censitários 2022 — atributos territoriais CD_BAIRRO/NM_BAIRRO e correlatos,Distrito IBGE 2022,510590306
510590306000004,5105903,Nobres,Bom Jardim,IBGE Malha de Setores Censitários 2022 — atributos territoriais CD_BAIRRO/NM_BAIRRO e correlatos,Distrito IBGE 2022,510590306
510590306000005,5105903,Nobres,Bom Jardim,IBGE Malha de Setores Censitários 2022 — atributos territoriais CD_BAIRRO/NM_BAIRRO e correlatos,Distrito IBGE 2022,510590306
510590306000006,5105903,Nobres,Bom Jardim,IBGE Malha de Setores Censitários 2022 — atributos territoriais CD_BAIRRO/NM_BAIRRO e correlatos,Distrito IBGE 2022,510590306
510590306000007,5105903,Nobres,Bom Jardim,IBGE Malha de Setores Censitários 2022 — atributos territoriais CD_BAIRRO/NM_BAIRRO e correlatos,Distrito IBGE 2022,510590306
510590306000008,5105903,Nobres,Bom Jardim,IBGE Malha de Setores Censitários 2022 — atributos territoriais CD_BAIRRO/NM_BAIRRO e correlatos,Distrito IBGE 2022,510590306
510590306000009,5105903,Nobres,Bom Jardim,IBGE Malha de Setores Censitários 2022 — atributos territoriais CD_BAIRRO/NM_BAIRRO e correlatos,Distrito IBGE 2022,510590306
510590306000010,5105903,Nobres,Aldeia Indígena Santana,IBGE Malha de Setores Censitários 2022 — atributos territoriais CD_BAIRRO/NM_BAIRRO e correlatos,Aglomerado rural IBGE 2022,510590300001
510590306000011,5105903,Nobres,Aldeia Indígena Nova Canaã,IBGE Malha de Setores Censitários 2022 — atributos territoriais CD_BAIRRO/NM_BAIRRO e correlatos,Aglomerado rural IBGE 2022,510590300004
510590307000001,5105903,Nobres,Coqueiral,IBGE Malha de Setores Censitários 2022 — atributos territoriais CD_BAIRRO/NM_BAIRRO e correlatos,Distrito IBGE 2022,510590307
510590307000002,5105903,Nobres,Coqueiral,IBGE Malha de Setores Censitários 2022 — atributos territoriais CD_BAIRRO/NM_BAIRRO e correlatos,Distrito IBGE 2022,510590307
510590307000003,5105903,Nobres,Coqueiral,IBGE Malha de Setores Censitários 2022 — atributos territoriais CD_BAIRRO/NM_BAIRRO e correlatos,Distrito IBGE 2022,510590307
510590307000004,5105903,Nobres,Coqueiral,IBGE Malha de Setores Censitários 2022 — atributos territoriais CD_BAIRRO/NM_BAIRRO e correlatos,Distrito IBGE 2022,510590307
510590307000005,5105903,Nobres,Coqueiral,IBGE Malha de Setores Censitários 2022 — atributos territoriais CD_BAIRRO/NM_BAIRRO e correlatos,Distrito IBGE 2022,510590307
510590307000006,5105903,Nobres,Coqueiral,IBGE Malha de Setores Censitários 2022 — atributos territoriais CD_BAIRRO/NM_BAIRRO e correlatos,Distrito IBGE 2022,510590307
510590307000009,5105903,Nobres,Coqueiral,IBGE Malha de Setores Censitários 2022 — atributos territoriais CD_BAIRRO/NM_BAIRRO e correlatos,Distrito IBGE 2022,510590307
510590307000010,5105903,Nobres,Coqueiral,IBGE Malha de Setores Censitários 2022 — atributos territoriais CD_BAIRRO/NM_BAIRRO e correlatos,Distrito IBGE 2022,510590307
510590307000011,5105903,Nobres,Coqueiral,IBGE Malha de Setores Censitários 2022 — atributos territoriais CD_BAIRRO/NM_BAIRRO e correlatos,Distrito IBGE 2022,510590307
510600005000001,5106000,Nortelândia,Centro,IBGE Malha de Setores Censitários 2022 — atributos territoriais CD_BAIRRO/NM_BAIRRO e correlatos,Bairro IBGE 2022,5106000001
510600005000002,5106000,Nortelândia,Centro,IBGE Malha de Setores Censitários 2022 — atributos territoriais CD_BAIRRO/NM_BAIRRO e correlatos,Bairro IBGE 2022,5106000001
510600005000003,5106000,Nortelândia,Centro,IBGE Malha de Setores Censitários 2022 — atributos territoriais CD_BAIRRO/NM_BAIRRO e correlatos,Bairro IBGE 2022,5106000001
510600005000004,5106000,Nortelândia,Centro,IBGE Malha de Setores Censitários 2022 — atributos territoriais CD_BAIRRO/NM_BAIRRO e correlatos,Bairro IBGE 2022,5106000001
510600005000005,5106000,Nortelândia,da Ponte,IBGE Malha de Setores Censitários 2022 — atributos territoriais CD_BAIRRO/NM_BAIRRO e correlatos,Bairro IBGE 2022,5106000002
510600005000006,5106000,Nortelândia,da Ponte,IBGE Malha de Setores Censitários 2022 — atributos territoriais CD_BAIRRO/NM_BAIRRO e correlatos,Bairro IBGE 2022,5106000002
510600005000007,5106000,Nortelândia,da Ponte,IBGE Malha de Setores Censitários 2022 — atributos territoriais CD_BAIRRO/NM_BAIRRO e correlatos,Bairro IBGE 2022,5106000002
510600005000008,5106000,Nortelândia,da Ponte,IBGE Malha de Setores Censitários 2022 — atributos territoriais CD_BAIRRO/NM_BAIRRO e correlatos,Bairro IBGE 2022,5106000002
510600005000009,5106000,Nortelândia,da Ponte,IBGE Malha de Setores Censitários 2022 — atributos territoriais CD_BAIRRO/NM_BAIRRO e correlatos,Bairro IBGE 2022,5106000002
510600005000010,5106000,Nortelândia,Novo Horizonte,IBGE Malha de Setores Censitários 2022 — atributos territoriais CD_BAIRRO/NM_BAIRRO e correlatos,Bairro IBGE 2022,5106000003
510600005000011,5106000,Nortelândia,Novo Horizonte,IBGE Malha de Setores Censitários 2022 — atributos territoriais CD_BAIRRO/NM_BAIRRO e correlatos,Bairro IBGE 2022,5106000003
510600005000014,5106000,Nortelândia,Santo Antônio,IBGE Malha de Setores Censitários 2022 — atributos territoriais CD_BAIRRO/NM_BAIRRO e correlatos,Bairro IBGE 2022,5106000004
510600005000015,5106000,Nortelândia,Santo Antônio,IBGE Malha de Setores Censitários 2022 — atributos territoriais CD_BAIRRO/NM_BAIRRO e correlatos,Bairro IBGE 2022,5106000004
510600005000019,5106000,Nortelândia,Joaquim da Silva,IBGE Malha de Setores Censitários 2022 — atributos territoriais CD_BAIRRO/NM_BAIRRO e correlatos,Bairro IBGE 2022,5106000006
510600005000020,5106000,Nortelândia,Joaquim da Silva,IBGE Malha de Setores Censitários 2022 — atributos territoriais CD_BAIRRO/NM_BAIRRO e correlatos,Bairro IBGE 2022,5106000006
510600005000021,5106000,Nortelândia,Joaquim da Silva,IBGE Malha de Setores Censitários 2022 — atributos territoriais CD_BAIRRO/NM_BAIRRO e correlatos,Bairro IBGE 2022,5106000006
510600005000025,5106000,Nortelândia,Bandeirantes,IBGE Malha de Setores Censitários 2022 — atributos territoriais CD_BAIRRO/NM_BAIRRO e correlatos,Bairro IBGE 2022,5106000007
510600005000026,5106000,Nortelândia,Bandeirantes,IBGE Malha de Setores Censitários 2022 — atributos territoriais CD_BAIRRO/NM_BAIRRO e correlatos,Bairro IBGE 2022,5106000007
510600005000027,5106000,Nortelândia,Bandeirantes,IBGE Malha de Setores Censitários 2022 — atributos territoriais CD_BAIRRO/NM_BAIRRO e correlatos,Bairro IBGE 2022,5106000007
510600005000033,5106000,Nortelândia,Tapirapuã,IBGE Malha de Setores Censitários 2022 — atributos territoriais CD_BAIRRO/NM_BAIRRO e correlatos,Bairro IBGE 2022,5106000005
510600005000034,5106000,Nortelândia,Joaquim da Silva,IBGE Malha de Setores Censitários 2022 — atributos territoriais CD_BAIRRO/NM_BAIRRO e correlatos,Bairro IBGE 2022,5106000006
510610910000001,5106109,Nossa Senhora do Livramento,Pirizal,IBGE Malha de Setores Censitários 2022 — atributos territoriais CD_BAIRRO/NM_BAIRRO e correlatos,Distrito IBGE 2022,510610910
510610910000002,5106109,Nossa Senhora do Livramento,Pirizal,IBGE Malha de Setores Censitários 2022 — atributos territoriais CD_BAIRRO/NM_BAIRRO e correlatos,Distrito IBGE 2022,510610910
510610910000003,5106109,Nossa Senhora do Livramento,Pirizal,IBGE Malha de Setores Censitários 2022 — atributos territoriais CD_BAIRRO/NM_BAIRRO e correlatos,Distrito IBGE 2022,510610910
510610910000004,5106109,Nossa Senhora do Livramento,Pirizal,IBGE Malha de Setores Censitários 2022 — atributos territoriais CD_BAIRRO/NM_BAIRRO e correlatos,Distrito IBGE 2022,510610910
510610913000001,5106109,Nossa Senhora do Livramento,Ribeirão dos Cocais,IBGE Malha de Setores Censitários 2022 — atributos territoriais CD_BAIRRO/NM_BAIRRO e correlatos,Distrito IBGE 2022,510610913
510610913000002,5106109,Nossa Senhora do Livramento,Ribeirão dos Cocais,IBGE Malha de Setores Censitários 2022 — atributos territoriais CD_BAIRRO/NM_BAIRRO e correlatos,Distrito IBGE 2022,510610913
510610913000003,5106109,Nossa Senhora do Livramento,Ribeirão dos Cocais,IBGE Malha de Setores Censitários 2022 — atributos territoriais CD_BAIRRO/NM_BAIRRO e correlatos,Distrito IBGE 2022,510610913
510610913000004,5106109,Nossa Senhora do Livramento,Ribeirão dos Cocais,IBGE Malha de Setores Censitários 2022 — atributos territoriais CD_BAIRRO/NM_BAIRRO e correlatos,Distrito IBGE 2022,510610913
510610913000005,5106109,Nossa Senhora do Livramento,Ribeirão dos Cocais,IBGE Malha de Setores Censitários 2022 — atributos territoriais CD_BAIRRO/NM_BAIRRO e correlatos,Distrito IBGE 2022,510610913
510610913000006,5106109,Nossa Senhora do Livramento,Ribeirão dos Cocais,IBGE Malha de Setores Censitários 2022 — atributos territoriais CD_BAIRRO/NM_BAIRRO e correlatos,Distrito IBGE 2022,510610913
510610913000007,5106109,Nossa Senhora do Livramento,Ribeirão dos Cocais,IBGE Malha de Setores Censitários 2022 — atributos territoriais CD_BAIRRO/NM_BAIRRO e correlatos,Distrito IBGE 2022,510610913
510610913000008,5106109,Nossa Senhora do Livramento,Ribeirão dos Cocais,IBGE Malha de Setores Censitários 2022 — atributos territoriais CD_BAIRRO/NM_BAIRRO e correlatos,Distrito IBGE 2022,510610913
510610913000009,5106109,Nossa Senhora do Livramento,Ribeirão dos Cocais,IBGE Malha de Setores Censitários 2022 — atributos territoriais CD_BAIRRO/NM_BAIRRO e correlatos,Distrito IBGE 2022,510610913
510610913000010,5106109,Nossa Senhora do Livramento,Ribeirão dos Cocais,IBGE Malha de Setores Censitários 2022 — atributos territoriais CD_BAIRRO/NM_BAIRRO e correlatos,Distrito IBGE 2022,510610913
510610913000011,5106109,Nossa Senhora do Livramento,Ribeirão dos Cocais,IBGE Malha de Setores Censitários 2022 — atributos territoriais CD_BAIRRO/NM_BAIRRO e correlatos,Distrito IBGE 2022,510610913
510610915000001,5106109,Nossa Senhora do Livramento,Faval,IBGE Malha de Setores Censitários 2022 — atributos territoriais CD_BAIRRO/NM_BAIRRO e correlatos,Distrito IBGE 2022,510610915
510610915000002,5106109,Nossa Senhora do Livramento,Faval,IBGE Malha de Setores Censitários 2022 — atributos territoriais CD_BAIRRO/NM_BAIRRO e correlatos,Distrito IBGE 2022,510610915
510610915000003,5106109,Nossa Senhora do Livramento,Faval,IBGE Malha de Setores Censitários 2022 — atributos territoriais CD_BAIRRO/NM_BAIRRO e correlatos,Distrito IBGE 2022,510610915
510610915000004,5106109,Nossa Senhora do Livramento,Faval,IBGE Malha de Setores Censitários 2022 — atributos territoriais CD_BAIRRO/NM_BAIRRO e correlatos,Distrito IBGE 2022,510610915
510610915000005,5106109,Nossa Senhora do Livramento,Faval,IBGE Malha de Setores Censitários 2022 — atributos territoriais CD_BAIRRO/NM_BAIRRO e correlatos,Distrito IBGE 2022,510610915
510610915000006,5106109,Nossa Senhora do Livramento,Faval,IBGE Malha de Setores Censitários 2022 — atributos territoriais CD_BAIRRO/NM_BAIRRO e correlatos,Distrito IBGE 2022,510610915
510610915000007,5106109,Nossa Senhora do Livramento,Faval,IBGE Malha de Setores Censitários 2022 — atributos territoriais CD_BAIRRO/NM_BAIRRO e correlatos,Distrito IBGE 2022,510610915
510610915000008,5106109,Nossa Senhora do Livramento,Faval,IBGE Malha de Setores Censitários 2022 — atributos territoriais CD_BAIRRO/NM_BAIRRO e correlatos,Distrito IBGE 2022,510610915
510610915000009,5106109,Nossa Senhora do Livramento,Agrovila do PA Sadia 3,IBGE Malha de Setores Censitários 2022 — atributos territoriais CD_BAIRRO/NM_BAIRRO e correlatos,Aglomerado rural IBGE 2022,510610900001
510615810000001,5106158,Nova Bandeirantes,Japuranã,IBGE Malha de Setores Censitários 2022 — atributos territoriais CD_BAIRRO/NM_BAIRRO e correlatos,Distrito IBGE 2022,510615810
510615810000002,5106158,Nova Bandeirantes,Japuranã,IBGE Malha de Setores Censitários 2022 — atributos territoriais CD_BAIRRO/NM_BAIRRO e correlatos,Distrito IBGE 2022,510615810
510615810000003,5106158,Nova Bandeirantes,Japuranã,IBGE Malha de Setores Censitários 2022 — atributos territoriais CD_BAIRRO/NM_BAIRRO e correlatos,Distrito IBGE 2022,510615810
510615810000004,5106158,Nova Bandeirantes,Japuranã,IBGE Malha de Setores Censitários 2022 — atributos territoriais CD_BAIRRO/NM_BAIRRO e correlatos,Distrito IBGE 2022,510615810
510615810000005,5106158,Nova Bandeirantes,Japuranã,IBGE Malha de Setores Censitários 2022 — atributos territoriais CD_BAIRRO/NM_BAIRRO e correlatos,Distrito IBGE 2022,510615810
510615810000006,5106158,Nova Bandeirantes,Japuranã,IBGE Malha de Setores Censitários 2022 — atributos territoriais CD_BAIRRO/NM_BAIRRO e correlatos,Distrito IBGE 2022,510615810
510615810000007,5106158,Nova Bandeirantes,Japuranã,IBGE Malha de Setores Censitários 2022 — atributos territoriais CD_BAIRRO/NM_BAIRRO e correlatos,Distrito IBGE 2022,510615810
510615810000008,5106158,Nova Bandeirantes,Agrovila do PA Paraíso do Norte,IBGE Malha de Setores Censitários 2022 — atributos territoriais CD_BAIRRO/NM_BAIRRO e correlatos,Aglomerado rural IBGE 2022,510615800001
510615810000009,5106158,Nova Bandeirantes,Japuranã,IBGE Malha de Setores Censitários 2022 — atributos territoriais CD_BAIRRO/NM_BAIRRO e correlatos,Distrito IBGE 2022,510615810
510615810000011,5106158,Nova Bandeirantes,Japuranã,IBGE Malha de Setores Censitários 2022 — atributos territoriais CD_BAIRRO/NM_BAIRRO e correlatos,Distrito IBGE 2022,510615810
510615810000012,5106158,Nova Bandeirantes,Japuranã,IBGE Malha de Setores Censitários 2022 — atributos territoriais CD_BAIRRO/NM_BAIRRO e correlatos,Distrito IBGE 2022,510615810
510615810000013,5106158,Nova Bandeirantes,Japuranã,IBGE Malha de Setores Censitários 2022 — atributos territoriais CD_BAIRRO/NM_BAIRRO e correlatos,Distrito IBGE 2022,510615810
510615810000014,5106158,Nova Bandeirantes,Japuranã,IBGE Malha de Setores Censitários 2022 — atributos territoriais CD_BAIRRO/NM_BAIRRO e correlatos,Distrito IBGE 2022,510615810
510617405000006,5106174,Nova Nazaré,Aldeia Indígena Tritopa,IBGE Malha de Setores Censitários 2022 — atributos territoriais CD_BAIRRO/NM_BAIRRO e correlatos,Aglomerado rural IBGE 2022,510617400002
510617405000008,5106174,Nova Nazaré,Aldeia Indígena Cachoeira,IBGE Malha de Setores Censitários 2022 — atributos territoriais CD_BAIRRO/NM_BAIRRO e correlatos,Aglomerado rural IBGE 2022,510617400007
510617405000009,5106174,Nova Nazaré,Aldeia Indígena Mutum,IBGE Malha de Setores Censitários 2022 — atributos territoriais CD_BAIRRO/NM_BAIRRO e correlatos,Aglomerado rural IBGE 2022,510617400006
510617405000010,5106174,Nova Nazaré,Aldeia Indígena Dois Galhos,IBGE Malha de Setores Censitários 2022 — atributos territoriais CD_BAIRRO/NM_BAIRRO e correlatos,Aglomerado rural IBGE 2022,510617400005
510617405000011,5106174,Nova Nazaré,Aldeia Indígena Buriti ou Buritirana,IBGE Malha de Setores Censitários 2022 — atributos territoriais CD_BAIRRO/NM_BAIRRO e correlatos,Aglomerado rural IBGE 2022,510617400004
510617405000016,5106174,Nova Nazaré,Aldeia Indígena Santa Rita,IBGE Malha de Setores Censitários 2022 — atributos territoriais CD_BAIRRO/NM_BAIRRO e correlatos,Aglomerado rural IBGE 2022,510617400019
510617405000018,5106174,Nova Nazaré,Aldeia Indígena Pedra Branca,IBGE Malha de Setores Censitários 2022 — atributos territoriais CD_BAIRRO/NM_BAIRRO e correlatos,Aglomerado rural IBGE 2022,510617400012
510617405000019,5106174,Nova Nazaré,Aldeia Indígena Maireá / Maereá / Maereiá,IBGE Malha de Setores Censitários 2022 — atributos territoriais CD_BAIRRO/NM_BAIRRO e correlatos,Aglomerado rural IBGE 2022,510617400016
510617405000020,5106174,Nova Nazaré,Aldeia Indígena Piqui,IBGE Malha de Setores Censitários 2022 — atributos territoriais CD_BAIRRO/NM_BAIRRO e correlatos,Aglomerado rural IBGE 2022,510617400017
510617405000021,5106174,Nova Nazaré,Aldeia Indígena Cristalino,IBGE Malha de Setores Censitários 2022 — atributos territoriais CD_BAIRRO/NM_BAIRRO e correlatos,Aglomerado rural IBGE 2022,510617400018
510617405000022,5106174,Nova Nazaré,Aldeia Indígena Santana,IBGE Malha de Setores Censitários 2022 — atributos territoriais CD_BAIRRO/NM_BAIRRO e correlatos,Aglomerado rural IBGE 2022,510617400010
510617405000023,5106174,Nova Nazaré,Aldeia Indígena Santa Terezinha,IBGE Malha de Setores Censitários 2022 — atributos territoriais CD_BAIRRO/NM_BAIRRO e correlatos,Aglomerado rural IBGE 2022,510617400013
510617405000024,5106174,Nova Nazaré,Aldeia Indígena Lagoa Grande,IBGE Malha de Setores Censitários 2022 — atributos territoriais CD_BAIRRO/NM_BAIRRO e correlatos,Aglomerado rural IBGE 2022,510617400014
510617405000025,5106174,Nova Nazaré,Aldeia Indígena Ubaireré (Nova Vida) / Ubariré (Nova Vida),IBGE Malha de Setores Censitários 2022 — atributos territoriais CD_BAIRRO/NM_BAIRRO e correlatos,Aglomerado rural IBGE 2022,510617400015
510617405000032,5106174,Nova Nazaré,Aldeia Indígena Alegria,IBGE Malha de Setores Censitários 2022 — atributos territoriais CD_BAIRRO/NM_BAIRRO e correlatos,Aglomerado rural IBGE 2022,510617400020
510617405000033,5106174,Nova Nazaré,Aldeia Indígena Nova Esperança,IBGE Malha de Setores Censitários 2022 — atributos territoriais CD_BAIRRO/NM_BAIRRO e correlatos,Aglomerado rural IBGE 2022,510617400021
510617405000035,5106174,Nova Nazaré,Aldeia Indígena Jerusalém,IBGE Malha de Setores Censitários 2022 — atributos territoriais CD_BAIRRO/NM_BAIRRO e correlatos,Aglomerado rural IBGE 2022,510617400022
510617405000036,5106174,Nova Nazaré,Aldeia Indígena Buritizal / Norowede,IBGE Malha de Setores Censitários 2022 — atributos territoriais CD_BAIRRO/NM_BAIRRO e correlatos,Aglomerado rural IBGE 2022,510617400023
510617405000037,5106174,Nova Nazaré,Aldeia Indígena Jesus Maria José,IBGE Malha de Setores Censitários 2022 — atributos territoriais CD_BAIRRO/NM_BAIRRO e correlatos,Aglomerado rural IBGE 2022,510617400024
510617405000038,5106174,Nova Nazaré,Aldeia Indígena Campo Alegre,IBGE Malha de Setores Censitários 2022 — atributos territoriais CD_BAIRRO/NM_BAIRRO e correlatos,Aglomerado rural IBGE 2022,510617400025
510617405000039,5106174,Nova Nazaré,Aldeia Indígena Muita Paz,IBGE Malha de Setores Censitários 2022 — atributos territoriais CD_BAIRRO/NM_BAIRRO e correlatos,Aglomerado rural IBGE 2022,510617400026
510617405000040,5106174,Nova Nazaré,Aldeia Indígena Tangará da Serra,IBGE Malha de Setores Censitários 2022 — atributos territoriais CD_BAIRRO/NM_BAIRRO e correlatos,Aglomerado rural IBGE 2022,510617400027
510617405000041,5106174,Nova Nazaré,Aldeia Indígena Santa Mina,IBGE Malha de Setores Censitários 2022 — atributos territoriais CD_BAIRRO/NM_BAIRRO e correlatos,Aglomerado rural IBGE 2022,510617400028
510617405000042,5106174,Nova Nazaré,Aldeia Indígena Hate ou Rairate,IBGE Malha de Setores Censitários 2022 — atributos territoriais CD_BAIRRO/NM_BAIRRO e correlatos,Aglomerado rural IBGE 2022,510617400029
510617405000043,5106174,Nova Nazaré,Aldeia Indígena Feliz Natal,IBGE Malha de Setores Censitários 2022 — atributos territoriais CD_BAIRRO/NM_BAIRRO e correlatos,Aglomerado rural IBGE 2022,510617400030
510617405000045,5106174,Nova Nazaré,Aldeia Indígena São Cristovão,IBGE Malha de Setores Censitários 2022 — atributos territoriais CD_BAIRRO/NM_BAIRRO e correlatos,Aglomerado rural IBGE 2022,510617400031
510617405000048,5106174,Nova Nazaré,Aldeia Indígena Salvador,IBGE Malha de Setores Censitários 2022 — atributos territoriais CD_BAIRRO/NM_BAIRRO e correlatos,Aglomerado rural IBGE 2022,510617400040
510617405000049,5106174,Nova Nazaré,Aldeia Indígena jeová,IBGE Malha de Setores Censitários 2022 — atributos territoriais CD_BAIRRO/NM_BAIRRO e correlatos,Aglomerado rural IBGE 2022,510617400041
510617405000050,5106174,Nova Nazaré,Aldeia Indígena Nova Acui,IBGE Malha de Setores Censitários 2022 — atributos territoriais CD_BAIRRO/NM_BAIRRO e correlatos,Aglomerado rural IBGE 2022,510617400042
510617405000052,5106174,Nova Nazaré,Aldeia Indígena São Jesus Cristo,IBGE Malha de Setores Censitários 2022 — atributos territoriais CD_BAIRRO/NM_BAIRRO e correlatos,Aglomerado rural IBGE 2022,510617400043
510617405000053,5106174,Nova Nazaré,Aldeia Indígena Bom Jesus,IBGE Malha de Setores Censitários 2022 — atributos territoriais CD_BAIRRO/NM_BAIRRO e correlatos,Aglomerado rural IBGE 2022,510617400032
510617405000054,5106174,Nova Nazaré,Aldeia Indígena Novo Tempo,IBGE Malha de Setores Censitários 2022 — atributos territoriais CD_BAIRRO/NM_BAIRRO e correlatos,Aglomerado rural IBGE 2022,510617400036
510617405000055,5106174,Nova Nazaré,Aldeia Indígena Santa Glória,IBGE Malha de Setores Censitários 2022 — atributos territoriais CD_BAIRRO/NM_BAIRRO e correlatos,Aglomerado rural IBGE 2022,510617400033
510617405000056,5106174,Nova Nazaré,Aldeia Indígena Santa Fé,IBGE Malha de Setores Censitários 2022 — atributos territoriais CD_BAIRRO/NM_BAIRRO e correlatos,Aglomerado rural IBGE 2022,510617400034
510617405000057,5106174,Nova Nazaré,Aldeia Indígena Pequi,IBGE Malha de Setores Censitários 2022 — atributos territoriais CD_BAIRRO/NM_BAIRRO e correlatos,Aglomerado rural IBGE 2022,510617400035
510617405000058,5106174,Nova Nazaré,Aldeia Indígena Serra Verde,IBGE Malha de Setores Censitários 2022 — atributos territoriais CD_BAIRRO/NM_BAIRRO e correlatos,Aglomerado rural IBGE 2022,510617400037
510617405000059,5106174,Nova Nazaré,Aldeia Indígena Nova Aliança,IBGE Malha de Setores Censitários 2022 — atributos territoriais CD_BAIRRO/NM_BAIRRO e correlatos,Aglomerado rural IBGE 2022,510617400038
510617405000060,5106174,Nova Nazaré,Aldeia Indígena Água Viva,IBGE Malha de Setores Censitários 2022 — atributos territoriais CD_BAIRRO/NM_BAIRRO e correlatos,Aglomerado rural IBGE 2022,510617400039
510618205000009,5106182,Nova Lacerda,Aldeia Indígena Bacurizal Wasusu,IBGE Malha de Setores Censitários 2022 — atributos territoriais CD_BAIRRO/NM_BAIRRO e correlatos,Aglomerado rural IBGE 2022,510618200002
510618205000028,5106182,Nova Lacerda,Aldeia Indígena Nanbikuara Alantesu Central,IBGE Malha de Setores Censitários 2022 — atributos territoriais CD_BAIRRO/NM_BAIRRO e correlatos,Aglomerado rural IBGE 2022,510618200004
510618205000029,5106182,Nova Lacerda,Aldeia Indígena Alantesu-Sorano Waikisu,IBGE Malha de Setores Censitários 2022 — atributos territoriais CD_BAIRRO/NM_BAIRRO e correlatos,Aglomerado rural IBGE 2022,510618200005
510619005000004,5106190,Nova Santa Helena,Vila Atlântica,IBGE Malha de Setores Censitários 2022 — atributos territoriais CD_BAIRRO/NM_BAIRRO e correlatos,Aglomerado rural IBGE 2022,510619000001
510620810000001,5106208,Nova Brasilândia,Riolândia,IBGE Malha de Setores Censitários 2022 — atributos territoriais CD_BAIRRO/NM_BAIRRO e correlatos,Distrito IBGE 2022,510620810
510620810000003,5106208,Nova Brasilândia,Riolândia,IBGE Malha de Setores Censitários 2022 — atributos territoriais CD_BAIRRO/NM_BAIRRO e correlatos,Distrito IBGE 2022,510620810
510620810000004,5106208,Nova Brasilândia,Riolândia,IBGE Malha de Setores Censitários 2022 — atributos territoriais CD_BAIRRO/NM_BAIRRO e correlatos,Distrito IBGE 2022,510620810
510620810000005,5106208,Nova Brasilândia,Riolândia,IBGE Malha de Setores Censitários 2022 — atributos territoriais CD_BAIRRO/NM_BAIRRO e correlatos,Distrito IBGE 2022,510620810
510620810000007,5106208,Nova Brasilândia,Riolândia,IBGE Malha de Setores Censitários 2022 — atributos territoriais CD_BAIRRO/NM_BAIRRO e correlatos,Distrito IBGE 2022,510620810
510620810000008,5106208,Nova Brasilândia,Assentamento Serra Azul,IBGE Malha de Setores Censitários 2022 — atributos territoriais CD_BAIRRO/NM_BAIRRO e correlatos,Aglomerado rural IBGE 2022,510620800001
510621610000001,5106216,Nova Canaã do Norte,Colorado do Norte,IBGE Malha de Setores Censitários 2022 — atributos territoriais CD_BAIRRO/NM_BAIRRO e correlatos,Distrito IBGE 2022,510621610
510621610000002,5106216,Nova Canaã do Norte,Colorado do Norte,IBGE Malha de Setores Censitários 2022 — atributos territoriais CD_BAIRRO/NM_BAIRRO e correlatos,Distrito IBGE 2022,510621610
510621610000003,5106216,Nova Canaã do Norte,Colorado do Norte,IBGE Malha de Setores Censitários 2022 — atributos territoriais CD_BAIRRO/NM_BAIRRO e correlatos,Distrito IBGE 2022,510621610
510621610000005,5106216,Nova Canaã do Norte,Colorado do Norte,IBGE Malha de Setores Censitários 2022 — atributos territoriais CD_BAIRRO/NM_BAIRRO e correlatos,Distrito IBGE 2022,510621610
510621610000006,5106216,Nova Canaã do Norte,Agrovila do PA Flor da Serra,IBGE Malha de Setores Censitários 2022 — atributos territoriais CD_BAIRRO/NM_BAIRRO e correlatos,Aglomerado rural IBGE 2022,510621600002
510621615000001,5106216,Nova Canaã do Norte,Ouro Branco,IBGE Malha de Setores Censitários 2022 — atributos territoriais CD_BAIRRO/NM_BAIRRO e correlatos,Distrito IBGE 2022,510621615
510621615000002,5106216,Nova Canaã do Norte,Ouro Branco,IBGE Malha de Setores Censitários 2022 — atributos territoriais CD_BAIRRO/NM_BAIRRO e correlatos,Distrito IBGE 2022,510621615
510621615000003,5106216,Nova Canaã do Norte,Ouro Branco,IBGE Malha de Setores Censitários 2022 — atributos territoriais CD_BAIRRO/NM_BAIRRO e correlatos,Distrito IBGE 2022,510621615
510621615000004,5106216,Nova Canaã do Norte,Ouro Branco,IBGE Malha de Setores Censitários 2022 — atributos territoriais CD_BAIRRO/NM_BAIRRO e correlatos,Distrito IBGE 2022,510621615
510621615000005,5106216,Nova Canaã do Norte,Ouro Branco,IBGE Malha de Setores Censitários 2022 — atributos territoriais CD_BAIRRO/NM_BAIRRO e correlatos,Distrito IBGE 2022,510621615
510622405000001,5106224,Nova Mutum,Colina II,IBGE Malha de Setores Censitários 2022 — atributos territoriais CD_BAIRRO/NM_BAIRRO e correlatos,Bairro IBGE 2022,5106224011
510622405000003,5106224,Nova Mutum,Centro,IBGE Malha de Setores Censitários 2022 — atributos territoriais CD_BAIRRO/NM_BAIRRO e correlatos,Bairro IBGE 2022,5106224001
510622405000004,5106224,Nova Mutum,Centro,IBGE Malha de Setores Censitários 2022 — atributos territoriais CD_BAIRRO/NM_BAIRRO e correlatos,Bairro IBGE 2022,5106224001
510622405000005,5106224,Nova Mutum,Jardim das Orquídeas,IBGE Malha de Setores Censitários 2022 — atributos territoriais CD_BAIRRO/NM_BAIRRO e correlatos,Bairro IBGE 2022,5106224003
510622405000006,5106224,Nova Mutum,Reserva Técnica,IBGE Malha de Setores Censitários 2022 — atributos territoriais CD_BAIRRO/NM_BAIRRO e correlatos,Bairro IBGE 2022,5106224007
510622405000008,5106224,Nova Mutum,Centro,IBGE Malha de Setores Censitários 2022 — atributos territoriais CD_BAIRRO/NM_BAIRRO e correlatos,Bairro IBGE 2022,5106224001
510622405000009,5106224,Nova Mutum,N. Senhora Aparecida,IBGE Malha de Setores Censitários 2022 — atributos territoriais CD_BAIRRO/NM_BAIRRO e correlatos,Bairro IBGE 2022,5106224004
510622405000010,5106224,Nova Mutum,Alto da Colina,IBGE Malha de Setores Censitários 2022 — atributos territoriais CD_BAIRRO/NM_BAIRRO e correlatos,Bairro IBGE 2022,5106224010
510622405000011,5106224,Nova Mutum,Parque do Sol,IBGE Malha de Setores Censitários 2022 — atributos territoriais CD_BAIRRO/NM_BAIRRO e correlatos,Bairro IBGE 2022,5106224017
510622405000023,5106224,Nova Mutum,Colina II,IBGE Malha de Setores Censitários 2022 — atributos territoriais CD_BAIRRO/NM_BAIRRO e correlatos,Bairro IBGE 2022,5106224011
510622405000024,5106224,Nova Mutum,Paraíso,IBGE Malha de Setores Censitários 2022 — atributos territoriais CD_BAIRRO/NM_BAIRRO e correlatos,Bairro IBGE 2022,5106224019
510622405000025,5106224,Nova Mutum,Bela Vista,IBGE Malha de Setores Censitários 2022 — atributos territoriais CD_BAIRRO/NM_BAIRRO e correlatos,Bairro IBGE 2022,5106224002
510622405000026,5106224,Nova Mutum,Centro,IBGE Malha de Setores Censitários 2022 — atributos territoriais CD_BAIRRO/NM_BAIRRO e correlatos,Bairro IBGE 2022,5106224001
510622405000027,5106224,Nova Mutum,Bela Vista,IBGE Malha de Setores Censitários 2022 — atributos territoriais CD_BAIRRO/NM_BAIRRO e correlatos,Bairro IBGE 2022,5106224002
510622405000029,5106224,Nova Mutum,Jardim,IBGE Malha de Setores Censitários 2022 — atributos territoriais CD_BAIRRO/NM_BAIRRO e correlatos,Bairro IBGE 2022,5106224005
510622405000030,5106224,Nova Mutum,Jardim II,IBGE Malha de Setores Censitários 2022 — atributos territoriais CD_BAIRRO/NM_BAIRRO e correlatos,Bairro IBGE 2022,5106224006
510622405000031,5106224,Nova Mutum,Industrial Norte,IBGE Malha de Setores Censitários 2022 — atributos territoriais CD_BAIRRO/NM_BAIRRO e correlatos,Bairro IBGE 2022,5106224008
510622405000032,5106224,Nova Mutum,Flor do Cerrado,IBGE Malha de Setores Censitários 2022 — atributos territoriais CD_BAIRRO/NM_BAIRRO e correlatos,Bairro IBGE 2022,5106224009
510622405000033,5106224,Nova Mutum,Palmeiras,IBGE Malha de Setores Censitários 2022 — atributos territoriais CD_BAIRRO/NM_BAIRRO e correlatos,Bairro IBGE 2022,5106224030
510622405000036,5106224,Nova Mutum,Centro,IBGE Malha de Setores Censitários 2022 — atributos territoriais CD_BAIRRO/NM_BAIRRO e correlatos,Bairro IBGE 2022,5106224001
510622405000037,5106224,Nova Mutum,Jardim,IBGE Malha de Setores Censitários 2022 — atributos territoriais CD_BAIRRO/NM_BAIRRO e correlatos,Bairro IBGE 2022,5106224005
510622405000038,5106224,Nova Mutum,Colina II,IBGE Malha de Setores Censitários 2022 — atributos territoriais CD_BAIRRO/NM_BAIRRO e correlatos,Bairro IBGE 2022,5106224011
510622405000039,5106224,Nova Mutum,Centro,IBGE Malha de Setores Censitários 2022 — atributos territoriais CD_BAIRRO/NM_BAIRRO e correlatos,Bairro IBGE 2022,5106224001
510622405000040,5106224,Nova Mutum,Beija Flor,IBGE Malha de Setores Censitários 2022 — atributos territoriais CD_BAIRRO/NM_BAIRRO e correlatos,Bairro IBGE 2022,5106224021
510622405000041,5106224,Nova Mutum,Alto da Colina,IBGE Malha de Setores Censitários 2022 — atributos territoriais CD_BAIRRO/NM_BAIRRO e correlatos,Bairro IBGE 2022,5106224010
510622405000042,5106224,Nova Mutum,Industrial Sul,IBGE Malha de Setores Censitários 2022 — atributos territoriais CD_BAIRRO/NM_BAIRRO e correlatos,Bairro IBGE 2022,5106224027
510622405000043,5106224,Nova Mutum,Esplanda do Sol,IBGE Malha de Setores Censitários 2022 — atributos territoriais CD_BAIRRO/NM_BAIRRO e correlatos,Bairro IBGE 2022,5106224016
510622405000044,5106224,Nova Mutum,Parque das Águas,IBGE Malha de Setores Censitários 2022 — atributos territoriais CD_BAIRRO/NM_BAIRRO e correlatos,Bairro IBGE 2022,5106224015
510622405000045,5106224,Nova Mutum,Industrial Sul,IBGE Malha de Setores Censitários 2022 — atributos territoriais CD_BAIRRO/NM_BAIRRO e correlatos,Bairro IBGE 2022,5106224027
510622405000046,5106224,Nova Mutum,Hilda Strenger Ribeiro,IBGE Malha de Setores Censitários 2022 — atributos territoriais CD_BAIRRO/NM_BAIRRO e correlatos,Bairro IBGE 2022,5106224029
510622405000047,5106224,Nova Mutum,Jardim Primavera,IBGE Malha de Setores Censitários 2022 — atributos territoriais CD_BAIRRO/NM_BAIRRO e correlatos,Bairro IBGE 2022,5106224026
510622405000048,5106224,Nova Mutum,Jardim Primavera II,IBGE Malha de Setores Censitários 2022 — atributos territoriais CD_BAIRRO/NM_BAIRRO e correlatos,Bairro IBGE 2022,5106224032
510622405000049,5106224,Nova Mutum,Jardim Imperial,IBGE Malha de Setores Censitários 2022 — atributos territoriais CD_BAIRRO/NM_BAIRRO e correlatos,Bairro IBGE 2022,5106224018
510622405000050,5106224,Nova Mutum,Topázio,IBGE Malha de Setores Censitários 2022 — atributos territoriais CD_BAIRRO/NM_BAIRRO e correlatos,Bairro IBGE 2022,5106224022
510622405000051,5106224,Nova Mutum,Buritis,IBGE Malha de Setores Censitários 2022 — atributos territoriais CD_BAIRRO/NM_BAIRRO e correlatos,Bairro IBGE 2022,5106224023
510622405000052,5106224,Nova Mutum,Arara Azul,IBGE Malha de Setores Censitários 2022 — atributos territoriais CD_BAIRRO/NM_BAIRRO e correlatos,Bairro IBGE 2022,5106224024
510622405000053,5106224,Nova Mutum,Ágata,IBGE Malha de Setores Censitários 2022 — atributos territoriais CD_BAIRRO/NM_BAIRRO e correlatos,Bairro IBGE 2022,5106224025
510622405000055,5106224,Nova Mutum,Acácias,IBGE Malha de Setores Censitários 2022 — atributos territoriais CD_BAIRRO/NM_BAIRRO e correlatos,Bairro IBGE 2022,5106224013
510622405000056,5106224,Nova Mutum,Flamboyant,IBGE Malha de Setores Censitários 2022 — atributos territoriais CD_BAIRRO/NM_BAIRRO e correlatos,Bairro IBGE 2022,5106224014
510622405000058,5106224,Nova Mutum,N. Senhora Aparecida,IBGE Malha de Setores Censitários 2022 — atributos territoriais CD_BAIRRO/NM_BAIRRO e correlatos,Bairro IBGE 2022,5106224004
510622405000062,5106224,Nova Mutum,Vitória,IBGE Malha de Setores Censitários 2022 — atributos territoriais CD_BAIRRO/NM_BAIRRO e correlatos,Bairro IBGE 2022,5106224020
510622405000066,5106224,Nova Mutum,José Aparecido Ribeiro,IBGE Malha de Setores Censitários 2022 — atributos territoriais CD_BAIRRO/NM_BAIRRO e correlatos,Bairro IBGE 2022,5106224028
510622405000087,5106224,Nova Mutum,N. Senhora Aparecida,IBGE Malha de Setores Censitários 2022 — atributos territoriais CD_BAIRRO/NM_BAIRRO e correlatos,Bairro IBGE 2022,5106224004
510622405000088,5106224,Nova Mutum,Parque do Sol,IBGE Malha de Setores Censitários 2022 — atributos territoriais CD_BAIRRO/NM_BAIRRO e correlatos,Bairro IBGE 2022,5106224017
510622405000091,5106224,Nova Mutum,Bela Vista,IBGE Malha de Setores Censitários 2022 — atributos territoriais CD_BAIRRO/NM_BAIRRO e correlatos,Bairro IBGE 2022,5106224002
510622405000096,5106224,Nova Mutum,Agrovila do PA Pontal do Mararape,IBGE Malha de Setores Censitários 2022 — atributos territoriais CD_BAIRRO/NM_BAIRRO e correlatos,Aglomerado rural IBGE 2022,510622400004
510622405000097,5106224,Nova Mutum,Jardim das Orquídeas,IBGE Malha de Setores Censitários 2022 — atributos territoriais CD_BAIRRO/NM_BAIRRO e correlatos,Bairro IBGE 2022,5106224003
510622405000102,5106224,Nova Mutum,Ipês,IBGE Malha de Setores Censitários 2022 — atributos territoriais CD_BAIRRO/NM_BAIRRO e correlatos,Bairro IBGE 2022,5106224012
510622405000103,5106224,Nova Mutum,Ipês,IBGE Malha de Setores Censitários 2022 — atributos territoriais CD_BAIRRO/NM_BAIRRO e correlatos,Bairro IBGE 2022,5106224012
510622405000110,5106224,Nova Mutum,Aglomerado Rural Falabretti,IBGE Malha de Setores Censitários 2022 — atributos territoriais CD_BAIRRO/NM_BAIRRO e correlatos,Aglomerado rural IBGE 2022,510622400005
510622405000116,5106224,Nova Mutum,Aglomerado Rural Granja Farias,IBGE Malha de Setores Censitários 2022 — atributos territoriais CD_BAIRRO/NM_BAIRRO e correlatos,Aglomerado rural IBGE 2022,510622400006
510622425000001,5106224,Nova Mutum,Ranchão,IBGE Malha de Setores Censitários 2022 — atributos territoriais CD_BAIRRO/NM_BAIRRO e correlatos,Distrito IBGE 2022,510622425
510622425000002,5106224,Nova Mutum,Ranchão,IBGE Malha de Setores Censitários 2022 — atributos territoriais CD_BAIRRO/NM_BAIRRO e correlatos,Distrito IBGE 2022,510622425
510622425000003,5106224,Nova Mutum,Ranchão,IBGE Malha de Setores Censitários 2022 — atributos territoriais CD_BAIRRO/NM_BAIRRO e correlatos,Distrito IBGE 2022,510622425
510622425000004,5106224,Nova Mutum,Ranchão,IBGE Malha de Setores Censitários 2022 — atributos territoriais CD_BAIRRO/NM_BAIRRO e correlatos,Distrito IBGE 2022,510622425
510622425000005,5106224,Nova Mutum,Ranchão,IBGE Malha de Setores Censitários 2022 — atributos territoriais CD_BAIRRO/NM_BAIRRO e correlatos,Distrito IBGE 2022,510622425
510623205000001,5106232,Nova Olímpia,Jardim Ouro Verde,IBGE Malha de Setores Censitários 2022 — atributos territoriais CD_BAIRRO/NM_BAIRRO e correlatos,Bairro IBGE 2022,5106232010
510623205000002,5106232,Nova Olímpia,Jardim Novo Horizonte,IBGE Malha de Setores Censitários 2022 — atributos territoriais CD_BAIRRO/NM_BAIRRO e correlatos,Bairro IBGE 2022,5106232009
510623205000003,5106232,Nova Olímpia,Residencial Itamarati,IBGE Malha de Setores Censitários 2022 — atributos territoriais CD_BAIRRO/NM_BAIRRO e correlatos,Bairro IBGE 2022,5106232008
510623205000004,5106232,Nova Olímpia,Jardim Ouro Verde,IBGE Malha de Setores Censitários 2022 — atributos territoriais CD_BAIRRO/NM_BAIRRO e correlatos,Bairro IBGE 2022,5106232010
510623205000005,5106232,Nova Olímpia,Jardim Novo Horizonte,IBGE Malha de Setores Censitários 2022 — atributos territoriais CD_BAIRRO/NM_BAIRRO e correlatos,Bairro IBGE 2022,5106232009
510623205000006,5106232,Nova Olímpia,Jardim Soletti,IBGE Malha de Setores Censitários 2022 — atributos territoriais CD_BAIRRO/NM_BAIRRO e correlatos,Bairro IBGE 2022,5106232004
510623205000007,5106232,Nova Olímpia,Jardim Castanheira,IBGE Malha de Setores Censitários 2022 — atributos territoriais CD_BAIRRO/NM_BAIRRO e correlatos,Bairro IBGE 2022,5106232005
510623205000008,5106232,Nova Olímpia,Jardim São João I,IBGE Malha de Setores Censitários 2022 — atributos territoriais CD_BAIRRO/NM_BAIRRO e correlatos,Bairro IBGE 2022,5106232007
510623205000009,5106232,Nova Olímpia,Jardim São João II,IBGE Malha de Setores Censitários 2022 — atributos territoriais CD_BAIRRO/NM_BAIRRO e correlatos,Bairro IBGE 2022,5106232006
510623205000010,5106232,Nova Olímpia,Jardim São João I,IBGE Malha de Setores Censitários 2022 — atributos territoriais CD_BAIRRO/NM_BAIRRO e correlatos,Bairro IBGE 2022,5106232007
510623205000011,5106232,Nova Olímpia,Jardim Ouro Verde,IBGE Malha de Setores Censitários 2022 — atributos territoriais CD_BAIRRO/NM_BAIRRO e correlatos,Bairro IBGE 2022,5106232010
510623205000012,5106232,Nova Olímpia,Jardim Ouro Verde,IBGE Malha de Setores Censitários 2022 — atributos territoriais CD_BAIRRO/NM_BAIRRO e correlatos,Bairro IBGE 2022,5106232010
510623205000013,5106232,Nova Olímpia,Jardim Ouro Verde,IBGE Malha de Setores Censitários 2022 — atributos territoriais CD_BAIRRO/NM_BAIRRO e correlatos,Bairro IBGE 2022,5106232010
510623205000014,5106232,Nova Olímpia,Jardim Ouro Verde,IBGE Malha de Setores Censitários 2022 — atributos territoriais CD_BAIRRO/NM_BAIRRO e correlatos,Bairro IBGE 2022,5106232010
510623205000015,5106232,Nova Olímpia,Jardim Ouro Verde,IBGE Malha de Setores Censitários 2022 — atributos territoriais CD_BAIRRO/NM_BAIRRO e correlatos,Bairro IBGE 2022,5106232010
510623205000016,5106232,Nova Olímpia,Jardim Santa Rosa,IBGE Malha de Setores Censitários 2022 — atributos territoriais CD_BAIRRO/NM_BAIRRO e correlatos,Bairro IBGE 2022,5106232013
510623205000017,5106232,Nova Olímpia,Jardim das Oliveiras,IBGE Malha de Setores Censitários 2022 — atributos territoriais CD_BAIRRO/NM_BAIRRO e correlatos,Bairro IBGE 2022,5106232014
510623205000018,5106232,Nova Olímpia,Boa Esperança,IBGE Malha de Setores Censitários 2022 — atributos territoriais CD_BAIRRO/NM_BAIRRO e correlatos,Bairro IBGE 2022,5106232012
510623205000019,5106232,Nova Olímpia,Jardim Itamarati,IBGE Malha de Setores Censitários 2022 — atributos territoriais CD_BAIRRO/NM_BAIRRO e correlatos,Bairro IBGE 2022,5106232011
510623205000020,5106232,Nova Olímpia,Jardim Itamarati,IBGE Malha de Setores Censitários 2022 — atributos territoriais CD_BAIRRO/NM_BAIRRO e correlatos,Bairro IBGE 2022,5106232011
510623205000022,5106232,Nova Olímpia,Vila Alvorada,IBGE Malha de Setores Censitários 2022 — atributos territoriais CD_BAIRRO/NM_BAIRRO e correlatos,Bairro IBGE 2022,5106232002
510623205000023,5106232,Nova Olímpia,Centro,IBGE Malha de Setores Censitários 2022 — atributos territoriais CD_BAIRRO/NM_BAIRRO e correlatos,Bairro IBGE 2022,5106232001
510623205000024,5106232,Nova Olímpia,Centro,IBGE Malha de Setores Censitários 2022 — atributos territoriais CD_BAIRRO/NM_BAIRRO e correlatos,Bairro IBGE 2022,5106232001
510623205000025,5106232,Nova Olímpia,Centro,IBGE Malha de Setores Censitários 2022 — atributos territoriais CD_BAIRRO/NM_BAIRRO e correlatos,Bairro IBGE 2022,5106232001
510623205000026,5106232,Nova Olímpia,Centro,IBGE Malha de Setores Censitários 2022 — atributos territoriais CD_BAIRRO/NM_BAIRRO e correlatos,Bairro IBGE 2022,5106232001
510623205000027,5106232,Nova Olímpia,Jardim Shangri-lá,IBGE Malha de Setores Censitários 2022 — atributos territoriais CD_BAIRRO/NM_BAIRRO e correlatos,Bairro IBGE 2022,5106232003
510623205000028,5106232,Nova Olímpia,Vila Lima,IBGE Malha de Setores Censitários 2022 — atributos territoriais CD_BAIRRO/NM_BAIRRO e correlatos,Bairro IBGE 2022,5106232016
510623205000043,5106232,Nova Olímpia,Jardim Ouro Verde,IBGE Malha de Setores Censitários 2022 — atributos territoriais CD_BAIRRO/NM_BAIRRO e correlatos,Bairro IBGE 2022,5106232010
510623205000044,5106232,Nova Olímpia,Jardim Ouro Verde,IBGE Malha de Setores Censitários 2022 — atributos territoriais CD_BAIRRO/NM_BAIRRO e correlatos,Bairro IBGE 2022,5106232010
510623205000045,5106232,Nova Olímpia,Jardim Santa Rosa,IBGE Malha de Setores Censitários 2022 — atributos territoriais CD_BAIRRO/NM_BAIRRO e correlatos,Bairro IBGE 2022,5106232013
510623205000046,5106232,Nova Olímpia,Jardim das Oliveiras,IBGE Malha de Setores Censitários 2022 — atributos territoriais CD_BAIRRO/NM_BAIRRO e correlatos,Bairro IBGE 2022,5106232014
510623205000047,5106232,Nova Olímpia,Jardim das Oliveiras,IBGE Malha de Setores Censitários 2022 — atributos territoriais CD_BAIRRO/NM_BAIRRO e correlatos,Bairro IBGE 2022,5106232014
510623205000048,5106232,Nova Olímpia,Jardim Itamarati,IBGE Malha de Setores Censitários 2022 — atributos territoriais CD_BAIRRO/NM_BAIRRO e correlatos,Bairro IBGE 2022,5106232011
510623205000050,5106232,Nova Olímpia,Jardim das Oliveiras,IBGE Malha de Setores Censitários 2022 — atributos territoriais CD_BAIRRO/NM_BAIRRO e correlatos,Bairro IBGE 2022,5106232014
510623205000051,5106232,Nova Olímpia,Jardim das Oliveiras,IBGE Malha de Setores Censitários 2022 — atributos territoriais CD_BAIRRO/NM_BAIRRO e correlatos,Bairro IBGE 2022,5106232014
510623205000052,5106232,Nova Olímpia,Centro,IBGE Malha de Setores Censitários 2022 — atributos territoriais CD_BAIRRO/NM_BAIRRO e correlatos,Bairro IBGE 2022,5106232001
510623205000053,5106232,Nova Olímpia,Jardim Santa Rosa,IBGE Malha de Setores Censitários 2022 — atributos territoriais CD_BAIRRO/NM_BAIRRO e correlatos,Bairro IBGE 2022,5106232013
510623205000057,5106232,Nova Olímpia,Jardim Itamarati II,IBGE Malha de Setores Censitários 2022 — atributos territoriais CD_BAIRRO/NM_BAIRRO e correlatos,Bairro IBGE 2022,5106232015
510624010000001,5106240,Nova Ubiratã,Entre Rios,IBGE Malha de Setores Censitários 2022 — atributos territoriais CD_BAIRRO/NM_BAIRRO e correlatos,Distrito IBGE 2022,510624010
510624010000002,5106240,Nova Ubiratã,Entre Rios,IBGE Malha de Setores Censitários 2022 — atributos territoriais CD_BAIRRO/NM_BAIRRO e correlatos,Distrito IBGE 2022,510624010
510624010000005,5106240,Nova Ubiratã,Entre Rios,IBGE Malha de Setores Censitários 2022 — atributos territoriais CD_BAIRRO/NM_BAIRRO e correlatos,Distrito IBGE 2022,510624010
510624010000006,5106240,Nova Ubiratã,Entre Rios,IBGE Malha de Setores Censitários 2022 — atributos territoriais CD_BAIRRO/NM_BAIRRO e correlatos,Distrito IBGE 2022,510624010
510624010000007,5106240,Nova Ubiratã,Entre Rios,IBGE Malha de Setores Censitários 2022 — atributos territoriais CD_BAIRRO/NM_BAIRRO e correlatos,Distrito IBGE 2022,510624010
510624010000008,5106240,Nova Ubiratã,Aldeia Indígena Tupara,IBGE Malha de Setores Censitários 2022 — atributos territoriais CD_BAIRRO/NM_BAIRRO e correlatos,Aglomerado rural IBGE 2022,510624000005
510624010000009,5106240,Nova Ubiratã,Entre Rios,IBGE Malha de Setores Censitários 2022 — atributos territoriais CD_BAIRRO/NM_BAIRRO e correlatos,Distrito IBGE 2022,510624010
510624010000010,5106240,Nova Ubiratã,Entre Rios,IBGE Malha de Setores Censitários 2022 — atributos territoriais CD_BAIRRO/NM_BAIRRO e correlatos,Distrito IBGE 2022,510624010
510624015000001,5106240,Nova Ubiratã,Novo Mato Grosso,IBGE Malha de Setores Censitários 2022 — atributos territoriais CD_BAIRRO/NM_BAIRRO e correlatos,Distrito IBGE 2022,510624015
510624015000002,5106240,Nova Ubiratã,Novo Mato Grosso,IBGE Malha de Setores Censitários 2022 — atributos territoriais CD_BAIRRO/NM_BAIRRO e correlatos,Distrito IBGE 2022,510624015
510624015000003,5106240,Nova Ubiratã,Novo Mato Grosso,IBGE Malha de Setores Censitários 2022 — atributos territoriais CD_BAIRRO/NM_BAIRRO e correlatos,Distrito IBGE 2022,510624015
510624015000004,5106240,Nova Ubiratã,Novo Mato Grosso,IBGE Malha de Setores Censitários 2022 — atributos territoriais CD_BAIRRO/NM_BAIRRO e correlatos,Distrito IBGE 2022,510624015
510624017000001,5106240,Nova Ubiratã,Parque Água Limpa,IBGE Malha de Setores Censitários 2022 — atributos territoriais CD_BAIRRO/NM_BAIRRO e correlatos,Distrito IBGE 2022,510624017
510624017000002,5106240,Nova Ubiratã,Parque Água Limpa,IBGE Malha de Setores Censitários 2022 — atributos territoriais CD_BAIRRO/NM_BAIRRO e correlatos,Distrito IBGE 2022,510624017
510624017000003,5106240,Nova Ubiratã,Parque Água Limpa,IBGE Malha de Setores Censitários 2022 — atributos territoriais CD_BAIRRO/NM_BAIRRO e correlatos,Distrito IBGE 2022,510624017
510624017000004,5106240,Nova Ubiratã,Parque Água Limpa,IBGE Malha de Setores Censitários 2022 — atributos territoriais CD_BAIRRO/NM_BAIRRO e correlatos,Distrito IBGE 2022,510624017
510624017000005,5106240,Nova Ubiratã,Parque Água Limpa,IBGE Malha de Setores Censitários 2022 — atributos territoriais CD_BAIRRO/NM_BAIRRO e correlatos,Distrito IBGE 2022,510624017
510624020000001,5106240,Nova Ubiratã,Piratininga,IBGE Malha de Setores Censitários 2022 — atributos territoriais CD_BAIRRO/NM_BAIRRO e correlatos,Distrito IBGE 2022,510624020
510624020000002,5106240,Nova Ubiratã,Piratininga,IBGE Malha de Setores Censitários 2022 — atributos territoriais CD_BAIRRO/NM_BAIRRO e correlatos,Distrito IBGE 2022,510624020
510624020000004,5106240,Nova Ubiratã,Piratininga,IBGE Malha de Setores Censitários 2022 — atributos territoriais CD_BAIRRO/NM_BAIRRO e correlatos,Distrito IBGE 2022,510624020
510624020000005,5106240,Nova Ubiratã,Piratininga,IBGE Malha de Setores Censitários 2022 — atributos territoriais CD_BAIRRO/NM_BAIRRO e correlatos,Distrito IBGE 2022,510624020
510624026000001,5106240,Nova Ubiratã,Santa Terezinha do Rio Ferro,IBGE Malha de Setores Censitários 2022 — atributos territoriais CD_BAIRRO/NM_BAIRRO e correlatos,Distrito IBGE 2022,510624026
510624026000002,5106240,Nova Ubiratã,Santa Terezinha do Rio Ferro,IBGE Malha de Setores Censitários 2022 — atributos territoriais CD_BAIRRO/NM_BAIRRO e correlatos,Distrito IBGE 2022,510624026
510624030000001,5106240,Nova Ubiratã,Santo Antônio do Rio Bonito,IBGE Malha de Setores Censitários 2022 — atributos territoriais CD_BAIRRO/NM_BAIRRO e correlatos,Distrito IBGE 2022,510624030
510624030000002,5106240,Nova Ubiratã,Santo Antônio do Rio Bonito,IBGE Malha de Setores Censitários 2022 — atributos territoriais CD_BAIRRO/NM_BAIRRO e correlatos,Distrito IBGE 2022,510624030
510624030000003,5106240,Nova Ubiratã,Santo Antônio do Rio Bonito,IBGE Malha de Setores Censitários 2022 — atributos territoriais CD_BAIRRO/NM_BAIRRO e correlatos,Distrito IBGE 2022,510624030
510624030000004,5106240,Nova Ubiratã,Santo Antônio do Rio Bonito,IBGE Malha de Setores Censitários 2022 — atributos territoriais CD_BAIRRO/NM_BAIRRO e correlatos,Distrito IBGE 2022,510624030
510624030000005,5106240,Nova Ubiratã,Santo Antônio do Rio Bonito,IBGE Malha de Setores Censitários 2022 — atributos territoriais CD_BAIRRO/NM_BAIRRO e correlatos,Distrito IBGE 2022,510624030
510625705000001,5106257,Nova Xavantina,Flor de Liz,IBGE Malha de Setores Censitários 2022 — atributos territoriais CD_BAIRRO/NM_BAIRRO e correlatos,Bairro IBGE 2022,5106257020
510625705000002,5106257,Nova Xavantina,Jardim Oliveira,IBGE Malha de Setores Censitários 2022 — atributos territoriais CD_BAIRRO/NM_BAIRRO e correlatos,Bairro IBGE 2022,5106257019
510625705000003,5106257,Nova Xavantina,Novo Horizonte,IBGE Malha de Setores Censitários 2022 — atributos territoriais CD_BAIRRO/NM_BAIRRO e correlatos,Bairro IBGE 2022,5106257018
510625705000004,5106257,Nova Xavantina,Jardim Tropical,IBGE Malha de Setores Censitários 2022 — atributos territoriais CD_BAIRRO/NM_BAIRRO e correlatos,Bairro IBGE 2022,5106257017
510625705000005,5106257,Nova Xavantina,Santana,IBGE Malha de Setores Censitários 2022 — atributos territoriais CD_BAIRRO/NM_BAIRRO e correlatos,Bairro IBGE 2022,5106257016
510625705000006,5106257,Nova Xavantina,Montes Claros,IBGE Malha de Setores Censitários 2022 — atributos territoriais CD_BAIRRO/NM_BAIRRO e correlatos,Bairro IBGE 2022,5106257015
510625705000007,5106257,Nova Xavantina,Estilac Leal,IBGE Malha de Setores Censitários 2022 — atributos territoriais CD_BAIRRO/NM_BAIRRO e correlatos,Bairro IBGE 2022,5106257014
510625705000008,5106257,Nova Xavantina,União,IBGE Malha de Setores Censitários 2022 — atributos territoriais CD_BAIRRO/NM_BAIRRO e correlatos,Bairro IBGE 2022,5106257013
510625705000009,5106257,Nova Xavantina,União,IBGE Malha de Setores Censitários 2022 — atributos territoriais CD_BAIRRO/NM_BAIRRO e correlatos,Bairro IBGE 2022,5106257013
510625705000010,5106257,Nova Xavantina,Campos Verdes,IBGE Malha de Setores Censitários 2022 — atributos territoriais CD_BAIRRO/NM_BAIRRO e correlatos,Bairro IBGE 2022,5106257011
510625705000011,5106257,Nova Xavantina,Toneto,IBGE Malha de Setores Censitários 2022 — atributos territoriais CD_BAIRRO/NM_BAIRRO e correlatos,Bairro IBGE 2022,5106257010
510625705000012,5106257,Nova Xavantina,Toneto,IBGE Malha de Setores Censitários 2022 — atributos territoriais CD_BAIRRO/NM_BAIRRO e correlatos,Bairro IBGE 2022,5106257010
510625705000013,5106257,Nova Xavantina,Toneto,IBGE Malha de Setores Censitários 2022 — atributos territoriais CD_BAIRRO/NM_BAIRRO e correlatos,Bairro IBGE 2022,5106257010
510625705000014,5106257,Nova Xavantina,Toneto,IBGE Malha de Setores Censitários 2022 — atributos territoriais CD_BAIRRO/NM_BAIRRO e correlatos,Bairro IBGE 2022,5106257010
510625705000015,5106257,Nova Xavantina,Toneto,IBGE Malha de Setores Censitários 2022 — atributos territoriais CD_BAIRRO/NM_BAIRRO e correlatos,Bairro IBGE 2022,5106257010
510625705000016,5106257,Nova Xavantina,Centro Comercial,IBGE Malha de Setores Censitários 2022 — atributos territoriais CD_BAIRRO/NM_BAIRRO e correlatos,Bairro IBGE 2022,5106257012
510625705000017,5106257,Nova Xavantina,Centro Comercial,IBGE Malha de Setores Censitários 2022 — atributos territoriais CD_BAIRRO/NM_BAIRRO e correlatos,Bairro IBGE 2022,5106257012
510625705000018,5106257,Nova Xavantina,Centro Comercial,IBGE Malha de Setores Censitários 2022 — atributos territoriais CD_BAIRRO/NM_BAIRRO e correlatos,Bairro IBGE 2022,5106257012
510625705000019,5106257,Nova Xavantina,Santa Mônica,IBGE Malha de Setores Censitários 2022 — atributos territoriais CD_BAIRRO/NM_BAIRRO e correlatos,Bairro IBGE 2022,5106257009
510625705000020,5106257,Nova Xavantina,Xavantina Velha,IBGE Malha de Setores Censitários 2022 — atributos territoriais CD_BAIRRO/NM_BAIRRO e correlatos,Bairro IBGE 2022,5106257001
510625705000023,5106257,Nova Xavantina,Boa Vista,IBGE Malha de Setores Censitários 2022 — atributos territoriais CD_BAIRRO/NM_BAIRRO e correlatos,Bairro IBGE 2022,5106257002
510625705000024,5106257,Nova Xavantina,Deus é Amor,IBGE Malha de Setores Censitários 2022 — atributos territoriais CD_BAIRRO/NM_BAIRRO e correlatos,Bairro IBGE 2022,5106257003
510625705000026,5106257,Nova Xavantina,Jardim Alvorada,IBGE Malha de Setores Censitários 2022 — atributos territoriais CD_BAIRRO/NM_BAIRRO e correlatos,Bairro IBGE 2022,5106257005
510625705000027,5106257,Nova Xavantina,Jardim Alvorada,IBGE Malha de Setores Censitários 2022 — atributos territoriais CD_BAIRRO/NM_BAIRRO e correlatos,Bairro IBGE 2022,5106257005
510625705000028,5106257,Nova Xavantina,Central,IBGE Malha de Setores Censitários 2022 — atributos territoriais CD_BAIRRO/NM_BAIRRO e correlatos,Bairro IBGE 2022,5106257004
510625705000029,5106257,Nova Xavantina,Central,IBGE Malha de Setores Censitários 2022 — atributos territoriais CD_BAIRRO/NM_BAIRRO e correlatos,Bairro IBGE 2022,5106257004
510625705000030,5106257,Nova Xavantina,Central,IBGE Malha de Setores Censitários 2022 — atributos territoriais CD_BAIRRO/NM_BAIRRO e correlatos,Bairro IBGE 2022,5106257004
510625705000031,5106257,Nova Xavantina,Industrial,IBGE Malha de Setores Censitários 2022 — atributos territoriais CD_BAIRRO/NM_BAIRRO e correlatos,Bairro IBGE 2022,5106257008
510625705000032,5106257,Nova Xavantina,Industrial,IBGE Malha de Setores Censitários 2022 — atributos territoriais CD_BAIRRO/NM_BAIRRO e correlatos,Bairro IBGE 2022,5106257008
510625705000033,5106257,Nova Xavantina,Barro Vermelho,IBGE Malha de Setores Censitários 2022 — atributos territoriais CD_BAIRRO/NM_BAIRRO e correlatos,Bairro IBGE 2022,5106257007
510625705000034,5106257,Nova Xavantina,Barro Vermelho,IBGE Malha de Setores Censitários 2022 — atributos territoriais CD_BAIRRO/NM_BAIRRO e correlatos,Bairro IBGE 2022,5106257007
510625705000035,5106257,Nova Xavantina,Centro Oeste,IBGE Malha de Setores Censitários 2022 — atributos territoriais CD_BAIRRO/NM_BAIRRO e correlatos,Bairro IBGE 2022,5106257006
510625705000047,5106257,Nova Xavantina,Toneto,IBGE Malha de Setores Censitários 2022 — atributos territoriais CD_BAIRRO/NM_BAIRRO e correlatos,Bairro IBGE 2022,5106257010
510625705000048,5106257,Nova Xavantina,Centro Comercial,IBGE Malha de Setores Censitários 2022 — atributos territoriais CD_BAIRRO/NM_BAIRRO e correlatos,Bairro IBGE 2022,5106257012
510625705000055,5106257,Nova Xavantina,Toneto,IBGE Malha de Setores Censitários 2022 — atributos territoriais CD_BAIRRO/NM_BAIRRO e correlatos,Bairro IBGE 2022,5106257010
510625705000056,5106257,Nova Xavantina,Centro Oeste,IBGE Malha de Setores Censitários 2022 — atributos territoriais CD_BAIRRO/NM_BAIRRO e correlatos,Bairro IBGE 2022,5106257006
510625705000065,5106257,Nova Xavantina,Xavantina Velha,IBGE Malha de Setores Censitários 2022 — atributos territoriais CD_BAIRRO/NM_BAIRRO e correlatos,Bairro IBGE 2022,5106257001
510625725000001,5106257,Nova Xavantina,União do Leste,IBGE Malha de Setores Censitários 2022 — atributos territoriais CD_BAIRRO/NM_BAIRRO e correlatos,Distrito IBGE 2022,510625725
510625725000002,5106257,Nova Xavantina,União do Leste,IBGE Malha de Setores Censitários 2022 — atributos territoriais CD_BAIRRO/NM_BAIRRO e correlatos,Distrito IBGE 2022,510625725
510625725000003,5106257,Nova Xavantina,União do Leste,IBGE Malha de Setores Censitários 2022 — atributos territoriais CD_BAIRRO/NM_BAIRRO e correlatos,Distrito IBGE 2022,510625725
510625725000004,5106257,Nova Xavantina,União do Leste,IBGE Malha de Setores Censitários 2022 — atributos territoriais CD_BAIRRO/NM_BAIRRO e correlatos,Distrito IBGE 2022,510625725
510625725000005,5106257,Nova Xavantina,União do Leste,IBGE Malha de Setores Censitários 2022 — atributos territoriais CD_BAIRRO/NM_BAIRRO e correlatos,Distrito IBGE 2022,510625725
510625725000006,5106257,Nova Xavantina,União do Leste,IBGE Malha de Setores Censitários 2022 — atributos territoriais CD_BAIRRO/NM_BAIRRO e correlatos,Distrito IBGE 2022,510625725
510625725000010,5106257,Nova Xavantina,União do Leste,IBGE Malha de Setores Censitários 2022 — atributos territoriais CD_BAIRRO/NM_BAIRRO e correlatos,Distrito IBGE 2022,510625725
510625725000013,5106257,Nova Xavantina,União do Leste,IBGE Malha de Setores Censitários 2022 — atributos territoriais CD_BAIRRO/NM_BAIRRO e correlatos,Distrito IBGE 2022,510625725
510625725000014,5106257,Nova Xavantina,União do Leste,IBGE Malha de Setores Censitários 2022 — atributos territoriais CD_BAIRRO/NM_BAIRRO e correlatos,Distrito IBGE 2022,510625725
510625725000015,5106257,Nova Xavantina,União do Leste,IBGE Malha de Setores Censitários 2022 — atributos territoriais CD_BAIRRO/NM_BAIRRO e correlatos,Distrito IBGE 2022,510625725
510625725000016,5106257,Nova Xavantina,União do Leste,IBGE Malha de Setores Censitários 2022 — atributos territoriais CD_BAIRRO/NM_BAIRRO e correlatos,Distrito IBGE 2022,510625725
510626505000015,5106265,Novo Mundo,Agrovila do PA 5 Mil,IBGE Malha de Setores Censitários 2022 — atributos territoriais CD_BAIRRO/NM_BAIRRO e correlatos,Aglomerado rural IBGE 2022,510626500001
510626505000019,5106265,Novo Mundo,Agrovila do PA 5 Mil,IBGE Malha de Setores Censitários 2022 — atributos territoriais CD_BAIRRO/NM_BAIRRO e correlatos,Aglomerado rural IBGE 2022,510626500001
510628105000008,5106281,Novo São Joaquim,Cachoeira da Fumaça,IBGE Malha de Setores Censitários 2022 — atributos territoriais CD_BAIRRO/NM_BAIRRO e correlatos,Aglomerado rural IBGE 2022,510628100003
510628115000001,5106281,Novo São Joaquim,Itaquerê,IBGE Malha de Setores Censitários 2022 — atributos territoriais CD_BAIRRO/NM_BAIRRO e correlatos,Distrito IBGE 2022,510628115
510628115000002,5106281,Novo São Joaquim,Itaquerê,IBGE Malha de Setores Censitários 2022 — atributos territoriais CD_BAIRRO/NM_BAIRRO e correlatos,Distrito IBGE 2022,510628115
510628115000003,5106281,Novo São Joaquim,Itaquerê,IBGE Malha de Setores Censitários 2022 — atributos territoriais CD_BAIRRO/NM_BAIRRO e correlatos,Distrito IBGE 2022,510628115
510628115000004,5106281,Novo São Joaquim,Itaquerê,IBGE Malha de Setores Censitários 2022 — atributos territoriais CD_BAIRRO/NM_BAIRRO e correlatos,Distrito IBGE 2022,510628115
510628115000006,5106281,Novo São Joaquim,Aldeia Indígena Volta Grande,IBGE Malha de Setores Censitários 2022 — atributos territoriais CD_BAIRRO/NM_BAIRRO e correlatos,Aglomerado rural IBGE 2022,510628100001
510628115000008,5106281,Novo São Joaquim,Itaquerê,IBGE Malha de Setores Censitários 2022 — atributos territoriais CD_BAIRRO/NM_BAIRRO e correlatos,Distrito IBGE 2022,510628115
510628115000009,5106281,Novo São Joaquim,Itaquerê,IBGE Malha de Setores Censitários 2022 — atributos territoriais CD_BAIRRO/NM_BAIRRO e correlatos,Distrito IBGE 2022,510628115
510628115000010,5106281,Novo São Joaquim,Itaquerê,IBGE Malha de Setores Censitários 2022 — atributos territoriais CD_BAIRRO/NM_BAIRRO e correlatos,Distrito IBGE 2022,510628115
510628115000011,5106281,Novo São Joaquim,Aldeia Indígena Nossa Senhora Aparecida Xavante,IBGE Malha de Setores Censitários 2022 — atributos territoriais CD_BAIRRO/NM_BAIRRO e correlatos,Aglomerado rural IBGE 2022,510628100006
510628115000012,5106281,Novo São Joaquim,Aldeia Indígena Três Estrelas,IBGE Malha de Setores Censitários 2022 — atributos territoriais CD_BAIRRO/NM_BAIRRO e correlatos,Aglomerado rural IBGE 2022,510628100007
510628115000013,5106281,Novo São Joaquim,Aldeia Indígena Santa Imaculada Conceição,IBGE Malha de Setores Censitários 2022 — atributos territoriais CD_BAIRRO/NM_BAIRRO e correlatos,Aglomerado rural IBGE 2022,510628100008
510628115000014,5106281,Novo São Joaquim,Itaquerê,IBGE Malha de Setores Censitários 2022 — atributos territoriais CD_BAIRRO/NM_BAIRRO e correlatos,Distrito IBGE 2022,510628115
510628115000015,5106281,Novo São Joaquim,Itaquerê,IBGE Malha de Setores Censitários 2022 — atributos territoriais CD_BAIRRO/NM_BAIRRO e correlatos,Distrito IBGE 2022,510628115
510629905000039,5106299,Paranaíta,Coorpervila,IBGE Malha de Setores Censitários 2022 — atributos territoriais CD_BAIRRO/NM_BAIRRO e correlatos,Aglomerado rural IBGE 2022,510629900001
510630705000001,5106307,Paranatinga,Centro,IBGE Malha de Setores Censitários 2022 — atributos territoriais CD_BAIRRO/NM_BAIRRO e correlatos,Bairro IBGE 2022,5106307006
510630705000002,5106307,Paranatinga,Centro,IBGE Malha de Setores Censitários 2022 — atributos territoriais CD_BAIRRO/NM_BAIRRO e correlatos,Bairro IBGE 2022,5106307006
510630705000003,5106307,Paranatinga,Novo Horizonte,IBGE Malha de Setores Censitários 2022 — atributos territoriais CD_BAIRRO/NM_BAIRRO e correlatos,Bairro IBGE 2022,5106307005
510630705000004,5106307,Paranatinga,União,IBGE Malha de Setores Censitários 2022 — atributos territoriais CD_BAIRRO/NM_BAIRRO e correlatos,Bairro IBGE 2022,5106307008
510630705000005,5106307,Paranatinga,Centro,IBGE Malha de Setores Censitários 2022 — atributos territoriais CD_BAIRRO/NM_BAIRRO e correlatos,Bairro IBGE 2022,5106307006
510630705000006,5106307,Paranatinga,Centro,IBGE Malha de Setores Censitários 2022 — atributos territoriais CD_BAIRRO/NM_BAIRRO e correlatos,Bairro IBGE 2022,5106307006
510630705000007,5106307,Paranatinga,Vila Concórdia,IBGE Malha de Setores Censitários 2022 — atributos territoriais CD_BAIRRO/NM_BAIRRO e correlatos,Bairro IBGE 2022,5106307007
510630705000008,5106307,Paranatinga,Vila Concórdia,IBGE Malha de Setores Censitários 2022 — atributos territoriais CD_BAIRRO/NM_BAIRRO e correlatos,Bairro IBGE 2022,5106307007
510630705000012,5106307,Paranatinga,Centro,IBGE Malha de Setores Censitários 2022 — atributos territoriais CD_BAIRRO/NM_BAIRRO e correlatos,Bairro IBGE 2022,5106307006
510630705000013,5106307,Paranatinga,Centro,IBGE Malha de Setores Censitários 2022 — atributos territoriais CD_BAIRRO/NM_BAIRRO e correlatos,Bairro IBGE 2022,5106307006
510630705000015,5106307,Paranatinga,Aldeia Indígena Kaiahoalo / Kayaroalo,IBGE Malha de Setores Censitários 2022 — atributos territoriais CD_BAIRRO/NM_BAIRRO e correlatos,Aglomerado rural IBGE 2022,510630700019
510630705000016,5106307,Paranatinga,Aldeia Indígena Simões Lopes / Pakuera / Pakuera Central,IBGE Malha de Setores Censitários 2022 — atributos territoriais CD_BAIRRO/NM_BAIRRO e correlatos,Aglomerado rural IBGE 2022,510630700002
510630705000017,5106307,Paranatinga,Aldeia Indígena Pachola / Alto Ramalho,IBGE Malha de Setores Censitários 2022 — atributos territoriais CD_BAIRRO/NM_BAIRRO e correlatos,Aglomerado rural IBGE 2022,510630700003
510630705000018,5106307,Paranatinga,Aldeia Indígena Kayaravale,IBGE Malha de Setores Censitários 2022 — atributos territoriais CD_BAIRRO/NM_BAIRRO e correlatos,Aglomerado rural IBGE 2022,510630700004
510630705000019,5106307,Paranatinga,Aldeia Indígena Paikum,IBGE Malha de Setores Censitários 2022 — atributos territoriais CD_BAIRRO/NM_BAIRRO e correlatos,Aglomerado rural IBGE 2022,510630700005
510630705000032,5106307,Paranatinga,Vila Nova,IBGE Malha de Setores Censitários 2022 — atributos territoriais CD_BAIRRO/NM_BAIRRO e correlatos,Bairro IBGE 2022,5106307004
510630705000033,5106307,Paranatinga,Centro,IBGE Malha de Setores Censitários 2022 — atributos territoriais CD_BAIRRO/NM_BAIRRO e correlatos,Bairro IBGE 2022,5106307006
510630705000034,5106307,Paranatinga,Novo Horizonte,IBGE Malha de Setores Censitários 2022 — atributos territoriais CD_BAIRRO/NM_BAIRRO e correlatos,Bairro IBGE 2022,5106307005
510630705000035,5106307,Paranatinga,Centro,IBGE Malha de Setores Censitários 2022 — atributos territoriais CD_BAIRRO/NM_BAIRRO e correlatos,Bairro IBGE 2022,5106307006
510630705000036,5106307,Paranatinga,Novo Horizonte,IBGE Malha de Setores Censitários 2022 — atributos territoriais CD_BAIRRO/NM_BAIRRO e correlatos,Bairro IBGE 2022,5106307005
510630705000037,5106307,Paranatinga,Rui Barbosa,IBGE Malha de Setores Censitários 2022 — atributos territoriais CD_BAIRRO/NM_BAIRRO e correlatos,Bairro IBGE 2022,5106307009
510630705000038,5106307,Paranatinga,Rui Barbosa,IBGE Malha de Setores Censitários 2022 — atributos territoriais CD_BAIRRO/NM_BAIRRO e correlatos,Bairro IBGE 2022,5106307009
510630705000039,5106307,Paranatinga,União,IBGE Malha de Setores Censitários 2022 — atributos territoriais CD_BAIRRO/NM_BAIRRO e correlatos,Bairro IBGE 2022,5106307008
510630705000040,5106307,Paranatinga,Vila Concórdia,IBGE Malha de Setores Censitários 2022 — atributos territoriais CD_BAIRRO/NM_BAIRRO e correlatos,Bairro IBGE 2022,5106307007
510630705000041,5106307,Paranatinga,Vila Concórdia,IBGE Malha de Setores Censitários 2022 — atributos territoriais CD_BAIRRO/NM_BAIRRO e correlatos,Bairro IBGE 2022,5106307007
510630705000042,5106307,Paranatinga,Vila Concórdia,IBGE Malha de Setores Censitários 2022 — atributos territoriais CD_BAIRRO/NM_BAIRRO e correlatos,Bairro IBGE 2022,5106307007
510630705000043,5106307,Paranatinga,Rui Barbosa,IBGE Malha de Setores Censitários 2022 — atributos territoriais CD_BAIRRO/NM_BAIRRO e correlatos,Bairro IBGE 2022,5106307009
510630705000044,5106307,Paranatinga,Vila Nova,IBGE Malha de Setores Censitários 2022 — atributos territoriais CD_BAIRRO/NM_BAIRRO e correlatos,Bairro IBGE 2022,5106307004
510630705000045,5106307,Paranatinga,Centro,IBGE Malha de Setores Censitários 2022 — atributos territoriais CD_BAIRRO/NM_BAIRRO e correlatos,Bairro IBGE 2022,5106307006
510630705000049,5106307,Paranatinga,Vista alegre,IBGE Malha de Setores Censitários 2022 — atributos territoriais CD_BAIRRO/NM_BAIRRO e correlatos,Bairro IBGE 2022,5106307002
510630705000050,5106307,Paranatinga,Panorama,IBGE Malha de Setores Censitários 2022 — atributos territoriais CD_BAIRRO/NM_BAIRRO e correlatos,Bairro IBGE 2022,5106307003
510630705000051,5106307,Paranatinga,União,IBGE Malha de Setores Censitários 2022 — atributos territoriais CD_BAIRRO/NM_BAIRRO e correlatos,Bairro IBGE 2022,5106307008
510630705000054,5106307,Paranatinga,Vila Concórdia,IBGE Malha de Setores Censitários 2022 — atributos territoriais CD_BAIRRO/NM_BAIRRO e correlatos,Bairro IBGE 2022,5106307007
510630705000055,5106307,Paranatinga,Vila Nova,IBGE Malha de Setores Censitários 2022 — atributos territoriais CD_BAIRRO/NM_BAIRRO e correlatos,Bairro IBGE 2022,5106307004
510630705000066,5106307,Paranatinga,Rui Barbosa,IBGE Malha de Setores Censitários 2022 — atributos territoriais CD_BAIRRO/NM_BAIRRO e correlatos,Bairro IBGE 2022,5106307009
510630705000086,5106307,Paranatinga,Rui Barbosa,IBGE Malha de Setores Censitários 2022 — atributos territoriais CD_BAIRRO/NM_BAIRRO e correlatos,Bairro IBGE 2022,5106307009
510630705000087,5106307,Paranatinga,Teles Pires,IBGE Malha de Setores Censitários 2022 — atributos territoriais CD_BAIRRO/NM_BAIRRO e correlatos,Bairro IBGE 2022,5106307001
510630705000088,5106307,Paranatinga,Teles Pires,IBGE Malha de Setores Censitários 2022 — atributos territoriais CD_BAIRRO/NM_BAIRRO e correlatos,Bairro IBGE 2022,5106307001
510630705000089,5106307,Paranatinga,Vista alegre,IBGE Malha de Setores Censitários 2022 — atributos territoriais CD_BAIRRO/NM_BAIRRO e correlatos,Bairro IBGE 2022,5106307002
510630705000093,5106307,Paranatinga,Aldeia Indígena Alto Ramalho,IBGE Malha de Setores Censitários 2022 — atributos territoriais CD_BAIRRO/NM_BAIRRO e correlatos,Aglomerado rural IBGE 2022,510630700017
510630705000094,5106307,Paranatinga,Aldeia Indígena Kaikuma,IBGE Malha de Setores Censitários 2022 — atributos territoriais CD_BAIRRO/NM_BAIRRO e correlatos,Aglomerado rural IBGE 2022,510630700018
510630705000095,5106307,Paranatinga,Aldeia Indígena Cabeceira do Azul,IBGE Malha de Setores Censitários 2022 — atributos territoriais CD_BAIRRO/NM_BAIRRO e correlatos,Aglomerado rural IBGE 2022,510630700001
510630705000096,5106307,Paranatinga,Aldeia Indígena Alvorada,IBGE Malha de Setores Censitários 2022 — atributos territoriais CD_BAIRRO/NM_BAIRRO e correlatos,Aglomerado rural IBGE 2022,510630700020
510630705000097,5106307,Paranatinga,Aldeia Indígena Arimateia / Iramatere / Iramateia,IBGE Malha de Setores Censitários 2022 — atributos territoriais CD_BAIRRO/NM_BAIRRO e correlatos,Aglomerado rural IBGE 2022,510630700021
510630705000098,5106307,Paranatinga,Aldeia Indígena Irapuru,IBGE Malha de Setores Censitários 2022 — atributos territoriais CD_BAIRRO/NM_BAIRRO e correlatos,Aglomerado rural IBGE 2022,510630700022
510630705000099,5106307,Paranatinga,Aldeia Indígena Novo Progresso,IBGE Malha de Setores Censitários 2022 — atributos territoriais CD_BAIRRO/NM_BAIRRO e correlatos,Aglomerado rural IBGE 2022,510630700023
510630705000103,5106307,Paranatinga,Vila Nova,IBGE Malha de Setores Censitários 2022 — atributos territoriais CD_BAIRRO/NM_BAIRRO e correlatos,Bairro IBGE 2022,5106307004
510630705000106,5106307,Paranatinga,Aldeia Indígena Irapuru / Uirapuru,IBGE Malha de Setores Censitários 2022 — atributos territoriais CD_BAIRRO/NM_BAIRRO e correlatos,Aglomerado rural IBGE 2022,510630700024
510630705000107,5106307,Paranatinga,Aldeia Indígena Apertado,IBGE Malha de Setores Censitários 2022 — atributos territoriais CD_BAIRRO/NM_BAIRRO e correlatos,Aglomerado rural IBGE 2022,510630700025
510630705000108,5106307,Paranatinga,Aldeia Indígena Darcy Betânia,IBGE Malha de Setores Censitários 2022 — atributos territoriais CD_BAIRRO/NM_BAIRRO e correlatos,Aglomerado rural IBGE 2022,510630700026
510630705000110,5106307,Paranatinga,Aldeia Indígena Emanuel,IBGE Malha de Setores Censitários 2022 — atributos territoriais CD_BAIRRO/NM_BAIRRO e correlatos,Aglomerado rural IBGE 2022,510630700027
510630705000111,5106307,Paranatinga,Aldeia Indígena Saltinho,IBGE Malha de Setores Censitários 2022 — atributos territoriais CD_BAIRRO/NM_BAIRRO e correlatos,Aglomerado rural IBGE 2022,510630700028
510630705000112,5106307,Paranatinga,Aldeia Indígena Jericó,IBGE Malha de Setores Censitários 2022 — atributos territoriais CD_BAIRRO/NM_BAIRRO e correlatos,Aglomerado rural IBGE 2022,510630700029
510630705000113,5106307,Paranatinga,Aldeia Indígena Barra do Gavião,IBGE Malha de Setores Censitários 2022 — atributos territoriais CD_BAIRRO/NM_BAIRRO e correlatos,Aglomerado rural IBGE 2022,510630700030
510630705000114,5106307,Paranatinga,Aldeia Indígena Galileia,IBGE Malha de Setores Censitários 2022 — atributos territoriais CD_BAIRRO/NM_BAIRRO e correlatos,Aglomerado rural IBGE 2022,510630700031
510630705000115,5106307,Paranatinga,Aldeia Indígena Novo Mundo,IBGE Malha de Setores Censitários 2022 — atributos territoriais CD_BAIRRO/NM_BAIRRO e correlatos,Aglomerado rural IBGE 2022,510630700032
510630705000116,5106307,Paranatinga,Aldeia Indígena Vale Da Benção,IBGE Malha de Setores Censitários 2022 — atributos territoriais CD_BAIRRO/NM_BAIRRO e correlatos,Aglomerado rural IBGE 2022,510630700033
510630705000117,5106307,Paranatinga,Aldeia Indígena Jerusalem,IBGE Malha de Setores Censitários 2022 — atributos territoriais CD_BAIRRO/NM_BAIRRO e correlatos,Aglomerado rural IBGE 2022,510630700034
510630705000118,5106307,Paranatinga,Aldeia Indígena Nova Esperança,IBGE Malha de Setores Censitários 2022 — atributos territoriais CD_BAIRRO/NM_BAIRRO e correlatos,Aglomerado rural IBGE 2022,510630700035
510630705000119,5106307,Paranatinga,Aldeia Indígena Meriba,IBGE Malha de Setores Censitários 2022 — atributos territoriais CD_BAIRRO/NM_BAIRRO e correlatos,Aglomerado rural IBGE 2022,510630700036
510630705000120,5106307,Paranatinga,Aldeia Indígena Kadibaneia,IBGE Malha de Setores Censitários 2022 — atributos territoriais CD_BAIRRO/NM_BAIRRO e correlatos,Aglomerado rural IBGE 2022,510630700037
510630705000122,5106307,Paranatinga,Aldeia Indígena Nova Lisboa,IBGE Malha de Setores Censitários 2022 — atributos territoriais CD_BAIRRO/NM_BAIRRO e correlatos,Aglomerado rural IBGE 2022,510630700038
510630705000123,5106307,Paranatinga,Vila Concórdia,IBGE Malha de Setores Censitários 2022 — atributos territoriais CD_BAIRRO/NM_BAIRRO e correlatos,Bairro IBGE 2022,5106307007
510630705000124,5106307,Paranatinga,Vila Concórdia,IBGE Malha de Setores Censitários 2022 — atributos territoriais CD_BAIRRO/NM_BAIRRO e correlatos,Bairro IBGE 2022,5106307007
510630705000125,5106307,Paranatinga,Aldeia indígena Aki Ety,IBGE Malha de Setores Censitários 2022 — atributos territoriais CD_BAIRRO/NM_BAIRRO e correlatos,Aglomerado rural IBGE 2022,510630700042
510630705000126,5106307,Paranatinga,Aldeia indígena Kuiakaware,IBGE Malha de Setores Censitários 2022 — atributos territoriais CD_BAIRRO/NM_BAIRRO e correlatos,Aglomerado rural IBGE 2022,510630700043
510630705000128,5106307,Paranatinga,Aldeia Indígena Yahodo,IBGE Malha de Setores Censitários 2022 — atributos territoriais CD_BAIRRO/NM_BAIRRO e correlatos,Aglomerado rural IBGE 2022,510630700044
510630705000129,5106307,Paranatinga,Novo Horizonte,IBGE Malha de Setores Censitários 2022 — atributos territoriais CD_BAIRRO/NM_BAIRRO e correlatos,Bairro IBGE 2022,5106307005
510630705000130,5106307,Paranatinga,Novo Horizonte,IBGE Malha de Setores Censitários 2022 — atributos territoriais CD_BAIRRO/NM_BAIRRO e correlatos,Bairro IBGE 2022,5106307005
510630705000131,5106307,Paranatinga,Teles Pires,IBGE Malha de Setores Censitários 2022 — atributos territoriais CD_BAIRRO/NM_BAIRRO e correlatos,Bairro IBGE 2022,5106307001
510630705000132,5106307,Paranatinga,Teles Pires,IBGE Malha de Setores Censitários 2022 — atributos territoriais CD_BAIRRO/NM_BAIRRO e correlatos,Bairro IBGE 2022,5106307001
510630715000001,5106307,Paranatinga,Salto da Alegria,IBGE Malha de Setores Censitários 2022 — atributos territoriais CD_BAIRRO/NM_BAIRRO e correlatos,Distrito IBGE 2022,510630715
510630715000003,5106307,Paranatinga,Salto da Alegria,IBGE Malha de Setores Censitários 2022 — atributos territoriais CD_BAIRRO/NM_BAIRRO e correlatos,Distrito IBGE 2022,510630715
510630715000004,5106307,Paranatinga,Salto da Alegria,IBGE Malha de Setores Censitários 2022 — atributos territoriais CD_BAIRRO/NM_BAIRRO e correlatos,Distrito IBGE 2022,510630715
510630715000005,5106307,Paranatinga,Salto da Alegria,IBGE Malha de Setores Censitários 2022 — atributos territoriais CD_BAIRRO/NM_BAIRRO e correlatos,Distrito IBGE 2022,510630715
510630715000006,5106307,Paranatinga,Salto da Alegria,IBGE Malha de Setores Censitários 2022 — atributos territoriais CD_BAIRRO/NM_BAIRRO e correlatos,Distrito IBGE 2022,510630715
510630715000008,5106307,Paranatinga,Salto da Alegria,IBGE Malha de Setores Censitários 2022 — atributos territoriais CD_BAIRRO/NM_BAIRRO e correlatos,Distrito IBGE 2022,510630715
510630715000009,5106307,Paranatinga,Salto da Alegria,IBGE Malha de Setores Censitários 2022 — atributos territoriais CD_BAIRRO/NM_BAIRRO e correlatos,Distrito IBGE 2022,510630715
510630715000010,5106307,Paranatinga,Salto da Alegria,IBGE Malha de Setores Censitários 2022 — atributos territoriais CD_BAIRRO/NM_BAIRRO e correlatos,Distrito IBGE 2022,510630715
510630715000011,5106307,Paranatinga,Salto da Alegria,IBGE Malha de Setores Censitários 2022 — atributos territoriais CD_BAIRRO/NM_BAIRRO e correlatos,Distrito IBGE 2022,510630715
510630715000012,5106307,Paranatinga,Salto da Alegria,IBGE Malha de Setores Censitários 2022 — atributos territoriais CD_BAIRRO/NM_BAIRRO e correlatos,Distrito IBGE 2022,510630715
510630715000013,5106307,Paranatinga,Salto da Alegria,IBGE Malha de Setores Censitários 2022 — atributos territoriais CD_BAIRRO/NM_BAIRRO e correlatos,Distrito IBGE 2022,510630715
510630715000014,5106307,Paranatinga,Salto da Alegria,IBGE Malha de Setores Censitários 2022 — atributos territoriais CD_BAIRRO/NM_BAIRRO e correlatos,Distrito IBGE 2022,510630715
510630715000015,5106307,Paranatinga,Salto da Alegria,IBGE Malha de Setores Censitários 2022 — atributos territoriais CD_BAIRRO/NM_BAIRRO e correlatos,Distrito IBGE 2022,510630715
510630715000016,5106307,Paranatinga,Salto da Alegria,IBGE Malha de Setores Censitários 2022 — atributos territoriais CD_BAIRRO/NM_BAIRRO e correlatos,Distrito IBGE 2022,510630715
510630715000019,5106307,Paranatinga,Salto da Alegria,IBGE Malha de Setores Censitários 2022 — atributos territoriais CD_BAIRRO/NM_BAIRRO e correlatos,Distrito IBGE 2022,510630715
510630715000020,5106307,Paranatinga,Santiago do Norte,IBGE Malha de Setores Censitários 2022 — atributos territoriais CD_BAIRRO/NM_BAIRRO e correlatos,Aglomerado rural IBGE 2022,510630700015
510630715000021,5106307,Paranatinga,Salto da Alegria,IBGE Malha de Setores Censitários 2022 — atributos territoriais CD_BAIRRO/NM_BAIRRO e correlatos,Distrito IBGE 2022,510630715
510630715000022,5106307,Paranatinga,Salto da Alegria,IBGE Malha de Setores Censitários 2022 — atributos territoriais CD_BAIRRO/NM_BAIRRO e correlatos,Distrito IBGE 2022,510630715
510630715000023,5106307,Paranatinga,Salto da Alegria,IBGE Malha de Setores Censitários 2022 — atributos territoriais CD_BAIRRO/NM_BAIRRO e correlatos,Distrito IBGE 2022,510630715
510630715000024,5106307,Paranatinga,Aldeia Indígena Alamo,IBGE Malha de Setores Censitários 2022 — atributos territoriais CD_BAIRRO/NM_BAIRRO e correlatos,Aglomerado rural IBGE 2022,510630700039
510630715000025,5106307,Paranatinga,Aldeia Indígena Tsekuro,IBGE Malha de Setores Censitários 2022 — atributos territoriais CD_BAIRRO/NM_BAIRRO e correlatos,Aglomerado rural IBGE 2022,510630700040
510630715000026,5106307,Paranatinga,Salto da Alegria,IBGE Malha de Setores Censitários 2022 — atributos territoriais CD_BAIRRO/NM_BAIRRO e correlatos,Distrito IBGE 2022,510630715
510630715000027,5106307,Paranatinga,Aldeia Indígena Topepeweke,IBGE Malha de Setores Censitários 2022 — atributos territoriais CD_BAIRRO/NM_BAIRRO e correlatos,Aglomerado rural IBGE 2022,510630700041
510630715000028,5106307,Paranatinga,Santiago do Norte,IBGE Malha de Setores Censitários 2022 — atributos territoriais CD_BAIRRO/NM_BAIRRO e correlatos,Aglomerado rural IBGE 2022,510630700015
510630715000029,5106307,Paranatinga,Santiago do Norte,IBGE Malha de Setores Censitários 2022 — atributos territoriais CD_BAIRRO/NM_BAIRRO e correlatos,Aglomerado rural IBGE 2022,510630700015
510631505000014,5106315,Novo Santo Antônio,Vila Trindade,IBGE Malha de Setores Censitários 2022 — atributos territoriais CD_BAIRRO/NM_BAIRRO e correlatos,Aglomerado rural IBGE 2022,510631500001
510637205000023,5106372,Pedra Preta,Nova Araçatuba,IBGE Malha de Setores Censitários 2022 — atributos territoriais CD_BAIRRO/NM_BAIRRO e correlatos,Aglomerado rural IBGE 2022,510637200001
510637205000031,5106372,Pedra Preta,Garça Branca,IBGE Malha de Setores Censitários 2022 — atributos territoriais CD_BAIRRO/NM_BAIRRO e correlatos,Aglomerado rural IBGE 2022,510637200002
510637205000063,5106372,Pedra Preta,Garça Branca,IBGE Malha de Setores Censitários 2022 — atributos territoriais CD_BAIRRO/NM_BAIRRO e correlatos,Aglomerado rural IBGE 2022,510637200002
510637205000064,5106372,Pedra Preta,Garça Branca,IBGE Malha de Setores Censitários 2022 — atributos territoriais CD_BAIRRO/NM_BAIRRO e correlatos,Aglomerado rural IBGE 2022,510637200002
510637210000001,5106372,Pedra Preta,São José do Planalto,IBGE Malha de Setores Censitários 2022 — atributos territoriais CD_BAIRRO/NM_BAIRRO e correlatos,Distrito IBGE 2022,510637210
510642205000035,5106422,Peixoto de Azevedo,Aldeia Indígena Kempó,IBGE Malha de Setores Censitários 2022 — atributos territoriais CD_BAIRRO/NM_BAIRRO e correlatos,Aglomerado rural IBGE 2022,510642200001
510642205000036,5106422,Peixoto de Azevedo,Aldeia Indígena Pium,IBGE Malha de Setores Censitários 2022 — atributos territoriais CD_BAIRRO/NM_BAIRRO e correlatos,Aglomerado rural IBGE 2022,510642200002
510642205000037,5106422,Peixoto de Azevedo,Aldeia Indígena Jatobá,IBGE Malha de Setores Censitários 2022 — atributos territoriais CD_BAIRRO/NM_BAIRRO e correlatos,Aglomerado rural IBGE 2022,510642200004
510642205000074,5106422,Peixoto de Azevedo,Aldeia Indígena Kapoto,IBGE Malha de Setores Censitários 2022 — atributos territoriais CD_BAIRRO/NM_BAIRRO e correlatos,Aglomerado rural IBGE 2022,510642200007
510642205000076,5106422,Peixoto de Azevedo,Aldeia Indígena Kororoti / Koropoty,IBGE Malha de Setores Censitários 2022 — atributos territoriais CD_BAIRRO/NM_BAIRRO e correlatos,Aglomerado rural IBGE 2022,510642200008
510642205000078,5106422,Peixoto de Azevedo,Aldeia Indígena Wani Wani / Uanin Uanin / Peixoto De Azevedo,IBGE Malha de Setores Censitários 2022 — atributos territoriais CD_BAIRRO/NM_BAIRRO e correlatos,Aglomerado rural IBGE 2022,510642200009
510642205000079,5106422,Peixoto de Azevedo,Aldeia Indígena Bytire,IBGE Malha de Setores Censitários 2022 — atributos territoriais CD_BAIRRO/NM_BAIRRO e correlatos,Aglomerado rural IBGE 2022,510642200010
510642205000080,5106422,Peixoto de Azevedo,Aldeia Indígena Kaweretxiko / Kaberetiko,IBGE Malha de Setores Censitários 2022 — atributos territoriais CD_BAIRRO/NM_BAIRRO e correlatos,Aglomerado rural IBGE 2022,510642200011
510642205000081,5106422,Peixoto de Azevedo,Aldeia Indígena Kromare,IBGE Malha de Setores Censitários 2022 — atributos territoriais CD_BAIRRO/NM_BAIRRO e correlatos,Aglomerado rural IBGE 2022,510642200012
510642205000082,5106422,Peixoto de Azevedo,Aldeia Indígena Metuktire,IBGE Malha de Setores Censitários 2022 — atributos territoriais CD_BAIRRO/NM_BAIRRO e correlatos,Aglomerado rural IBGE 2022,510642200013
510642205000090,5106422,Peixoto de Azevedo,Aldeia Indígena Nova Kromare,IBGE Malha de Setores Censitários 2022 — atributos territoriais CD_BAIRRO/NM_BAIRRO e correlatos,Aglomerado rural IBGE 2022,510642200014
510642205000092,5106422,Peixoto de Azevedo,Aldeia Indígena Comunidade Indigena Kopenoty,IBGE Malha de Setores Censitários 2022 — atributos territoriais CD_BAIRRO/NM_BAIRRO e correlatos,Aglomerado rural IBGE 2022,510642200015
510642205000098,5106422,Peixoto de Azevedo,Aldeia Indígena Tonhore,IBGE Malha de Setores Censitários 2022 — atributos territoriais CD_BAIRRO/NM_BAIRRO e correlatos,Aglomerado rural IBGE 2022,510642200017
510642205000100,5106422,Peixoto de Azevedo,Aldeia Indígena Koiko,IBGE Malha de Setores Censitários 2022 — atributos territoriais CD_BAIRRO/NM_BAIRRO e correlatos,Aglomerado rural IBGE 2022,510642200018
510642210000001,5106422,Peixoto de Azevedo,União do Norte,IBGE Malha de Setores Censitários 2022 — atributos territoriais CD_BAIRRO/NM_BAIRRO e correlatos,Distrito IBGE 2022,510642210
510642210000002,5106422,Peixoto de Azevedo,União do Norte,IBGE Malha de Setores Censitários 2022 — atributos territoriais CD_BAIRRO/NM_BAIRRO e correlatos,Distrito IBGE 2022,510642210
510642210000003,5106422,Peixoto de Azevedo,União do Norte,IBGE Malha de Setores Censitários 2022 — atributos territoriais CD_BAIRRO/NM_BAIRRO e correlatos,Distrito IBGE 2022,510642210
510642210000004,5106422,Peixoto de Azevedo,União do Norte,IBGE Malha de Setores Censitários 2022 — atributos territoriais CD_BAIRRO/NM_BAIRRO e correlatos,Distrito IBGE 2022,510642210
510642210000005,5106422,Peixoto de Azevedo,União do Norte,IBGE Malha de Setores Censitários 2022 — atributos territoriais CD_BAIRRO/NM_BAIRRO e correlatos,Distrito IBGE 2022,510642210
510642210000006,5106422,Peixoto de Azevedo,União do Norte,IBGE Malha de Setores Censitários 2022 — atributos territoriais CD_BAIRRO/NM_BAIRRO e correlatos,Distrito IBGE 2022,510642210
510645505000010,5106455,Planalto da Serra,Aldeia Indígena Sawopa,IBGE Malha de Setores Censitários 2022 — atributos territoriais CD_BAIRRO/NM_BAIRRO e correlatos,Aglomerado rural IBGE 2022,510645500001
510650505000035,5106505,Poconé,Comunidade Quilombola Nossa Senhora Aparecida do Chumbo,IBGE Malha de Setores Censitários 2022 — atributos territoriais CD_BAIRRO/NM_BAIRRO e correlatos,Aglomerado rural IBGE 2022,510650500001
510650505000077,5106505,Poconé,Comunidade Quilombola Canto do Agostinho/Cágado,IBGE Malha de Setores Censitários 2022 — atributos territoriais CD_BAIRRO/NM_BAIRRO e correlatos,Aglomerado rural IBGE 2022,510650500004
510650510000001,5106505,Poconé,Cangas,IBGE Malha de Setores Censitários 2022 — atributos territoriais CD_BAIRRO/NM_BAIRRO e correlatos,Distrito IBGE 2022,510650510
510650510000004,5106505,Poconé,Cangas,IBGE Malha de Setores Censitários 2022 — atributos territoriais CD_BAIRRO/NM_BAIRRO e correlatos,Distrito IBGE 2022,510650510
510650510000005,5106505,Poconé,Cangas,IBGE Malha de Setores Censitários 2022 — atributos territoriais CD_BAIRRO/NM_BAIRRO e correlatos,Distrito IBGE 2022,510650510
510650510000006,5106505,Poconé,Cangas,IBGE Malha de Setores Censitários 2022 — atributos territoriais CD_BAIRRO/NM_BAIRRO e correlatos,Distrito IBGE 2022,510650510
510650510000007,5106505,Poconé,Cangas,IBGE Malha de Setores Censitários 2022 — atributos territoriais CD_BAIRRO/NM_BAIRRO e correlatos,Distrito IBGE 2022,510650510
510650510000008,5106505,Poconé,Comunidade Quilombola Morrinhos,IBGE Malha de Setores Censitários 2022 — atributos territoriais CD_BAIRRO/NM_BAIRRO e correlatos,Aglomerado rural IBGE 2022,510650500003
510650515000002,5106505,Poconé,Nossa Senhora Aparecida do Chumbo,IBGE Malha de Setores Censitários 2022 — atributos territoriais CD_BAIRRO/NM_BAIRRO e correlatos,Distrito IBGE 2022,510650515
510650515000003,5106505,Poconé,Nossa Senhora Aparecida do Chumbo,IBGE Malha de Setores Censitários 2022 — atributos territoriais CD_BAIRRO/NM_BAIRRO e correlatos,Distrito IBGE 2022,510650515
510650515000004,5106505,Poconé,Nossa Senhora Aparecida do Chumbo,IBGE Malha de Setores Censitários 2022 — atributos territoriais CD_BAIRRO/NM_BAIRRO e correlatos,Distrito IBGE 2022,510650515
510650515000006,5106505,Poconé,Nossa Senhora Aparecida do Chumbo,IBGE Malha de Setores Censitários 2022 — atributos territoriais CD_BAIRRO/NM_BAIRRO e correlatos,Distrito IBGE 2022,510650515
510650515000007,5106505,Poconé,Comunidade Quilombola Aranha,IBGE Malha de Setores Censitários 2022 — atributos territoriais CD_BAIRRO/NM_BAIRRO e correlatos,Aglomerado rural IBGE 2022,510650500005
510650515000009,5106505,Poconé,Nossa Senhora Aparecida do Chumbo,IBGE Malha de Setores Censitários 2022 — atributos territoriais CD_BAIRRO/NM_BAIRRO e correlatos,Distrito IBGE 2022,510650515
510650515000010,5106505,Poconé,Nossa Senhora Aparecida do Chumbo,IBGE Malha de Setores Censitários 2022 — atributos territoriais CD_BAIRRO/NM_BAIRRO e correlatos,Distrito IBGE 2022,510650515
510650515000011,5106505,Poconé,Nossa Senhora Aparecida do Chumbo,IBGE Malha de Setores Censitários 2022 — atributos territoriais CD_BAIRRO/NM_BAIRRO e correlatos,Distrito IBGE 2022,510650515
510650515000012,5106505,Poconé,Nossa Senhora Aparecida do Chumbo,IBGE Malha de Setores Censitários 2022 — atributos territoriais CD_BAIRRO/NM_BAIRRO e correlatos,Distrito IBGE 2022,510650515
510675205000001,5106752,Pontes e Lacerda,Centro,IBGE Malha de Setores Censitários 2022 — atributos territoriais CD_BAIRRO/NM_BAIRRO e correlatos,Bairro IBGE 2022,5106752001
510675205000002,5106752,Pontes e Lacerda,Jardim Buriti,IBGE Malha de Setores Censitários 2022 — atributos territoriais CD_BAIRRO/NM_BAIRRO e correlatos,Bairro IBGE 2022,5106752016
510675205000003,5106752,Pontes e Lacerda,Jardim Buriti,IBGE Malha de Setores Censitários 2022 — atributos territoriais CD_BAIRRO/NM_BAIRRO e correlatos,Bairro IBGE 2022,5106752016
510675205000004,5106752,Pontes e Lacerda,Centro,IBGE Malha de Setores Censitários 2022 — atributos territoriais CD_BAIRRO/NM_BAIRRO e correlatos,Bairro IBGE 2022,5106752001
510675205000005,5106752,Pontes e Lacerda,Santa Cruz,IBGE Malha de Setores Censitários 2022 — atributos territoriais CD_BAIRRO/NM_BAIRRO e correlatos,Bairro IBGE 2022,5106752015
510675205000006,5106752,Pontes e Lacerda,6 de Abril,IBGE Malha de Setores Censitários 2022 — atributos territoriais CD_BAIRRO/NM_BAIRRO e correlatos,Bairro IBGE 2022,5106752006
510675205000007,5106752,Pontes e Lacerda,6 de Abril,IBGE Malha de Setores Censitários 2022 — atributos territoriais CD_BAIRRO/NM_BAIRRO e correlatos,Bairro IBGE 2022,5106752006
510675205000008,5106752,Pontes e Lacerda,6 de Abril,IBGE Malha de Setores Censitários 2022 — atributos territoriais CD_BAIRRO/NM_BAIRRO e correlatos,Bairro IBGE 2022,5106752006
510675205000009,5106752,Pontes e Lacerda,Jardim Buriti,IBGE Malha de Setores Censitários 2022 — atributos territoriais CD_BAIRRO/NM_BAIRRO e correlatos,Bairro IBGE 2022,5106752016
510675205000010,5106752,Pontes e Lacerda,Jardim Buriti,IBGE Malha de Setores Censitários 2022 — atributos territoriais CD_BAIRRO/NM_BAIRRO e correlatos,Bairro IBGE 2022,5106752016
510675205000013,5106752,Pontes e Lacerda,São José,IBGE Malha de Setores Censitários 2022 — atributos territoriais CD_BAIRRO/NM_BAIRRO e correlatos,Bairro IBGE 2022,5106752014
510675205000014,5106752,Pontes e Lacerda,São José,IBGE Malha de Setores Censitários 2022 — atributos territoriais CD_BAIRRO/NM_BAIRRO e correlatos,Bairro IBGE 2022,5106752014
510675205000015,5106752,Pontes e Lacerda,Santa Cruz,IBGE Malha de Setores Censitários 2022 — atributos territoriais CD_BAIRRO/NM_BAIRRO e correlatos,Bairro IBGE 2022,5106752015
510675205000016,5106752,Pontes e Lacerda,Bela Vista,IBGE Malha de Setores Censitários 2022 — atributos territoriais CD_BAIRRO/NM_BAIRRO e correlatos,Bairro IBGE 2022,5106752013
510675205000017,5106752,Pontes e Lacerda,Bela Vista,IBGE Malha de Setores Censitários 2022 — atributos territoriais CD_BAIRRO/NM_BAIRRO e correlatos,Bairro IBGE 2022,5106752013
510675205000018,5106752,Pontes e Lacerda,Flor da Serra,IBGE Malha de Setores Censitários 2022 — atributos territoriais CD_BAIRRO/NM_BAIRRO e correlatos,Bairro IBGE 2022,5106752008
510675205000019,5106752,Pontes e Lacerda,Cantão,IBGE Malha de Setores Censitários 2022 — atributos territoriais CD_BAIRRO/NM_BAIRRO e correlatos,Bairro IBGE 2022,5106752007
510675205000020,5106752,Pontes e Lacerda,Cantão,IBGE Malha de Setores Censitários 2022 — atributos territoriais CD_BAIRRO/NM_BAIRRO e correlatos,Bairro IBGE 2022,5106752007
510675205000021,5106752,Pontes e Lacerda,Cantão,IBGE Malha de Setores Censitários 2022 — atributos territoriais CD_BAIRRO/NM_BAIRRO e correlatos,Bairro IBGE 2022,5106752007
510675205000023,5106752,Pontes e Lacerda,Morada da Serra,IBGE Malha de Setores Censitários 2022 — atributos territoriais CD_BAIRRO/NM_BAIRRO e correlatos,Bairro IBGE 2022,5106752003
510675205000025,5106752,Pontes e Lacerda,Vila Guaporé,IBGE Malha de Setores Censitários 2022 — atributos territoriais CD_BAIRRO/NM_BAIRRO e correlatos,Bairro IBGE 2022,5106752002
510675205000027,5106752,Pontes e Lacerda,Jardim Buriti,IBGE Malha de Setores Censitários 2022 — atributos territoriais CD_BAIRRO/NM_BAIRRO e correlatos,Bairro IBGE 2022,5106752016
510675205000028,5106752,Pontes e Lacerda,Centro,IBGE Malha de Setores Censitários 2022 — atributos territoriais CD_BAIRRO/NM_BAIRRO e correlatos,Bairro IBGE 2022,5106752001
510675205000029,5106752,Pontes e Lacerda,Centro,IBGE Malha de Setores Censitários 2022 — atributos territoriais CD_BAIRRO/NM_BAIRRO e correlatos,Bairro IBGE 2022,5106752001
510675205000030,5106752,Pontes e Lacerda,6 de Abril,IBGE Malha de Setores Censitários 2022 — atributos territoriais CD_BAIRRO/NM_BAIRRO e correlatos,Bairro IBGE 2022,5106752006
510675205000031,5106752,Pontes e Lacerda,Centro,IBGE Malha de Setores Censitários 2022 — atributos territoriais CD_BAIRRO/NM_BAIRRO e correlatos,Bairro IBGE 2022,5106752001
510675205000032,5106752,Pontes e Lacerda,Bela Vista,IBGE Malha de Setores Censitários 2022 — atributos territoriais CD_BAIRRO/NM_BAIRRO e correlatos,Bairro IBGE 2022,5106752013
510675205000033,5106752,Pontes e Lacerda,Bela Vista,IBGE Malha de Setores Censitários 2022 — atributos territoriais CD_BAIRRO/NM_BAIRRO e correlatos,Bairro IBGE 2022,5106752013
510675205000034,5106752,Pontes e Lacerda,DERMAT,IBGE Malha de Setores Censitários 2022 — atributos territoriais CD_BAIRRO/NM_BAIRRO e correlatos,Bairro IBGE 2022,5106752009
510675205000035,5106752,Pontes e Lacerda,Cantão,IBGE Malha de Setores Censitários 2022 — atributos territoriais CD_BAIRRO/NM_BAIRRO e correlatos,Bairro IBGE 2022,5106752007
510675205000036,5106752,Pontes e Lacerda,DERMAT,IBGE Malha de Setores Censitários 2022 — atributos territoriais CD_BAIRRO/NM_BAIRRO e correlatos,Bairro IBGE 2022,5106752009
510675205000037,5106752,Pontes e Lacerda,Cantão,IBGE Malha de Setores Censitários 2022 — atributos territoriais CD_BAIRRO/NM_BAIRRO e correlatos,Bairro IBGE 2022,5106752007
510675205000038,5106752,Pontes e Lacerda,Morada da Serra,IBGE Malha de Setores Censitários 2022 — atributos territoriais CD_BAIRRO/NM_BAIRRO e correlatos,Bairro IBGE 2022,5106752003
510675205000039,5106752,Pontes e Lacerda,Jardim Marília,IBGE Malha de Setores Censitários 2022 — atributos territoriais CD_BAIRRO/NM_BAIRRO e correlatos,Bairro IBGE 2022,5106752012
510675205000052,5106752,Pontes e Lacerda,Fazenda Triângulo,IBGE Malha de Setores Censitários 2022 — atributos territoriais CD_BAIRRO/NM_BAIRRO e correlatos,Aglomerado rural IBGE 2022,510675200003
510675205000060,5106752,Pontes e Lacerda,6 de Abril,IBGE Malha de Setores Censitários 2022 — atributos territoriais CD_BAIRRO/NM_BAIRRO e correlatos,Bairro IBGE 2022,5106752006
510675205000061,5106752,Pontes e Lacerda,Centro,IBGE Malha de Setores Censitários 2022 — atributos territoriais CD_BAIRRO/NM_BAIRRO e correlatos,Bairro IBGE 2022,5106752001
510675205000062,5106752,Pontes e Lacerda,6 de Abril,IBGE Malha de Setores Censitários 2022 — atributos territoriais CD_BAIRRO/NM_BAIRRO e correlatos,Bairro IBGE 2022,5106752006
510675205000063,5106752,Pontes e Lacerda,Centro,IBGE Malha de Setores Censitários 2022 — atributos territoriais CD_BAIRRO/NM_BAIRRO e correlatos,Bairro IBGE 2022,5106752001
510675205000064,5106752,Pontes e Lacerda,Centro,IBGE Malha de Setores Censitários 2022 — atributos territoriais CD_BAIRRO/NM_BAIRRO e correlatos,Bairro IBGE 2022,5106752001
510675205000065,5106752,Pontes e Lacerda,Cantão,IBGE Malha de Setores Censitários 2022 — atributos territoriais CD_BAIRRO/NM_BAIRRO e correlatos,Bairro IBGE 2022,5106752007
510675205000066,5106752,Pontes e Lacerda,6 de Abril,IBGE Malha de Setores Censitários 2022 — atributos territoriais CD_BAIRRO/NM_BAIRRO e correlatos,Bairro IBGE 2022,5106752006
510675205000067,5106752,Pontes e Lacerda,6 de Abril,IBGE Malha de Setores Censitários 2022 — atributos territoriais CD_BAIRRO/NM_BAIRRO e correlatos,Bairro IBGE 2022,5106752006
510675205000069,5106752,Pontes e Lacerda,Jardim Buriti,IBGE Malha de Setores Censitários 2022 — atributos territoriais CD_BAIRRO/NM_BAIRRO e correlatos,Bairro IBGE 2022,5106752016
510675205000070,5106752,Pontes e Lacerda,Santa Cruz,IBGE Malha de Setores Censitários 2022 — atributos territoriais CD_BAIRRO/NM_BAIRRO e correlatos,Bairro IBGE 2022,5106752015
510675205000072,5106752,Pontes e Lacerda,São José,IBGE Malha de Setores Censitários 2022 — atributos territoriais CD_BAIRRO/NM_BAIRRO e correlatos,Bairro IBGE 2022,5106752014
510675205000073,5106752,Pontes e Lacerda,São José,IBGE Malha de Setores Censitários 2022 — atributos territoriais CD_BAIRRO/NM_BAIRRO e correlatos,Bairro IBGE 2022,5106752014
510675205000074,5106752,Pontes e Lacerda,Santa Cruz,IBGE Malha de Setores Censitários 2022 — atributos territoriais CD_BAIRRO/NM_BAIRRO e correlatos,Bairro IBGE 2022,5106752015
510675205000075,5106752,Pontes e Lacerda,São José,IBGE Malha de Setores Censitários 2022 — atributos territoriais CD_BAIRRO/NM_BAIRRO e correlatos,Bairro IBGE 2022,5106752014
510675205000076,5106752,Pontes e Lacerda,São José,IBGE Malha de Setores Censitários 2022 — atributos territoriais CD_BAIRRO/NM_BAIRRO e correlatos,Bairro IBGE 2022,5106752014
510675205000077,5106752,Pontes e Lacerda,Bela Vista,IBGE Malha de Setores Censitários 2022 — atributos territoriais CD_BAIRRO/NM_BAIRRO e correlatos,Bairro IBGE 2022,5106752013
510675205000078,5106752,Pontes e Lacerda,Bela Vista,IBGE Malha de Setores Censitários 2022 — atributos territoriais CD_BAIRRO/NM_BAIRRO e correlatos,Bairro IBGE 2022,5106752013
510675205000079,5106752,Pontes e Lacerda,Flor da Serra,IBGE Malha de Setores Censitários 2022 — atributos territoriais CD_BAIRRO/NM_BAIRRO e correlatos,Bairro IBGE 2022,5106752008
510675205000080,5106752,Pontes e Lacerda,Flor da Serra,IBGE Malha de Setores Censitários 2022 — atributos territoriais CD_BAIRRO/NM_BAIRRO e correlatos,Bairro IBGE 2022,5106752008
510675205000081,5106752,Pontes e Lacerda,Altos da Glória,IBGE Malha de Setores Censitários 2022 — atributos territoriais CD_BAIRRO/NM_BAIRRO e correlatos,Bairro IBGE 2022,5106752004
510675205000082,5106752,Pontes e Lacerda,EBEC,IBGE Malha de Setores Censitários 2022 — atributos territoriais CD_BAIRRO/NM_BAIRRO e correlatos,Bairro IBGE 2022,5106752005
510675205000083,5106752,Pontes e Lacerda,Morada da Serra,IBGE Malha de Setores Censitários 2022 — atributos territoriais CD_BAIRRO/NM_BAIRRO e correlatos,Bairro IBGE 2022,5106752003
510675205000084,5106752,Pontes e Lacerda,Jardim Buriti,IBGE Malha de Setores Censitários 2022 — atributos territoriais CD_BAIRRO/NM_BAIRRO e correlatos,Bairro IBGE 2022,5106752016
510675205000085,5106752,Pontes e Lacerda,Vila Guaporé,IBGE Malha de Setores Censitários 2022 — atributos territoriais CD_BAIRRO/NM_BAIRRO e correlatos,Bairro IBGE 2022,5106752002
510675205000086,5106752,Pontes e Lacerda,Jardim Buriti,IBGE Malha de Setores Censitários 2022 — atributos territoriais CD_BAIRRO/NM_BAIRRO e correlatos,Bairro IBGE 2022,5106752016
510675205000087,5106752,Pontes e Lacerda,Cantão,IBGE Malha de Setores Censitários 2022 — atributos territoriais CD_BAIRRO/NM_BAIRRO e correlatos,Bairro IBGE 2022,5106752007
510675205000088,5106752,Pontes e Lacerda,São José,IBGE Malha de Setores Censitários 2022 — atributos territoriais CD_BAIRRO/NM_BAIRRO e correlatos,Bairro IBGE 2022,5106752014
510675205000089,5106752,Pontes e Lacerda,São José,IBGE Malha de Setores Censitários 2022 — atributos territoriais CD_BAIRRO/NM_BAIRRO e correlatos,Bairro IBGE 2022,5106752014
510675205000090,5106752,Pontes e Lacerda,São José,IBGE Malha de Setores Censitários 2022 — atributos territoriais CD_BAIRRO/NM_BAIRRO e correlatos,Bairro IBGE 2022,5106752014
510675205000091,5106752,Pontes e Lacerda,Flor da Serra,IBGE Malha de Setores Censitários 2022 — atributos territoriais CD_BAIRRO/NM_BAIRRO e correlatos,Bairro IBGE 2022,5106752008
510675205000092,5106752,Pontes e Lacerda,Bela Vista,IBGE Malha de Setores Censitários 2022 — atributos territoriais CD_BAIRRO/NM_BAIRRO e correlatos,Bairro IBGE 2022,5106752013
510675205000093,5106752,Pontes e Lacerda,Bela Vista,IBGE Malha de Setores Censitários 2022 — atributos territoriais CD_BAIRRO/NM_BAIRRO e correlatos,Bairro IBGE 2022,5106752013
510675205000094,5106752,Pontes e Lacerda,Flor da Serra,IBGE Malha de Setores Censitários 2022 — atributos territoriais CD_BAIRRO/NM_BAIRRO e correlatos,Bairro IBGE 2022,5106752008
510675205000097,5106752,Pontes e Lacerda,Jardim das Palmeiras,IBGE Malha de Setores Censitários 2022 — atributos territoriais CD_BAIRRO/NM_BAIRRO e correlatos,Bairro IBGE 2022,5106752011
510675205000098,5106752,Pontes e Lacerda,Jardim das Palmeiras,IBGE Malha de Setores Censitários 2022 — atributos territoriais CD_BAIRRO/NM_BAIRRO e correlatos,Bairro IBGE 2022,5106752011
510675205000100,5106752,Pontes e Lacerda,Jardim Alvorada,IBGE Malha de Setores Censitários 2022 — atributos territoriais CD_BAIRRO/NM_BAIRRO e correlatos,Bairro IBGE 2022,5106752010
510675205000102,5106752,Pontes e Lacerda,Vila Matão,IBGE Malha de Setores Censitários 2022 — atributos territoriais CD_BAIRRO/NM_BAIRRO e correlatos,Aglomerado rural IBGE 2022,510675200007
510675205000105,5106752,Pontes e Lacerda,Flor da Serra,IBGE Malha de Setores Censitários 2022 — atributos territoriais CD_BAIRRO/NM_BAIRRO e correlatos,Bairro IBGE 2022,5106752008
510675205000106,5106752,Pontes e Lacerda,Santa Cruz,IBGE Malha de Setores Censitários 2022 — atributos territoriais CD_BAIRRO/NM_BAIRRO e correlatos,Bairro IBGE 2022,5106752015
510675205000107,5106752,Pontes e Lacerda,Altos da Glória,IBGE Malha de Setores Censitários 2022 — atributos territoriais CD_BAIRRO/NM_BAIRRO e correlatos,Bairro IBGE 2022,5106752004
510675205000115,5106752,Pontes e Lacerda,Cantão,IBGE Malha de Setores Censitários 2022 — atributos territoriais CD_BAIRRO/NM_BAIRRO e correlatos,Bairro IBGE 2022,5106752007
510675205000116,5106752,Pontes e Lacerda,Morada da Serra,IBGE Malha de Setores Censitários 2022 — atributos territoriais CD_BAIRRO/NM_BAIRRO e correlatos,Bairro IBGE 2022,5106752003
510675205000118,5106752,Pontes e Lacerda,Jardim Marília,IBGE Malha de Setores Censitários 2022 — atributos territoriais CD_BAIRRO/NM_BAIRRO e correlatos,Bairro IBGE 2022,5106752012
510675205000119,5106752,Pontes e Lacerda,Jardim Marília,IBGE Malha de Setores Censitários 2022 — atributos territoriais CD_BAIRRO/NM_BAIRRO e correlatos,Bairro IBGE 2022,5106752012
510675205000120,5106752,Pontes e Lacerda,Jardim Marília,IBGE Malha de Setores Censitários 2022 — atributos territoriais CD_BAIRRO/NM_BAIRRO e correlatos,Bairro IBGE 2022,5106752012
510675205000125,5106752,Pontes e Lacerda,Aglomerado Rural Triunfo,IBGE Malha de Setores Censitários 2022 — atributos territoriais CD_BAIRRO/NM_BAIRRO e correlatos,Aglomerado rural IBGE 2022,510675200008
510675205000129,5106752,Pontes e Lacerda,Presídio de Pontes e Lacerda,IBGE Malha de Setores Censitários 2022 — atributos territoriais CD_BAIRRO/NM_BAIRRO e correlatos,Núcleo urbano IBGE 2022,5106752001
510675205000134,5106752,Pontes e Lacerda,Santa Cruz,IBGE Malha de Setores Censitários 2022 — atributos territoriais CD_BAIRRO/NM_BAIRRO e correlatos,Bairro IBGE 2022,5106752015
510675205000135,5106752,Pontes e Lacerda,Santa Cruz,IBGE Malha de Setores Censitários 2022 — atributos territoriais CD_BAIRRO/NM_BAIRRO e correlatos,Bairro IBGE 2022,5106752015
510677805000011,5106778,Porto Alegre do Norte,Agrovila do PE Nova Floresta,IBGE Malha de Setores Censitários 2022 — atributos territoriais CD_BAIRRO/NM_BAIRRO e correlatos,Aglomerado rural IBGE 2022,510677800001
510677805000021,5106778,Porto Alegre do Norte,Agrovila do PE Nova Floresta,IBGE Malha de Setores Censitários 2022 — atributos territoriais CD_BAIRRO/NM_BAIRRO e correlatos,Aglomerado rural IBGE 2022,510677800001
510677805000022,5106778,Porto Alegre do Norte,Agrovila do PA Santo Antônio do Fontoura,IBGE Malha de Setores Censitários 2022 — atributos territoriais CD_BAIRRO/NM_BAIRRO e correlatos,Aglomerado rural IBGE 2022,510677800002
510677805000035,5106778,Porto Alegre do Norte,Aldeia Indígena Sapeva,IBGE Malha de Setores Censitários 2022 — atributos territoriais CD_BAIRRO/NM_BAIRRO e correlatos,Aglomerado rural IBGE 2022,510677800003
510677805000036,5106778,Porto Alegre do Norte,Aldeia Indígena Codebra,IBGE Malha de Setores Censitários 2022 — atributos territoriais CD_BAIRRO/NM_BAIRRO e correlatos,Aglomerado rural IBGE 2022,510677800004
510677805000037,5106778,Porto Alegre do Norte,Aldeia Indígena Santa Luzia.,IBGE Malha de Setores Censitários 2022 — atributos territoriais CD_BAIRRO/NM_BAIRRO e correlatos,Aglomerado rural IBGE 2022,510677800100
510677805000039,5106778,Porto Alegre do Norte,Aldeia Indígena Codebra Nova,IBGE Malha de Setores Censitários 2022 — atributos territoriais CD_BAIRRO/NM_BAIRRO e correlatos,Aglomerado rural IBGE 2022,510677800101
510680205000013,5106802,Porto dos Gaúchos,Novo Paraná,IBGE Malha de Setores Censitários 2022 — atributos territoriais CD_BAIRRO/NM_BAIRRO e correlatos,Aglomerado rural IBGE 2022,510680200001
510680205000015,5106802,Porto dos Gaúchos,São João,IBGE Malha de Setores Censitários 2022 — atributos territoriais CD_BAIRRO/NM_BAIRRO e correlatos,Aglomerado rural IBGE 2022,510680200002
510682805000013,5106828,Porto Esperidião,Bocaiuval,IBGE Malha de Setores Censitários 2022 — atributos territoriais CD_BAIRRO/NM_BAIRRO e correlatos,Aglomerado rural IBGE 2022,510682800003
510682805000021,5106828,Porto Esperidião,Vila Picada,IBGE Malha de Setores Censitários 2022 — atributos territoriais CD_BAIRRO/NM_BAIRRO e correlatos,Aglomerado rural IBGE 2022,510682800004
510682805000038,5106828,Porto Esperidião,Aldeia Indígena Paama Mastakama,IBGE Malha de Setores Censitários 2022 — atributos territoriais CD_BAIRRO/NM_BAIRRO e correlatos,Aglomerado rural IBGE 2022,510682800005
510682805000039,5106828,Porto Esperidião,Aldeia Indígena Nautukirs Pisiors,IBGE Malha de Setores Censitários 2022 — atributos territoriais CD_BAIRRO/NM_BAIRRO e correlatos,Aglomerado rural IBGE 2022,510682800006
510682805000040,5106828,Porto Esperidião,Aldeia Indígena Acorizal,IBGE Malha de Setores Censitários 2022 — atributos territoriais CD_BAIRRO/NM_BAIRRO e correlatos,Aglomerado rural IBGE 2022,510682800007
510682805000044,5106828,Porto Esperidião,Aldeia Indígena Vila Nova Barbechó,IBGE Malha de Setores Censitários 2022 — atributos territoriais CD_BAIRRO/NM_BAIRRO e correlatos,Aglomerado rural IBGE 2022,510682800009
510682810000001,5106828,Porto Esperidião,Vila Cardoso,IBGE Malha de Setores Censitários 2022 — atributos territoriais CD_BAIRRO/NM_BAIRRO e correlatos,Distrito IBGE 2022,510682810
510682810000002,5106828,Porto Esperidião,Vila Cardoso,IBGE Malha de Setores Censitários 2022 — atributos territoriais CD_BAIRRO/NM_BAIRRO e correlatos,Distrito IBGE 2022,510682810
510682810000003,5106828,Porto Esperidião,Vila Cardoso,IBGE Malha de Setores Censitários 2022 — atributos territoriais CD_BAIRRO/NM_BAIRRO e correlatos,Distrito IBGE 2022,510682810
510682810000004,5106828,Porto Esperidião,Vila Cardoso,IBGE Malha de Setores Censitários 2022 — atributos territoriais CD_BAIRRO/NM_BAIRRO e correlatos,Distrito IBGE 2022,510682810
510682810000005,5106828,Porto Esperidião,Vila Cardoso,IBGE Malha de Setores Censitários 2022 — atributos territoriais CD_BAIRRO/NM_BAIRRO e correlatos,Distrito IBGE 2022,510682810
510682810000006,5106828,Porto Esperidião,Vila Cardoso,IBGE Malha de Setores Censitários 2022 — atributos territoriais CD_BAIRRO/NM_BAIRRO e correlatos,Distrito IBGE 2022,510682810
510682815000001,5106828,Porto Esperidião,Pedro Neca,IBGE Malha de Setores Censitários 2022 — atributos territoriais CD_BAIRRO/NM_BAIRRO e correlatos,Distrito IBGE 2022,510682815
510682815000002,5106828,Porto Esperidião,Pedro Neca,IBGE Malha de Setores Censitários 2022 — atributos territoriais CD_BAIRRO/NM_BAIRRO e correlatos,Distrito IBGE 2022,510682815
510682815000003,5106828,Porto Esperidião,Pedro Neca,IBGE Malha de Setores Censitários 2022 — atributos territoriais CD_BAIRRO/NM_BAIRRO e correlatos,Distrito IBGE 2022,510682815
510682815000004,5106828,Porto Esperidião,Pedro Neca,IBGE Malha de Setores Censitários 2022 — atributos territoriais CD_BAIRRO/NM_BAIRRO e correlatos,Distrito IBGE 2022,510682815
510682815000006,5106828,Porto Esperidião,Pedro Neca,IBGE Malha de Setores Censitários 2022 — atributos territoriais CD_BAIRRO/NM_BAIRRO e correlatos,Distrito IBGE 2022,510682815
510682815000007,5106828,Porto Esperidião,Comunidade Asa Branca,IBGE Malha de Setores Censitários 2022 — atributos territoriais CD_BAIRRO/NM_BAIRRO e correlatos,Aglomerado rural IBGE 2022,510682800008
510685105000018,5106851,Porto Estrela,Agrovila do PA Quilombola Vão Grande,IBGE Malha de Setores Censitários 2022 — atributos territoriais CD_BAIRRO/NM_BAIRRO e correlatos,Aglomerado rural IBGE 2022,510685100002
510685105000019,5106851,Porto Estrela,Agrovila do PA Quilombola Vãozinho/Voltinha,IBGE Malha de Setores Censitários 2022 — atributos territoriais CD_BAIRRO/NM_BAIRRO e correlatos,Aglomerado rural IBGE 2022,510685100001
510700805000001,5107008,Poxoréu,Irantinópolis,IBGE Malha de Setores Censitários 2022 — atributos territoriais CD_BAIRRO/NM_BAIRRO e correlatos,Bairro IBGE 2022,5107008007
510700805000002,5107008,Poxoréu,Jardim Popular,IBGE Malha de Setores Censitários 2022 — atributos territoriais CD_BAIRRO/NM_BAIRRO e correlatos,Bairro IBGE 2022,5107008012
510700805000003,5107008,Poxoréu,Lagoa I,IBGE Malha de Setores Censitários 2022 — atributos territoriais CD_BAIRRO/NM_BAIRRO e correlatos,Bairro IBGE 2022,5107008016
510700805000004,5107008,Poxoréu,Xavante,IBGE Malha de Setores Censitários 2022 — atributos territoriais CD_BAIRRO/NM_BAIRRO e correlatos,Bairro IBGE 2022,5107008029
510700805000005,5107008,Poxoréu,Santa Luzia,IBGE Malha de Setores Censitários 2022 — atributos territoriais CD_BAIRRO/NM_BAIRRO e correlatos,Bairro IBGE 2022,5107008025
510700805000006,5107008,Poxoréu,Jardim Brilhante,IBGE Malha de Setores Censitários 2022 — atributos territoriais CD_BAIRRO/NM_BAIRRO e correlatos,Bairro IBGE 2022,5107008008
510700805000007,5107008,Poxoréu,Lagoa II,IBGE Malha de Setores Censitários 2022 — atributos territoriais CD_BAIRRO/NM_BAIRRO e correlatos,Bairro IBGE 2022,5107008017
510700805000008,5107008,Poxoréu,Jardim Poxoréu,IBGE Malha de Setores Censitários 2022 — atributos territoriais CD_BAIRRO/NM_BAIRRO e correlatos,Bairro IBGE 2022,5107008013
510700805000009,5107008,Poxoréu,Vila Santa Terezinha,IBGE Malha de Setores Censitários 2022 — atributos territoriais CD_BAIRRO/NM_BAIRRO e correlatos,Bairro IBGE 2022,5107008027
510700805000010,5107008,Poxoréu,Centro Histórico,IBGE Malha de Setores Censitários 2022 — atributos territoriais CD_BAIRRO/NM_BAIRRO e correlatos,Bairro IBGE 2022,5107008004
510700805000011,5107008,Poxoréu,Centro Histórico,IBGE Malha de Setores Censitários 2022 — atributos territoriais CD_BAIRRO/NM_BAIRRO e correlatos,Bairro IBGE 2022,5107008004
510700805000012,5107008,Poxoréu,João Pessoa,IBGE Malha de Setores Censitários 2022 — atributos territoriais CD_BAIRRO/NM_BAIRRO e correlatos,Bairro IBGE 2022,5107008015
510700805000013,5107008,Poxoréu,Vila Cruzeiro,IBGE Malha de Setores Censitários 2022 — atributos territoriais CD_BAIRRO/NM_BAIRRO e correlatos,Bairro IBGE 2022,5107008026
510700805000014,5107008,Poxoréu,Jardim Tropical,IBGE Malha de Setores Censitários 2022 — atributos territoriais CD_BAIRRO/NM_BAIRRO e correlatos,Bairro IBGE 2022,5107008014
510700805000015,5107008,Poxoréu,Jardim Poxoréu,IBGE Malha de Setores Censitários 2022 — atributos territoriais CD_BAIRRO/NM_BAIRRO e correlatos,Bairro IBGE 2022,5107008013
510700805000016,5107008,Poxoréu,Aparecida do Leste,IBGE Malha de Setores Censitários 2022 — atributos territoriais CD_BAIRRO/NM_BAIRRO e correlatos,Aglomerado rural IBGE 2022,510700800001
510700805000025,5107008,Poxoréu,Parque Industrial,IBGE Malha de Setores Censitários 2022 — atributos territoriais CD_BAIRRO/NM_BAIRRO e correlatos,Bairro IBGE 2022,5107008020
510700805000026,5107008,Poxoréu,Almeida Monchão Dourado,IBGE Malha de Setores Censitários 2022 — atributos territoriais CD_BAIRRO/NM_BAIRRO e correlatos,Bairro IBGE 2022,5107008001
510700805000027,5107008,Poxoréu,Parque Panorama,IBGE Malha de Setores Censitários 2022 — atributos territoriais CD_BAIRRO/NM_BAIRRO e correlatos,Bairro IBGE 2022,5107008021
510700805000028,5107008,Poxoréu,Santa Maria,IBGE Malha de Setores Censitários 2022 — atributos territoriais CD_BAIRRO/NM_BAIRRO e correlatos,Bairro IBGE 2022,5107008024
510700805000029,5107008,Poxoréu,Jardim das Américas,IBGE Malha de Setores Censitários 2022 — atributos territoriais CD_BAIRRO/NM_BAIRRO e correlatos,Bairro IBGE 2022,5107008010
510700805000030,5107008,Poxoréu,Parque Rodoviário,IBGE Malha de Setores Censitários 2022 — atributos territoriais CD_BAIRRO/NM_BAIRRO e correlatos,Bairro IBGE 2022,5107008022
510700805000031,5107008,Poxoréu,Centro,IBGE Malha de Setores Censitários 2022 — atributos territoriais CD_BAIRRO/NM_BAIRRO e correlatos,Bairro IBGE 2022,5107008003
510700805000032,5107008,Poxoréu,Maria André,IBGE Malha de Setores Censitários 2022 — atributos territoriais CD_BAIRRO/NM_BAIRRO e correlatos,Bairro IBGE 2022,5107008018
510700805000033,5107008,Poxoréu,João Pessoa,IBGE Malha de Setores Censitários 2022 — atributos territoriais CD_BAIRRO/NM_BAIRRO e correlatos,Bairro IBGE 2022,5107008015
510700805000034,5107008,Poxoréu,Pedra Branca,IBGE Malha de Setores Censitários 2022 — atributos territoriais CD_BAIRRO/NM_BAIRRO e correlatos,Bairro IBGE 2022,5107008023
510700805000035,5107008,Poxoréu,Maria Sabina,IBGE Malha de Setores Censitários 2022 — atributos territoriais CD_BAIRRO/NM_BAIRRO e correlatos,Bairro IBGE 2022,5107008019
510700805000036,5107008,Poxoréu,Jardim Novo Horizonte,IBGE Malha de Setores Censitários 2022 — atributos territoriais CD_BAIRRO/NM_BAIRRO e correlatos,Bairro IBGE 2022,5107008011
510700805000037,5107008,Poxoréu,Jardim Popular,IBGE Malha de Setores Censitários 2022 — atributos territoriais CD_BAIRRO/NM_BAIRRO e correlatos,Bairro IBGE 2022,5107008012
510700805000038,5107008,Poxoréu,Irantinópolis,IBGE Malha de Setores Censitários 2022 — atributos territoriais CD_BAIRRO/NM_BAIRRO e correlatos,Bairro IBGE 2022,5107008007
510700805000039,5107008,Poxoréu,Lagoa I,IBGE Malha de Setores Censitários 2022 — atributos territoriais CD_BAIRRO/NM_BAIRRO e correlatos,Bairro IBGE 2022,5107008016
510700805000040,5107008,Poxoréu,Santa Luzia,IBGE Malha de Setores Censitários 2022 — atributos territoriais CD_BAIRRO/NM_BAIRRO e correlatos,Bairro IBGE 2022,5107008025
510700805000041,5107008,Poxoréu,Bela Vista,IBGE Malha de Setores Censitários 2022 — atributos territoriais CD_BAIRRO/NM_BAIRRO e correlatos,Bairro IBGE 2022,5107008002
510700805000042,5107008,Poxoréu,Diamante Azul,IBGE Malha de Setores Censitários 2022 — atributos territoriais CD_BAIRRO/NM_BAIRRO e correlatos,Bairro IBGE 2022,5107008005
510700805000043,5107008,Poxoréu,Jardim Cândido,IBGE Malha de Setores Censitários 2022 — atributos territoriais CD_BAIRRO/NM_BAIRRO e correlatos,Bairro IBGE 2022,5107008009
510700810000001,5107008,Poxoréu,Alto Coité,IBGE Malha de Setores Censitários 2022 — atributos territoriais CD_BAIRRO/NM_BAIRRO e correlatos,Distrito IBGE 2022,510700810
510700810000002,5107008,Poxoréu,Alto Coité,IBGE Malha de Setores Censitários 2022 — atributos territoriais CD_BAIRRO/NM_BAIRRO e correlatos,Distrito IBGE 2022,510700810
510700810000003,5107008,Poxoréu,Alto Coité,IBGE Malha de Setores Censitários 2022 — atributos territoriais CD_BAIRRO/NM_BAIRRO e correlatos,Distrito IBGE 2022,510700810
510700810000004,5107008,Poxoréu,Alto Coité,IBGE Malha de Setores Censitários 2022 — atributos territoriais CD_BAIRRO/NM_BAIRRO e correlatos,Distrito IBGE 2022,510700810
510700810000005,5107008,Poxoréu,Alto Coité,IBGE Malha de Setores Censitários 2022 — atributos territoriais CD_BAIRRO/NM_BAIRRO e correlatos,Distrito IBGE 2022,510700810
510700810000007,5107008,Poxoréu,Aldeia Indígena Dom Bosco,IBGE Malha de Setores Censitários 2022 — atributos territoriais CD_BAIRRO/NM_BAIRRO e correlatos,Aglomerado rural IBGE 2022,510700800002
510700810000008,5107008,Poxoréu,Alto Coité,IBGE Malha de Setores Censitários 2022 — atributos territoriais CD_BAIRRO/NM_BAIRRO e correlatos,Distrito IBGE 2022,510700810
510700810000009,5107008,Poxoréu,Alto Coité,IBGE Malha de Setores Censitários 2022 — atributos territoriais CD_BAIRRO/NM_BAIRRO e correlatos,Distrito IBGE 2022,510700810
510700810000010,5107008,Poxoréu,Alto Coité,IBGE Malha de Setores Censitários 2022 — atributos territoriais CD_BAIRRO/NM_BAIRRO e correlatos,Distrito IBGE 2022,510700810
510700810000012,5107008,Poxoréu,Aldeia Indígena Novo Mundo,IBGE Malha de Setores Censitários 2022 — atributos territoriais CD_BAIRRO/NM_BAIRRO e correlatos,Aglomerado rural IBGE 2022,510700800006
510700810000013,5107008,Poxoréu,Aldeia Indígena Marimbu,IBGE Malha de Setores Censitários 2022 — atributos territoriais CD_BAIRRO/NM_BAIRRO e correlatos,Aglomerado rural IBGE 2022,510700800007
510700810000014,5107008,Poxoréu,Aldeia Indígena São Jerônimo,IBGE Malha de Setores Censitários 2022 — atributos territoriais CD_BAIRRO/NM_BAIRRO e correlatos,Aglomerado rural IBGE 2022,510700800008
510700810000015,5107008,Poxoréu,Aldeia Indígena Nhowi,IBGE Malha de Setores Censitários 2022 — atributos territoriais CD_BAIRRO/NM_BAIRRO e correlatos,Aglomerado rural IBGE 2022,510700800009
510700810000016,5107008,Poxoréu,Alto Coité,IBGE Malha de Setores Censitários 2022 — atributos territoriais CD_BAIRRO/NM_BAIRRO e correlatos,Distrito IBGE 2022,510700810
510700810000017,5107008,Poxoréu,Alto Coité,IBGE Malha de Setores Censitários 2022 — atributos territoriais CD_BAIRRO/NM_BAIRRO e correlatos,Distrito IBGE 2022,510700810
510700810000018,5107008,Poxoréu,Alto Coité,IBGE Malha de Setores Censitários 2022 — atributos territoriais CD_BAIRRO/NM_BAIRRO e correlatos,Distrito IBGE 2022,510700810
510700810000019,5107008,Poxoréu,Alto Coité,IBGE Malha de Setores Censitários 2022 — atributos territoriais CD_BAIRRO/NM_BAIRRO e correlatos,Distrito IBGE 2022,510700810
510700810000020,5107008,Poxoréu,Aldeia Indígena Santa Angela,IBGE Malha de Setores Censitários 2022 — atributos territoriais CD_BAIRRO/NM_BAIRRO e correlatos,Aglomerado rural IBGE 2022,510700800011
510700810000021,5107008,Poxoréu,Aldeia Indígena Três Rios,IBGE Malha de Setores Censitários 2022 — atributos territoriais CD_BAIRRO/NM_BAIRRO e correlatos,Aglomerado rural IBGE 2022,510700800012
510700810000022,5107008,Poxoréu,Aldeia Indígena Tsihorirã,IBGE Malha de Setores Censitários 2022 — atributos territoriais CD_BAIRRO/NM_BAIRRO e correlatos,Aglomerado rural IBGE 2022,510700800013
510700810000023,5107008,Poxoréu,Aldeia Indígena Santo Expedito - Sangradouro,IBGE Malha de Setores Censitários 2022 — atributos territoriais CD_BAIRRO/NM_BAIRRO e correlatos,Aglomerado rural IBGE 2022,510700800014
510700810000024,5107008,Poxoréu,Aldeia Indígena Tsimitsuté,IBGE Malha de Setores Censitários 2022 — atributos territoriais CD_BAIRRO/NM_BAIRRO e correlatos,Aglomerado rural IBGE 2022,510700800015
510700810000026,5107008,Poxoréu,Aldeia Indígena Lagoa Encantada,IBGE Malha de Setores Censitários 2022 — atributos territoriais CD_BAIRRO/NM_BAIRRO e correlatos,Aglomerado rural IBGE 2022,510700800016
510700810000027,5107008,Poxoréu,Aldeia Indígena Nova Vida,IBGE Malha de Setores Censitários 2022 — atributos territoriais CD_BAIRRO/NM_BAIRRO e correlatos,Aglomerado rural IBGE 2022,510700800018
510700810000028,5107008,Poxoréu,Aldeia indígena Norowada,IBGE Malha de Setores Censitários 2022 — atributos territoriais CD_BAIRRO/NM_BAIRRO e correlatos,Aglomerado rural IBGE 2022,510700800019
510700810000029,5107008,Poxoréu,Aldeia indígena Três Rios,IBGE Malha de Setores Censitários 2022 — atributos territoriais CD_BAIRRO/NM_BAIRRO e correlatos,Aglomerado rural IBGE 2022,510700800020
510700810000030,5107008,Poxoréu,Aldeia Indígena Santa Ângela,IBGE Malha de Setores Censitários 2022 — atributos territoriais CD_BAIRRO/NM_BAIRRO e correlatos,Aglomerado rural IBGE 2022,510700800021
510700810000031,5107008,Poxoréu,Alto Coité,IBGE Malha de Setores Censitários 2022 — atributos territoriais CD_BAIRRO/NM_BAIRRO e correlatos,Distrito IBGE 2022,510700810
510700810000032,5107008,Poxoréu,Aldeia Indígena Santa Tereza,IBGE Malha de Setores Censitários 2022 — atributos territoriais CD_BAIRRO/NM_BAIRRO e correlatos,Aglomerado rural IBGE 2022,510700800022
510700815000001,5107008,Poxoréu,Jarudore,IBGE Malha de Setores Censitários 2022 — atributos territoriais CD_BAIRRO/NM_BAIRRO e correlatos,Distrito IBGE 2022,510700815
510700815000003,5107008,Poxoréu,Jarudore,IBGE Malha de Setores Censitários 2022 — atributos territoriais CD_BAIRRO/NM_BAIRRO e correlatos,Distrito IBGE 2022,510700815
510700815000004,5107008,Poxoréu,Joanesburgo,IBGE Malha de Setores Censitários 2022 — atributos territoriais CD_BAIRRO/NM_BAIRRO e correlatos,Aglomerado rural IBGE 2022,510700800003
510700815000005,5107008,Poxoréu,Jarudore,IBGE Malha de Setores Censitários 2022 — atributos territoriais CD_BAIRRO/NM_BAIRRO e correlatos,Distrito IBGE 2022,510700815
510700815000006,5107008,Poxoréu,Jarudore,IBGE Malha de Setores Censitários 2022 — atributos territoriais CD_BAIRRO/NM_BAIRRO e correlatos,Distrito IBGE 2022,510700815
510700815000007,5107008,Poxoréu,Jarudore,IBGE Malha de Setores Censitários 2022 — atributos territoriais CD_BAIRRO/NM_BAIRRO e correlatos,Distrito IBGE 2022,510700815
510700815000008,5107008,Poxoréu,Jarudore,IBGE Malha de Setores Censitários 2022 — atributos territoriais CD_BAIRRO/NM_BAIRRO e correlatos,Distrito IBGE 2022,510700815
510700815000010,5107008,Poxoréu,Aldeia Indígena Nova Jarudore,IBGE Malha de Setores Censitários 2022 — atributos territoriais CD_BAIRRO/NM_BAIRRO e correlatos,Aglomerado rural IBGE 2022,510700800010
510700815000013,5107008,Poxoréu,Jarudore,IBGE Malha de Setores Censitários 2022 — atributos territoriais CD_BAIRRO/NM_BAIRRO e correlatos,Distrito IBGE 2022,510700815
510700820000001,5107008,Poxoréu,Paraíso do Leste,IBGE Malha de Setores Censitários 2022 — atributos territoriais CD_BAIRRO/NM_BAIRRO e correlatos,Distrito IBGE 2022,510700820
510700820000002,5107008,Poxoréu,Paraíso do Leste,IBGE Malha de Setores Censitários 2022 — atributos territoriais CD_BAIRRO/NM_BAIRRO e correlatos,Distrito IBGE 2022,510700820
510700820000003,5107008,Poxoréu,Paraíso do Leste,IBGE Malha de Setores Censitários 2022 — atributos territoriais CD_BAIRRO/NM_BAIRRO e correlatos,Distrito IBGE 2022,510700820
510700820000004,5107008,Poxoréu,Paraíso do Leste,IBGE Malha de Setores Censitários 2022 — atributos territoriais CD_BAIRRO/NM_BAIRRO e correlatos,Distrito IBGE 2022,510700820
510704005000106,5107040,Primavera do Leste,Agrovila do PA Novo Progresso,IBGE Malha de Setores Censitários 2022 — atributos territoriais CD_BAIRRO/NM_BAIRRO e correlatos,Aglomerado rural IBGE 2022,510704000002
510706505000005,5107065,Querência,Aldeia Indígena Aiha Kalapalo,IBGE Malha de Setores Censitários 2022 — atributos territoriais CD_BAIRRO/NM_BAIRRO e correlatos,Aglomerado rural IBGE 2022,510706500006
510706505000006,5107065,Querência,Aldeia Indígena Ilha Grande,IBGE Malha de Setores Censitários 2022 — atributos territoriais CD_BAIRRO/NM_BAIRRO e correlatos,Aglomerado rural IBGE 2022,510706500005
510706505000007,5107065,Querência,Aldeia Indígena Yapap / Jatykap,IBGE Malha de Setores Censitários 2022 — atributos territoriais CD_BAIRRO/NM_BAIRRO e correlatos,Aglomerado rural IBGE 2022,510706500004
510706505000008,5107065,Querência,Aldeia Indígena Tuiarare / Tuyarare,IBGE Malha de Setores Censitários 2022 — atributos territoriais CD_BAIRRO/NM_BAIRRO e correlatos,Aglomerado rural IBGE 2022,510706500003
510706505000009,5107065,Querência,Aldeia Indígena Samauma,IBGE Malha de Setores Censitários 2022 — atributos territoriais CD_BAIRRO/NM_BAIRRO e correlatos,Aglomerado rural IBGE 2022,510706500002
510706505000010,5107065,Querência,Aldeia Indígena Três Vizinhos,IBGE Malha de Setores Censitários 2022 — atributos territoriais CD_BAIRRO/NM_BAIRRO e correlatos,Aglomerado rural IBGE 2022,510706500001
510706505000014,5107065,Querência,Aldeia Indígena Tanguro,IBGE Malha de Setores Censitários 2022 — atributos territoriais CD_BAIRRO/NM_BAIRRO e correlatos,Aglomerado rural IBGE 2022,510706500007
510706505000030,5107065,Querência,Agrovila do PA Pingo D'Água,IBGE Malha de Setores Censitários 2022 — atributos territoriais CD_BAIRRO/NM_BAIRRO e correlatos,Aglomerado rural IBGE 2022,510706500011
510706505000031,5107065,Querência,Agrovila do PA Brasil Novo,IBGE Malha de Setores Censitários 2022 — atributos territoriais CD_BAIRRO/NM_BAIRRO e correlatos,Aglomerado rural IBGE 2022,510706500012
510706505000054,5107065,Querência,Aldeia Indígena Tagurinho,IBGE Malha de Setores Censitários 2022 — atributos territoriais CD_BAIRRO/NM_BAIRRO e correlatos,Aglomerado rural IBGE 2022,510706500013
510706505000055,5107065,Querência,Aldeia Indígena Sapezal,IBGE Malha de Setores Censitários 2022 — atributos territoriais CD_BAIRRO/NM_BAIRRO e correlatos,Aglomerado rural IBGE 2022,510706500014
510706505000056,5107065,Querência,Aldeia Indígena Afukuri,IBGE Malha de Setores Censitários 2022 — atributos territoriais CD_BAIRRO/NM_BAIRRO e correlatos,Aglomerado rural IBGE 2022,510706500015
510706505000057,5107065,Querência,Aldeia Indígena Nova Matipu,IBGE Malha de Setores Censitários 2022 — atributos territoriais CD_BAIRRO/NM_BAIRRO e correlatos,Aglomerado rural IBGE 2022,510706500016
510706505000058,5107065,Querência,Aldeia Indígena Kurumim,IBGE Malha de Setores Censitários 2022 — atributos territoriais CD_BAIRRO/NM_BAIRRO e correlatos,Aglomerado rural IBGE 2022,510706500017
510706505000059,5107065,Querência,Aldeia Indígena Nafukua,IBGE Malha de Setores Censitários 2022 — atributos territoriais CD_BAIRRO/NM_BAIRRO e correlatos,Aglomerado rural IBGE 2022,510706500018
510706505000060,5107065,Querência,Aldeia Indígena Jacaré,IBGE Malha de Setores Censitários 2022 — atributos territoriais CD_BAIRRO/NM_BAIRRO e correlatos,Aglomerado rural IBGE 2022,510706500019
510706505000061,5107065,Querência,Aldeia Indígena Moytara,IBGE Malha de Setores Censitários 2022 — atributos territoriais CD_BAIRRO/NM_BAIRRO e correlatos,Aglomerado rural IBGE 2022,510706500020
510706505000062,5107065,Querência,Aldeia Indígena Três Buriti,IBGE Malha de Setores Censitários 2022 — atributos territoriais CD_BAIRRO/NM_BAIRRO e correlatos,Aglomerado rural IBGE 2022,510706500021
510706505000063,5107065,Querência,Aldeia Indígena Ytui / 11 de Setembro / Ytapa,IBGE Malha de Setores Censitários 2022 — atributos territoriais CD_BAIRRO/NM_BAIRRO e correlatos,Aglomerado rural IBGE 2022,510706500022
510706505000065,5107065,Querência,Aldeia Indígena Khikatxi / Kinghati / Kinghathi,IBGE Malha de Setores Censitários 2022 — atributos territoriais CD_BAIRRO/NM_BAIRRO e correlatos,Aglomerado rural IBGE 2022,510706500023
510706505000066,5107065,Querência,Aldeia Indígena Yaruma,IBGE Malha de Setores Censitários 2022 — atributos territoriais CD_BAIRRO/NM_BAIRRO e correlatos,Aglomerado rural IBGE 2022,510706500024
510706505000067,5107065,Querência,Aldeia Indígena Beira Rio Horehusikro,IBGE Malha de Setores Censitários 2022 — atributos territoriais CD_BAIRRO/NM_BAIRRO e correlatos,Aglomerado rural IBGE 2022,510706500025
510706505000068,5107065,Querência,Aldeia Indígena Ngossoko / Ngosoko,IBGE Malha de Setores Censitários 2022 — atributos territoriais CD_BAIRRO/NM_BAIRRO e correlatos,Aglomerado rural IBGE 2022,510706500026
510706505000069,5107065,Querência,Aldeia Indígena Wawi,IBGE Malha de Setores Censitários 2022 — atributos territoriais CD_BAIRRO/NM_BAIRRO e correlatos,Aglomerado rural IBGE 2022,510706500027
510706505000073,5107065,Querência,Aldeia Indígena Fazendinha,IBGE Malha de Setores Censitários 2022 — atributos territoriais CD_BAIRRO/NM_BAIRRO e correlatos,Aglomerado rural IBGE 2022,510706500028
510706505000074,5107065,Querência,Aldeia Indígena Tupeku,IBGE Malha de Setores Censitários 2022 — atributos territoriais CD_BAIRRO/NM_BAIRRO e correlatos,Aglomerado rural IBGE 2022,510706500029
510706505000075,5107065,Querência,Aldeia Indígena Atixi Tixikxo,IBGE Malha de Setores Censitários 2022 — atributos territoriais CD_BAIRRO/NM_BAIRRO e correlatos,Aglomerado rural IBGE 2022,510706500030
510706505000076,5107065,Querência,Aldeia Indígena Kayassu,IBGE Malha de Setores Censitários 2022 — atributos territoriais CD_BAIRRO/NM_BAIRRO e correlatos,Aglomerado rural IBGE 2022,510706500031
510706505000078,5107065,Querência,Alojamento da Fazenda Tanguro,IBGE Malha de Setores Censitários 2022 — atributos territoriais CD_BAIRRO/NM_BAIRRO e correlatos,Aglomerado rural IBGE 2022,510706500032
510706505000079,5107065,Querência,Aldeia Indígena Wakatxi,IBGE Malha de Setores Censitários 2022 — atributos territoriais CD_BAIRRO/NM_BAIRRO e correlatos,Aglomerado rural IBGE 2022,510706500033
510706505000081,5107065,Querência,Aldeia Indígena Nareje,IBGE Malha de Setores Censitários 2022 — atributos territoriais CD_BAIRRO/NM_BAIRRO e correlatos,Aglomerado rural IBGE 2022,510706500034
510706505000082,5107065,Querência,Aldeia Indígena Sapezal,IBGE Malha de Setores Censitários 2022 — atributos territoriais CD_BAIRRO/NM_BAIRRO e correlatos,Aglomerado rural IBGE 2022,510706500014
510706515000001,5107065,Querência,Coutinho União,IBGE Malha de Setores Censitários 2022 — atributos territoriais CD_BAIRRO/NM_BAIRRO e correlatos,Distrito IBGE 2022,510706515
510706515000002,5107065,Querência,Coutinho União,IBGE Malha de Setores Censitários 2022 — atributos territoriais CD_BAIRRO/NM_BAIRRO e correlatos,Distrito IBGE 2022,510706515
510710705000023,5107107,São José dos Quatro Marcos,Aparecida Bela,IBGE Malha de Setores Censitários 2022 — atributos territoriais CD_BAIRRO/NM_BAIRRO e correlatos,Aglomerado rural IBGE 2022,510710700001
510710710000001,5107107,São José dos Quatro Marcos,Santa Fé,IBGE Malha de Setores Censitários 2022 — atributos territoriais CD_BAIRRO/NM_BAIRRO e correlatos,Distrito IBGE 2022,510710710
510710710000002,5107107,São José dos Quatro Marcos,Santa Fé,IBGE Malha de Setores Censitários 2022 — atributos territoriais CD_BAIRRO/NM_BAIRRO e correlatos,Distrito IBGE 2022,510710710
510710710000003,5107107,São José dos Quatro Marcos,Santa Fé,IBGE Malha de Setores Censitários 2022 — atributos territoriais CD_BAIRRO/NM_BAIRRO e correlatos,Distrito IBGE 2022,510710710
510710710000004,5107107,São José dos Quatro Marcos,Santa Fé,IBGE Malha de Setores Censitários 2022 — atributos territoriais CD_BAIRRO/NM_BAIRRO e correlatos,Distrito IBGE 2022,510710710
510715605000008,5107156,Reserva do Cabaçal,Projeto Casulo Mulher,IBGE Malha de Setores Censitários 2022 — atributos territoriais CD_BAIRRO/NM_BAIRRO e correlatos,Aglomerado rural IBGE 2022,510715600001
510718005000015,5107180,Ribeirão Cascalheira,Agrovila do PA Novo Paraíso,IBGE Malha de Setores Censitários 2022 — atributos territoriais CD_BAIRRO/NM_BAIRRO e correlatos,Aglomerado rural IBGE 2022,510718000005
510718005000037,5107180,Ribeirão Cascalheira,Aldeia Indígena Pimentel Barbosa,IBGE Malha de Setores Censitários 2022 — atributos territoriais CD_BAIRRO/NM_BAIRRO e correlatos,Aglomerado rural IBGE 2022,510718000001
510718005000038,5107180,Ribeirão Cascalheira,Aldeia Indígena Etenhiritipa,IBGE Malha de Setores Censitários 2022 — atributos territoriais CD_BAIRRO/NM_BAIRRO e correlatos,Aglomerado rural IBGE 2022,510718000006
510718005000040,5107180,Ribeirão Cascalheira,Aldeia Indígena Wedera,IBGE Malha de Setores Censitários 2022 — atributos territoriais CD_BAIRRO/NM_BAIRRO e correlatos,Aglomerado rural IBGE 2022,510718000007
510718005000041,5107180,Ribeirão Cascalheira,Aldeia Indígena São Domingos,IBGE Malha de Setores Censitários 2022 — atributos territoriais CD_BAIRRO/NM_BAIRRO e correlatos,Aglomerado rural IBGE 2022,510718000008
510718005000046,5107180,Ribeirão Cascalheira,Aldeia Indígena Santa Vitória,IBGE Malha de Setores Censitários 2022 — atributos territoriais CD_BAIRRO/NM_BAIRRO e correlatos,Aglomerado rural IBGE 2022,510718000009
510718005000048,5107180,Ribeirão Cascalheira,Aldeia Indígena Sorepre,IBGE Malha de Setores Censitários 2022 — atributos territoriais CD_BAIRRO/NM_BAIRRO e correlatos,Aglomerado rural IBGE 2022,510718000010
510719805000001,5107198,Ribeirãozinho,Centro,IBGE Malha de Setores Censitários 2022 — atributos territoriais CD_BAIRRO/NM_BAIRRO e correlatos,Bairro IBGE 2022,5107198007
510719805000002,5107198,Ribeirãozinho,Centro,IBGE Malha de Setores Censitários 2022 — atributos territoriais CD_BAIRRO/NM_BAIRRO e correlatos,Bairro IBGE 2022,5107198007
510719805000003,5107198,Ribeirãozinho,Couto Magalhães,IBGE Malha de Setores Censitários 2022 — atributos territoriais CD_BAIRRO/NM_BAIRRO e correlatos,Aglomerado rural IBGE 2022,510719800001
510719805000006,5107198,Ribeirãozinho,Centro,IBGE Malha de Setores Censitários 2022 — atributos territoriais CD_BAIRRO/NM_BAIRRO e correlatos,Bairro IBGE 2022,5107198007
510719805000007,5107198,Ribeirãozinho,Raio de Luz,IBGE Malha de Setores Censitários 2022 — atributos territoriais CD_BAIRRO/NM_BAIRRO e correlatos,Bairro IBGE 2022,5107198002
510719805000008,5107198,Ribeirãozinho,João de Barro,IBGE Malha de Setores Censitários 2022 — atributos territoriais CD_BAIRRO/NM_BAIRRO e correlatos,Bairro IBGE 2022,5107198003
510719805000010,5107198,Ribeirãozinho,Parque Araguaia,IBGE Malha de Setores Censitários 2022 — atributos territoriais CD_BAIRRO/NM_BAIRRO e correlatos,Bairro IBGE 2022,5107198006
510719805000011,5107198,Ribeirãozinho,Jardim dos Ipês,IBGE Malha de Setores Censitários 2022 — atributos territoriais CD_BAIRRO/NM_BAIRRO e correlatos,Bairro IBGE 2022,5107198001
510719805000012,5107198,Ribeirãozinho,Jardim das Flores,IBGE Malha de Setores Censitários 2022 — atributos territoriais CD_BAIRRO/NM_BAIRRO e correlatos,Bairro IBGE 2022,5107198005
510719805000013,5107198,Ribeirãozinho,Parque Araguaia,IBGE Malha de Setores Censitários 2022 — atributos territoriais CD_BAIRRO/NM_BAIRRO e correlatos,Bairro IBGE 2022,5107198006
510719805000014,5107198,Ribeirãozinho,Flamboyant,IBGE Malha de Setores Censitários 2022 — atributos territoriais CD_BAIRRO/NM_BAIRRO e correlatos,Bairro IBGE 2022,5107198004
510720605000008,5107206,Rio Branco,Panorama,IBGE Malha de Setores Censitários 2022 — atributos territoriais CD_BAIRRO/NM_BAIRRO e correlatos,Aglomerado rural IBGE 2022,510720600001
510720605000017,5107206,Rio Branco,Roncador,IBGE Malha de Setores Censitários 2022 — atributos territoriais CD_BAIRRO/NM_BAIRRO e correlatos,Aglomerado rural IBGE 2022,510720600002
510724805000023,5107248,Santa Carmem,Aglomerado Rural Casulo,IBGE Malha de Setores Censitários 2022 — atributos territoriais CD_BAIRRO/NM_BAIRRO e correlatos,Aglomerado rural IBGE 2022,510724805001
510724805000025,5107248,Santa Carmem,Condomínio Chácaras do Bosque,IBGE Malha de Setores Censitários 2022 — atributos territoriais CD_BAIRRO/NM_BAIRRO e correlatos,Núcleo urbano IBGE 2022,5107248001
510726305000001,5107263,Santo Afonso,Bandeirantes,IBGE Malha de Setores Censitários 2022 — atributos territoriais CD_BAIRRO/NM_BAIRRO e correlatos,Bairro IBGE 2022,5107263001
510726305000002,5107263,Santo Afonso,Centro,IBGE Malha de Setores Censitários 2022 — atributos territoriais CD_BAIRRO/NM_BAIRRO e correlatos,Bairro IBGE 2022,5107263002
510726305000003,5107263,Santo Afonso,Centro,IBGE Malha de Setores Censitários 2022 — atributos territoriais CD_BAIRRO/NM_BAIRRO e correlatos,Bairro IBGE 2022,5107263002
510726305000004,5107263,Santo Afonso,Bolívia,IBGE Malha de Setores Censitários 2022 — atributos territoriais CD_BAIRRO/NM_BAIRRO e correlatos,Bairro IBGE 2022,5107263003
510726305000005,5107263,Santo Afonso,Centro,IBGE Malha de Setores Censitários 2022 — atributos territoriais CD_BAIRRO/NM_BAIRRO e correlatos,Bairro IBGE 2022,5107263002
510726305000007,5107263,Santo Afonso,Vila Alta,IBGE Malha de Setores Censitários 2022 — atributos territoriais CD_BAIRRO/NM_BAIRRO e correlatos,Bairro IBGE 2022,5107263004
510726305000008,5107263,Santo Afonso,Conjunto Habitacional Dona Jacinta,IBGE Malha de Setores Censitários 2022 — atributos territoriais CD_BAIRRO/NM_BAIRRO e correlatos,Bairro IBGE 2022,5107263005
510726305000015,5107263,Santo Afonso,Boa Esperança,IBGE Malha de Setores Censitários 2022 — atributos territoriais CD_BAIRRO/NM_BAIRRO e correlatos,Aglomerado rural IBGE 2022,510726300001
510729705000011,5107297,São José do Povo,Alto Bandeirante,IBGE Malha de Setores Censitários 2022 — atributos territoriais CD_BAIRRO/NM_BAIRRO e correlatos,Aglomerado rural IBGE 2022,510729700002
510729715000001,5107297,São José do Povo,Nova Catanduva,IBGE Malha de Setores Censitários 2022 — atributos territoriais CD_BAIRRO/NM_BAIRRO e correlatos,Distrito IBGE 2022,510729715
510729715000002,5107297,São José do Povo,Nova Catanduva,IBGE Malha de Setores Censitários 2022 — atributos territoriais CD_BAIRRO/NM_BAIRRO e correlatos,Distrito IBGE 2022,510729715
510730505000005,5107305,São José do Rio Claro,Jardim Novo Horizonte,IBGE Malha de Setores Censitários 2022 — atributos territoriais CD_BAIRRO/NM_BAIRRO e correlatos,Bairro IBGE 2022,5107305001
510730505000006,5107305,São José do Rio Claro,Jardim Novo Horizonte,IBGE Malha de Setores Censitários 2022 — atributos territoriais CD_BAIRRO/NM_BAIRRO e correlatos,Bairro IBGE 2022,5107305001
510730505000024,5107305,São José do Rio Claro,Jardim Bela Vista,IBGE Malha de Setores Censitários 2022 — atributos territoriais CD_BAIRRO/NM_BAIRRO e correlatos,Bairro IBGE 2022,5107305002
510730505000025,5107305,São José do Rio Claro,Jardim Rio Claro,IBGE Malha de Setores Censitários 2022 — atributos territoriais CD_BAIRRO/NM_BAIRRO e correlatos,Bairro IBGE 2022,5107305003
510730505000027,5107305,São José do Rio Claro,Jardim Casa Nova,IBGE Malha de Setores Censitários 2022 — atributos territoriais CD_BAIRRO/NM_BAIRRO e correlatos,Bairro IBGE 2022,5107305004
510730505000028,5107305,São José do Rio Claro,Jardim Olinda,IBGE Malha de Setores Censitários 2022 — atributos territoriais CD_BAIRRO/NM_BAIRRO e correlatos,Bairro IBGE 2022,5107305005
510730505000029,5107305,São José do Rio Claro,Jardim Arco-Íris,IBGE Malha de Setores Censitários 2022 — atributos territoriais CD_BAIRRO/NM_BAIRRO e correlatos,Bairro IBGE 2022,5107305006
510730505000037,5107305,São José do Rio Claro,Jardim Rio Claro,IBGE Malha de Setores Censitários 2022 — atributos territoriais CD_BAIRRO/NM_BAIRRO e correlatos,Bairro IBGE 2022,5107305003
510735405000011,5107354,São José do Xingu,Aldeia Indígena Piaracu e Maikore,IBGE Malha de Setores Censitários 2022 — atributos territoriais CD_BAIRRO/NM_BAIRRO e correlatos,Aglomerado rural IBGE 2022,510735400003
510735405000023,5107354,São José do Xingu,Aldeia Indígena Aribaru,IBGE Malha de Setores Censitários 2022 — atributos territoriais CD_BAIRRO/NM_BAIRRO e correlatos,Aglomerado rural IBGE 2022,510735400004
510735405000024,5107354,São José do Xingu,Aldeia Indígena Mayda,IBGE Malha de Setores Censitários 2022 — atributos territoriais CD_BAIRRO/NM_BAIRRO e correlatos,Aglomerado rural IBGE 2022,510735400005
510735405000025,5107354,São José do Xingu,Aldeia Indígena Pakaya,IBGE Malha de Setores Censitários 2022 — atributos territoriais CD_BAIRRO/NM_BAIRRO e correlatos,Aglomerado rural IBGE 2022,510735400006
510735405000027,5107354,São José do Xingu,Aldeia Indígena Mupa,IBGE Malha de Setores Censitários 2022 — atributos territoriais CD_BAIRRO/NM_BAIRRO e correlatos,Aglomerado rural IBGE 2022,510735400007
510735425000001,5107354,São José do Xingu,Santo Antônio do Fontoura,IBGE Malha de Setores Censitários 2022 — atributos territoriais CD_BAIRRO/NM_BAIRRO e correlatos,Distrito IBGE 2022,510735425
510735425000002,5107354,São José do Xingu,Santo Antônio do Fontoura,IBGE Malha de Setores Censitários 2022 — atributos territoriais CD_BAIRRO/NM_BAIRRO e correlatos,Distrito IBGE 2022,510735425
510735425000003,5107354,São José do Xingu,Santo Antônio do Fontoura,IBGE Malha de Setores Censitários 2022 — atributos territoriais CD_BAIRRO/NM_BAIRRO e correlatos,Distrito IBGE 2022,510735425
510735425000004,5107354,São José do Xingu,Santo Antônio do Fontoura,IBGE Malha de Setores Censitários 2022 — atributos territoriais CD_BAIRRO/NM_BAIRRO e correlatos,Distrito IBGE 2022,510735425
510735425000005,5107354,São José do Xingu,Santo Antônio do Fontoura,IBGE Malha de Setores Censitários 2022 — atributos territoriais CD_BAIRRO/NM_BAIRRO e correlatos,Distrito IBGE 2022,510735425
510735425000006,5107354,São José do Xingu,Santo Antônio do Fontoura,IBGE Malha de Setores Censitários 2022 — atributos territoriais CD_BAIRRO/NM_BAIRRO e correlatos,Distrito IBGE 2022,510735425
510735425000007,5107354,São José do Xingu,Santo Antônio do Fontoura,IBGE Malha de Setores Censitários 2022 — atributos territoriais CD_BAIRRO/NM_BAIRRO e correlatos,Distrito IBGE 2022,510735425
510740405000007,5107404,São Pedro da Cipa,Alojamentos da Gleba Pombal,IBGE Malha de Setores Censitários 2022 — atributos territoriais CD_BAIRRO/NM_BAIRRO e correlatos,Aglomerado rural IBGE 2022,510740400002
510757805000001,5107578,Rondolândia,Centro,IBGE Malha de Setores Censitários 2022 — atributos territoriais CD_BAIRRO/NM_BAIRRO e correlatos,Bairro IBGE 2022,5107578002
510757805000015,5107578,Rondolândia,Primavera,IBGE Malha de Setores Censitários 2022 — atributos territoriais CD_BAIRRO/NM_BAIRRO e correlatos,Bairro IBGE 2022,5107578001
510757805000016,5107578,Rondolândia,Colina Verde,IBGE Malha de Setores Censitários 2022 — atributos territoriais CD_BAIRRO/NM_BAIRRO e correlatos,Bairro IBGE 2022,5107578003
510757805000030,5107578,Rondolândia,Colina Verde,IBGE Malha de Setores Censitários 2022 — atributos territoriais CD_BAIRRO/NM_BAIRRO e correlatos,Bairro IBGE 2022,5107578003
510757805000031,5107578,Rondolândia,Primavera,IBGE Malha de Setores Censitários 2022 — atributos territoriais CD_BAIRRO/NM_BAIRRO e correlatos,Bairro IBGE 2022,5107578001
510757805000034,5107578,Rondolândia,Aldeia Indígena Apoena Meireles,IBGE Malha de Setores Censitários 2022 — atributos territoriais CD_BAIRRO/NM_BAIRRO e correlatos,Aglomerado rural IBGE 2022,510757800003
510757805000035,5107578,Rondolândia,Aldeia Indígena Betel,IBGE Malha de Setores Censitários 2022 — atributos territoriais CD_BAIRRO/NM_BAIRRO e correlatos,Aglomerado rural IBGE 2022,510757800004
510757805000037,5107578,Rondolândia,Aldeia Indígena Zawa Kej,IBGE Malha de Setores Censitários 2022 — atributos territoriais CD_BAIRRO/NM_BAIRRO e correlatos,Aglomerado rural IBGE 2022,510757800005
510757805000038,5107578,Rondolândia,Aldeia Indígena Webaj Karej Sagapuga,IBGE Malha de Setores Censitários 2022 — atributos territoriais CD_BAIRRO/NM_BAIRRO e correlatos,Aglomerado rural IBGE 2022,510757800006
510757805000039,5107578,Rondolândia,Aldeia Indígena Guwã Puxurej / Jose,IBGE Malha de Setores Censitários 2022 — atributos territoriais CD_BAIRRO/NM_BAIRRO e correlatos,Aglomerado rural IBGE 2022,510757800007
510757805000040,5107578,Rondolândia,Aldeia Indígena Zoró,IBGE Malha de Setores Censitários 2022 — atributos territoriais CD_BAIRRO/NM_BAIRRO e correlatos,Aglomerado rural IBGE 2022,510757800008
510757805000041,5107578,Rondolândia,Aldeia Indígena Paraíso da Serra,IBGE Malha de Setores Censitários 2022 — atributos territoriais CD_BAIRRO/NM_BAIRRO e correlatos,Aglomerado rural IBGE 2022,510757800009
510757805000042,5107578,Rondolândia,Aldeia Indígena Zarup Wej,IBGE Malha de Setores Censitários 2022 — atributos territoriais CD_BAIRRO/NM_BAIRRO e correlatos,Aglomerado rural IBGE 2022,510757800010
510757805000043,5107578,Rondolândia,Aldeia Indígena Duanjurej Serrinha / Duajurej Serrinha,IBGE Malha de Setores Censitários 2022 — atributos territoriais CD_BAIRRO/NM_BAIRRO e correlatos,Aglomerado rural IBGE 2022,510757800011
510757805000044,5107578,Rondolândia,Aldeia Indígena Tamalisym,IBGE Malha de Setores Censitários 2022 — atributos territoriais CD_BAIRRO/NM_BAIRRO e correlatos,Aglomerado rural IBGE 2022,510757800012
510757805000046,5107578,Rondolândia,Aldeia Indígena Angujtapua,IBGE Malha de Setores Censitários 2022 — atributos territoriais CD_BAIRRO/NM_BAIRRO e correlatos,Aglomerado rural IBGE 2022,510757800013
510757805000047,5107578,Rondolândia,Aldeia Indígena Agalajorej,IBGE Malha de Setores Censitários 2022 — atributos territoriais CD_BAIRRO/NM_BAIRRO e correlatos,Aglomerado rural IBGE 2022,510757800014
510757805000048,5107578,Rondolândia,Aldeia Indígena Bubyrej,IBGE Malha de Setores Censitários 2022 — atributos territoriais CD_BAIRRO/NM_BAIRRO e correlatos,Aglomerado rural IBGE 2022,510757800015
510757805000049,5107578,Rondolândia,Aldeia Indígena Ip Wyrej,IBGE Malha de Setores Censitários 2022 — atributos territoriais CD_BAIRRO/NM_BAIRRO e correlatos,Aglomerado rural IBGE 2022,510757800016
510757805000050,5107578,Rondolândia,Aldeia Indígena Pawanewa,IBGE Malha de Setores Censitários 2022 — atributos territoriais CD_BAIRRO/NM_BAIRRO e correlatos,Aglomerado rural IBGE 2022,510757800017
510757805000051,5107578,Rondolândia,Aldeia Indígena Duabiyrej,IBGE Malha de Setores Censitários 2022 — atributos territoriais CD_BAIRRO/NM_BAIRRO e correlatos,Aglomerado rural IBGE 2022,510757800018
510757805000053,5107578,Rondolândia,Aldeia Indígena Pingo da Água,IBGE Malha de Setores Censitários 2022 — atributos territoriais CD_BAIRRO/NM_BAIRRO e correlatos,Aglomerado rural IBGE 2022,510757800019
510757805000054,5107578,Rondolândia,Aldeia Indígena do Tonhão Cinta Larga,IBGE Malha de Setores Censitários 2022 — atributos territoriais CD_BAIRRO/NM_BAIRRO e correlatos,Aglomerado rural IBGE 2022,510757800020
510757805000056,5107578,Rondolândia,Aldeia Indígena Sete De Setembro,IBGE Malha de Setores Censitários 2022 — atributos territoriais CD_BAIRRO/NM_BAIRRO e correlatos,Aglomerado rural IBGE 2022,510757800021
510757805000057,5107578,Rondolândia,Aldeia Indígena Panang,IBGE Malha de Setores Censitários 2022 — atributos territoriais CD_BAIRRO/NM_BAIRRO e correlatos,Aglomerado rural IBGE 2022,510757800022
510757805000058,5107578,Rondolândia,Aldeia Indígena Naquibe,IBGE Malha de Setores Censitários 2022 — atributos territoriais CD_BAIRRO/NM_BAIRRO e correlatos,Aglomerado rural IBGE 2022,510757800023
510757805000060,5107578,Rondolândia,Aldeia Indígena Ikarej Pepuj / Jorge Pepuj,IBGE Malha de Setores Censitários 2022 — atributos territoriais CD_BAIRRO/NM_BAIRRO e correlatos,Aglomerado rural IBGE 2022,510757800024
510757805000061,5107578,Rondolândia,Aldeia Indígena Abesewap (Paulo Sérgio),IBGE Malha de Setores Censitários 2022 — atributos territoriais CD_BAIRRO/NM_BAIRRO e correlatos,Aglomerado rural IBGE 2022,510757800025
510757805000062,5107578,Rondolândia,Aldeia Indígena Pandarawej,IBGE Malha de Setores Censitários 2022 — atributos territoriais CD_BAIRRO/NM_BAIRRO e correlatos,Aglomerado rural IBGE 2022,510757800026
510757805000063,5107578,Rondolândia,Aldeia Indígena Panjirawã,IBGE Malha de Setores Censitários 2022 — atributos territoriais CD_BAIRRO/NM_BAIRRO e correlatos,Aglomerado rural IBGE 2022,510757800027
510757805000065,5107578,Rondolândia,Aldeia Indígena Imbupeaxurej Chiquinho,IBGE Malha de Setores Censitários 2022 — atributos territoriais CD_BAIRRO/NM_BAIRRO e correlatos,Aglomerado rural IBGE 2022,510757800029
510757805000067,5107578,Rondolândia,Aldeia Indígena Cardoso.,IBGE Malha de Setores Censitários 2022 — atributos territoriais CD_BAIRRO/NM_BAIRRO e correlatos,Aglomerado rural IBGE 2022,510757800030
510760205000174,5107602,Rondonópolis,Vila Amizade,IBGE Malha de Setores Censitários 2022 — atributos territoriais CD_BAIRRO/NM_BAIRRO e correlatos,Favela/Comunidade urbana IBGE 2022,51076020003
510760205000183,5107602,Rondonópolis,Vila Mamed,IBGE Malha de Setores Censitários 2022 — atributos territoriais CD_BAIRRO/NM_BAIRRO e correlatos,Favela/Comunidade urbana IBGE 2022,51076020004
510760205000461,5107602,Rondonópolis,Maria Amélia,IBGE Malha de Setores Censitários 2022 — atributos territoriais CD_BAIRRO/NM_BAIRRO e correlatos,Núcleo urbano IBGE 2022,5107602001
510760210000002,5107602,Rondonópolis,Anhumas,IBGE Malha de Setores Censitários 2022 — atributos territoriais CD_BAIRRO/NM_BAIRRO e correlatos,Distrito IBGE 2022,510760210
510760210000004,5107602,Rondonópolis,Anhumas,IBGE Malha de Setores Censitários 2022 — atributos territoriais CD_BAIRRO/NM_BAIRRO e correlatos,Distrito IBGE 2022,510760210
510760210000005,5107602,Rondonópolis,Anhumas,IBGE Malha de Setores Censitários 2022 — atributos territoriais CD_BAIRRO/NM_BAIRRO e correlatos,Distrito IBGE 2022,510760210
510760210000006,5107602,Rondonópolis,Anhumas,IBGE Malha de Setores Censitários 2022 — atributos territoriais CD_BAIRRO/NM_BAIRRO e correlatos,Distrito IBGE 2022,510760210
510760215000002,5107602,Rondonópolis,Nova Galiléia,IBGE Malha de Setores Censitários 2022 — atributos territoriais CD_BAIRRO/NM_BAIRRO e correlatos,Distrito IBGE 2022,510760215
510760215000003,5107602,Rondonópolis,Nova Galiléia,IBGE Malha de Setores Censitários 2022 — atributos territoriais CD_BAIRRO/NM_BAIRRO e correlatos,Distrito IBGE 2022,510760215
510760215000004,5107602,Rondonópolis,Aldeia Indígena Jurigue,IBGE Malha de Setores Censitários 2022 — atributos territoriais CD_BAIRRO/NM_BAIRRO e correlatos,Aglomerado rural IBGE 2022,510760200004
510760215000005,5107602,Rondonópolis,Aldeia Indígena Pobore,IBGE Malha de Setores Censitários 2022 — atributos territoriais CD_BAIRRO/NM_BAIRRO e correlatos,Aglomerado rural IBGE 2022,510760200005
510760215000006,5107602,Rondonópolis,Nova Galiléia,IBGE Malha de Setores Censitários 2022 — atributos territoriais CD_BAIRRO/NM_BAIRRO e correlatos,Distrito IBGE 2022,510760215
510760215000007,5107602,Rondonópolis,Aldeia Indígena Tadarimana,IBGE Malha de Setores Censitários 2022 — atributos territoriais CD_BAIRRO/NM_BAIRRO e correlatos,Aglomerado rural IBGE 2022,510760200008
510760215000008,5107602,Rondonópolis,Aldeia Indígena Praião,IBGE Malha de Setores Censitários 2022 — atributos territoriais CD_BAIRRO/NM_BAIRRO e correlatos,Aglomerado rural IBGE 2022,510760200009
510760215000011,5107602,Rondonópolis,Nova Galiléia,IBGE Malha de Setores Censitários 2022 — atributos territoriais CD_BAIRRO/NM_BAIRRO e correlatos,Distrito IBGE 2022,510760215
510760220000001,5107602,Rondonópolis,Boa Vista,IBGE Malha de Setores Censitários 2022 — atributos territoriais CD_BAIRRO/NM_BAIRRO e correlatos,Distrito IBGE 2022,510760220
510760220000002,5107602,Rondonópolis,Boa Vista,IBGE Malha de Setores Censitários 2022 — atributos territoriais CD_BAIRRO/NM_BAIRRO e correlatos,Distrito IBGE 2022,510760220
510760230000001,5107602,Rondonópolis,Vila Operária,IBGE Malha de Setores Censitários 2022 — atributos territoriais CD_BAIRRO/NM_BAIRRO e correlatos,Distrito IBGE 2022,510760230
510760230000002,5107602,Rondonópolis,Vila Operária,IBGE Malha de Setores Censitários 2022 — atributos territoriais CD_BAIRRO/NM_BAIRRO e correlatos,Distrito IBGE 2022,510760230
510760230000003,5107602,Rondonópolis,Vila Operária,IBGE Malha de Setores Censitários 2022 — atributos territoriais CD_BAIRRO/NM_BAIRRO e correlatos,Distrito IBGE 2022,510760230
510760230000004,5107602,Rondonópolis,Vila Operária,IBGE Malha de Setores Censitários 2022 — atributos territoriais CD_BAIRRO/NM_BAIRRO e correlatos,Distrito IBGE 2022,510760230
510760230000005,5107602,Rondonópolis,Vila Operária,IBGE Malha de Setores Censitários 2022 — atributos territoriais CD_BAIRRO/NM_BAIRRO e correlatos,Distrito IBGE 2022,510760230
510760230000006,5107602,Rondonópolis,Vila Operária,IBGE Malha de Setores Censitários 2022 — atributos territoriais CD_BAIRRO/NM_BAIRRO e correlatos,Distrito IBGE 2022,510760230
510760230000007,5107602,Rondonópolis,Vila Operária,IBGE Malha de Setores Censitários 2022 — atributos territoriais CD_BAIRRO/NM_BAIRRO e correlatos,Distrito IBGE 2022,510760230
510760230000008,5107602,Rondonópolis,Vila Operária,IBGE Malha de Setores Censitários 2022 — atributos territoriais CD_BAIRRO/NM_BAIRRO e correlatos,Distrito IBGE 2022,510760230
510760230000009,5107602,Rondonópolis,Vila Operária,IBGE Malha de Setores Censitários 2022 — atributos territoriais CD_BAIRRO/NM_BAIRRO e correlatos,Distrito IBGE 2022,510760230
510760230000010,5107602,Rondonópolis,Vila Operária,IBGE Malha de Setores Censitários 2022 — atributos territoriais CD_BAIRRO/NM_BAIRRO e correlatos,Distrito IBGE 2022,510760230
510760230000011,5107602,Rondonópolis,Vila Operária,IBGE Malha de Setores Censitários 2022 — atributos territoriais CD_BAIRRO/NM_BAIRRO e correlatos,Distrito IBGE 2022,510760230
510760230000012,5107602,Rondonópolis,Vila Operária,IBGE Malha de Setores Censitários 2022 — atributos territoriais CD_BAIRRO/NM_BAIRRO e correlatos,Distrito IBGE 2022,510760230
510760230000013,5107602,Rondonópolis,Vila Operária,IBGE Malha de Setores Censitários 2022 — atributos territoriais CD_BAIRRO/NM_BAIRRO e correlatos,Distrito IBGE 2022,510760230
510760230000014,5107602,Rondonópolis,Vila Operária,IBGE Malha de Setores Censitários 2022 — atributos territoriais CD_BAIRRO/NM_BAIRRO e correlatos,Distrito IBGE 2022,510760230
510760230000015,5107602,Rondonópolis,Vila Operária,IBGE Malha de Setores Censitários 2022 — atributos territoriais CD_BAIRRO/NM_BAIRRO e correlatos,Distrito IBGE 2022,510760230
510760230000016,5107602,Rondonópolis,Vila Operária,IBGE Malha de Setores Censitários 2022 — atributos territoriais CD_BAIRRO/NM_BAIRRO e correlatos,Distrito IBGE 2022,510760230
510760230000017,5107602,Rondonópolis,Vila Operária,IBGE Malha de Setores Censitários 2022 — atributos territoriais CD_BAIRRO/NM_BAIRRO e correlatos,Distrito IBGE 2022,510760230
510760230000018,5107602,Rondonópolis,Vila Operária,IBGE Malha de Setores Censitários 2022 — atributos territoriais CD_BAIRRO/NM_BAIRRO e correlatos,Distrito IBGE 2022,510760230
510760230000019,5107602,Rondonópolis,Vila Operária,IBGE Malha de Setores Censitários 2022 — atributos territoriais CD_BAIRRO/NM_BAIRRO e correlatos,Distrito IBGE 2022,510760230
510760230000020,5107602,Rondonópolis,Vila Operária,IBGE Malha de Setores Censitários 2022 — atributos territoriais CD_BAIRRO/NM_BAIRRO e correlatos,Distrito IBGE 2022,510760230
510760230000021,5107602,Rondonópolis,Vila Operária,IBGE Malha de Setores Censitários 2022 — atributos territoriais CD_BAIRRO/NM_BAIRRO e correlatos,Distrito IBGE 2022,510760230
510760230000022,5107602,Rondonópolis,Vila Operária,IBGE Malha de Setores Censitários 2022 — atributos territoriais CD_BAIRRO/NM_BAIRRO e correlatos,Distrito IBGE 2022,510760230
510760230000023,5107602,Rondonópolis,Vila Operária,IBGE Malha de Setores Censitários 2022 — atributos territoriais CD_BAIRRO/NM_BAIRRO e correlatos,Distrito IBGE 2022,510760230
510760230000024,5107602,Rondonópolis,Vila Operária,IBGE Malha de Setores Censitários 2022 — atributos territoriais CD_BAIRRO/NM_BAIRRO e correlatos,Distrito IBGE 2022,510760230
510760230000025,5107602,Rondonópolis,Vila Operária,IBGE Malha de Setores Censitários 2022 — atributos territoriais CD_BAIRRO/NM_BAIRRO e correlatos,Distrito IBGE 2022,510760230
510760230000026,5107602,Rondonópolis,Vila Operária,IBGE Malha de Setores Censitários 2022 — atributos territoriais CD_BAIRRO/NM_BAIRRO e correlatos,Distrito IBGE 2022,510760230
510760230000027,5107602,Rondonópolis,Vila Operária,IBGE Malha de Setores Censitários 2022 — atributos territoriais CD_BAIRRO/NM_BAIRRO e correlatos,Distrito IBGE 2022,510760230
510760230000028,5107602,Rondonópolis,Vila Operária,IBGE Malha de Setores Censitários 2022 — atributos territoriais CD_BAIRRO/NM_BAIRRO e correlatos,Distrito IBGE 2022,510760230
510760230000029,5107602,Rondonópolis,Vila Operária,IBGE Malha de Setores Censitários 2022 — atributos territoriais CD_BAIRRO/NM_BAIRRO e correlatos,Distrito IBGE 2022,510760230
510760230000030,5107602,Rondonópolis,Vila Operária,IBGE Malha de Setores Censitários 2022 — atributos territoriais CD_BAIRRO/NM_BAIRRO e correlatos,Distrito IBGE 2022,510760230
510760230000032,5107602,Rondonópolis,Vila Operária,IBGE Malha de Setores Censitários 2022 — atributos territoriais CD_BAIRRO/NM_BAIRRO e correlatos,Distrito IBGE 2022,510760230
510760230000033,5107602,Rondonópolis,Vila Operária,IBGE Malha de Setores Censitários 2022 — atributos territoriais CD_BAIRRO/NM_BAIRRO e correlatos,Distrito IBGE 2022,510760230
510760230000034,5107602,Rondonópolis,Vila Operária,IBGE Malha de Setores Censitários 2022 — atributos territoriais CD_BAIRRO/NM_BAIRRO e correlatos,Distrito IBGE 2022,510760230
510760230000036,5107602,Rondonópolis,Vila Operária,IBGE Malha de Setores Censitários 2022 — atributos territoriais CD_BAIRRO/NM_BAIRRO e correlatos,Distrito IBGE 2022,510760230
510760230000037,5107602,Rondonópolis,Vila Operária,IBGE Malha de Setores Censitários 2022 — atributos territoriais CD_BAIRRO/NM_BAIRRO e correlatos,Distrito IBGE 2022,510760230
510760230000038,5107602,Rondonópolis,Vila Operária,IBGE Malha de Setores Censitários 2022 — atributos territoriais CD_BAIRRO/NM_BAIRRO e correlatos,Distrito IBGE 2022,510760230
510760230000040,5107602,Rondonópolis,Vila Operária,IBGE Malha de Setores Censitários 2022 — atributos territoriais CD_BAIRRO/NM_BAIRRO e correlatos,Distrito IBGE 2022,510760230
510760230000041,5107602,Rondonópolis,Vila Operária,IBGE Malha de Setores Censitários 2022 — atributos territoriais CD_BAIRRO/NM_BAIRRO e correlatos,Distrito IBGE 2022,510760230
510760230000042,5107602,Rondonópolis,Vila Operária,IBGE Malha de Setores Censitários 2022 — atributos territoriais CD_BAIRRO/NM_BAIRRO e correlatos,Distrito IBGE 2022,510760230
510760230000043,5107602,Rondonópolis,Vila Operária,IBGE Malha de Setores Censitários 2022 — atributos territoriais CD_BAIRRO/NM_BAIRRO e correlatos,Distrito IBGE 2022,510760230
510760230000044,5107602,Rondonópolis,Vila Operária,IBGE Malha de Setores Censitários 2022 — atributos territoriais CD_BAIRRO/NM_BAIRRO e correlatos,Distrito IBGE 2022,510760230
510760230000045,5107602,Rondonópolis,Vila Operária,IBGE Malha de Setores Censitários 2022 — atributos territoriais CD_BAIRRO/NM_BAIRRO e correlatos,Distrito IBGE 2022,510760230
510760230000046,5107602,Rondonópolis,Vila Operária,IBGE Malha de Setores Censitários 2022 — atributos territoriais CD_BAIRRO/NM_BAIRRO e correlatos,Distrito IBGE 2022,510760230
510760230000047,5107602,Rondonópolis,Vila Operária,IBGE Malha de Setores Censitários 2022 — atributos territoriais CD_BAIRRO/NM_BAIRRO e correlatos,Distrito IBGE 2022,510760230
510760230000048,5107602,Rondonópolis,Vila Operária,IBGE Malha de Setores Censitários 2022 — atributos territoriais CD_BAIRRO/NM_BAIRRO e correlatos,Distrito IBGE 2022,510760230
510760230000049,5107602,Rondonópolis,Vila Operária,IBGE Malha de Setores Censitários 2022 — atributos territoriais CD_BAIRRO/NM_BAIRRO e correlatos,Distrito IBGE 2022,510760230
510760230000050,5107602,Rondonópolis,Vila Operária,IBGE Malha de Setores Censitários 2022 — atributos territoriais CD_BAIRRO/NM_BAIRRO e correlatos,Distrito IBGE 2022,510760230
510760230000051,5107602,Rondonópolis,Vila Operária,IBGE Malha de Setores Censitários 2022 — atributos territoriais CD_BAIRRO/NM_BAIRRO e correlatos,Distrito IBGE 2022,510760230
510760230000052,5107602,Rondonópolis,Vila Operária,IBGE Malha de Setores Censitários 2022 — atributos territoriais CD_BAIRRO/NM_BAIRRO e correlatos,Distrito IBGE 2022,510760230
510760230000053,5107602,Rondonópolis,Vila Operária,IBGE Malha de Setores Censitários 2022 — atributos territoriais CD_BAIRRO/NM_BAIRRO e correlatos,Distrito IBGE 2022,510760230
510760230000054,5107602,Rondonópolis,Vila Operária,IBGE Malha de Setores Censitários 2022 — atributos territoriais CD_BAIRRO/NM_BAIRRO e correlatos,Distrito IBGE 2022,510760230
510760230000055,5107602,Rondonópolis,Vila Operária,IBGE Malha de Setores Censitários 2022 — atributos territoriais CD_BAIRRO/NM_BAIRRO e correlatos,Distrito IBGE 2022,510760230
510760230000056,5107602,Rondonópolis,Vila Operária,IBGE Malha de Setores Censitários 2022 — atributos territoriais CD_BAIRRO/NM_BAIRRO e correlatos,Distrito IBGE 2022,510760230
510760230000057,5107602,Rondonópolis,Vila Operária,IBGE Malha de Setores Censitários 2022 — atributos territoriais CD_BAIRRO/NM_BAIRRO e correlatos,Distrito IBGE 2022,510760230
510760230000058,5107602,Rondonópolis,Vila Operária,IBGE Malha de Setores Censitários 2022 — atributos territoriais CD_BAIRRO/NM_BAIRRO e correlatos,Distrito IBGE 2022,510760230
510760230000059,5107602,Rondonópolis,Vila Operária,IBGE Malha de Setores Censitários 2022 — atributos territoriais CD_BAIRRO/NM_BAIRRO e correlatos,Distrito IBGE 2022,510760230
510760230000060,5107602,Rondonópolis,Vila Operária,IBGE Malha de Setores Censitários 2022 — atributos territoriais CD_BAIRRO/NM_BAIRRO e correlatos,Distrito IBGE 2022,510760230
510760230000061,5107602,Rondonópolis,Vila Operária,IBGE Malha de Setores Censitários 2022 — atributos territoriais CD_BAIRRO/NM_BAIRRO e correlatos,Distrito IBGE 2022,510760230
510760230000062,5107602,Rondonópolis,Vila Operária,IBGE Malha de Setores Censitários 2022 — atributos territoriais CD_BAIRRO/NM_BAIRRO e correlatos,Distrito IBGE 2022,510760230
510760230000063,5107602,Rondonópolis,Vila Operária,IBGE Malha de Setores Censitários 2022 — atributos territoriais CD_BAIRRO/NM_BAIRRO e correlatos,Distrito IBGE 2022,510760230
510760230000064,5107602,Rondonópolis,Vila Operária,IBGE Malha de Setores Censitários 2022 — atributos territoriais CD_BAIRRO/NM_BAIRRO e correlatos,Distrito IBGE 2022,510760230
510760230000065,5107602,Rondonópolis,Vila Operária,IBGE Malha de Setores Censitários 2022 — atributos territoriais CD_BAIRRO/NM_BAIRRO e correlatos,Distrito IBGE 2022,510760230
510760230000066,5107602,Rondonópolis,Vila Operária,IBGE Malha de Setores Censitários 2022 — atributos territoriais CD_BAIRRO/NM_BAIRRO e correlatos,Distrito IBGE 2022,510760230
510760230000067,5107602,Rondonópolis,Vila Operária,IBGE Malha de Setores Censitários 2022 — atributos territoriais CD_BAIRRO/NM_BAIRRO e correlatos,Distrito IBGE 2022,510760230
510760230000068,5107602,Rondonópolis,Vila Operária,IBGE Malha de Setores Censitários 2022 — atributos territoriais CD_BAIRRO/NM_BAIRRO e correlatos,Distrito IBGE 2022,510760230
510760230000069,5107602,Rondonópolis,Vila Operária,IBGE Malha de Setores Censitários 2022 — atributos territoriais CD_BAIRRO/NM_BAIRRO e correlatos,Distrito IBGE 2022,510760230
510760230000070,5107602,Rondonópolis,Vila Operária,IBGE Malha de Setores Censitários 2022 — atributos territoriais CD_BAIRRO/NM_BAIRRO e correlatos,Distrito IBGE 2022,510760230
510760230000071,5107602,Rondonópolis,Vila Operária,IBGE Malha de Setores Censitários 2022 — atributos territoriais CD_BAIRRO/NM_BAIRRO e correlatos,Distrito IBGE 2022,510760230
510760230000072,5107602,Rondonópolis,Vila Operária,IBGE Malha de Setores Censitários 2022 — atributos territoriais CD_BAIRRO/NM_BAIRRO e correlatos,Distrito IBGE 2022,510760230
510760230000073,5107602,Rondonópolis,Vila Operária,IBGE Malha de Setores Censitários 2022 — atributos territoriais CD_BAIRRO/NM_BAIRRO e correlatos,Distrito IBGE 2022,510760230
510760230000074,5107602,Rondonópolis,Vila Operária,IBGE Malha de Setores Censitários 2022 — atributos territoriais CD_BAIRRO/NM_BAIRRO e correlatos,Distrito IBGE 2022,510760230
510760230000075,5107602,Rondonópolis,Vila Operária,IBGE Malha de Setores Censitários 2022 — atributos territoriais CD_BAIRRO/NM_BAIRRO e correlatos,Distrito IBGE 2022,510760230
510760230000076,5107602,Rondonópolis,Vila Operária,IBGE Malha de Setores Censitários 2022 — atributos territoriais CD_BAIRRO/NM_BAIRRO e correlatos,Distrito IBGE 2022,510760230
510760230000077,5107602,Rondonópolis,Vila Operária,IBGE Malha de Setores Censitários 2022 — atributos territoriais CD_BAIRRO/NM_BAIRRO e correlatos,Distrito IBGE 2022,510760230
510760230000078,5107602,Rondonópolis,Vila Operária,IBGE Malha de Setores Censitários 2022 — atributos territoriais CD_BAIRRO/NM_BAIRRO e correlatos,Distrito IBGE 2022,510760230
510760230000079,5107602,Rondonópolis,Vila Operária,IBGE Malha de Setores Censitários 2022 — atributos territoriais CD_BAIRRO/NM_BAIRRO e correlatos,Distrito IBGE 2022,510760230
510760230000080,5107602,Rondonópolis,Vila Operária,IBGE Malha de Setores Censitários 2022 — atributos territoriais CD_BAIRRO/NM_BAIRRO e correlatos,Distrito IBGE 2022,510760230
510760230000081,5107602,Rondonópolis,Vila Operária,IBGE Malha de Setores Censitários 2022 — atributos territoriais CD_BAIRRO/NM_BAIRRO e correlatos,Distrito IBGE 2022,510760230
510760230000082,5107602,Rondonópolis,Vila Operária,IBGE Malha de Setores Censitários 2022 — atributos territoriais CD_BAIRRO/NM_BAIRRO e correlatos,Distrito IBGE 2022,510760230
510760230000083,5107602,Rondonópolis,Vila Operária,IBGE Malha de Setores Censitários 2022 — atributos territoriais CD_BAIRRO/NM_BAIRRO e correlatos,Distrito IBGE 2022,510760230
510760230000084,5107602,Rondonópolis,Vila Operária,IBGE Malha de Setores Censitários 2022 — atributos territoriais CD_BAIRRO/NM_BAIRRO e correlatos,Distrito IBGE 2022,510760230
510760230000085,5107602,Rondonópolis,Vila Operária,IBGE Malha de Setores Censitários 2022 — atributos territoriais CD_BAIRRO/NM_BAIRRO e correlatos,Distrito IBGE 2022,510760230
510760230000086,5107602,Rondonópolis,Vila Operária,IBGE Malha de Setores Censitários 2022 — atributos territoriais CD_BAIRRO/NM_BAIRRO e correlatos,Distrito IBGE 2022,510760230
510760230000087,5107602,Rondonópolis,Vila Operária,IBGE Malha de Setores Censitários 2022 — atributos territoriais CD_BAIRRO/NM_BAIRRO e correlatos,Distrito IBGE 2022,510760230
510760230000088,5107602,Rondonópolis,Vila Operária,IBGE Malha de Setores Censitários 2022 — atributos territoriais CD_BAIRRO/NM_BAIRRO e correlatos,Distrito IBGE 2022,510760230
510760230000089,5107602,Rondonópolis,Vila Operária,IBGE Malha de Setores Censitários 2022 — atributos territoriais CD_BAIRRO/NM_BAIRRO e correlatos,Distrito IBGE 2022,510760230
510760230000090,5107602,Rondonópolis,Vila Operária,IBGE Malha de Setores Censitários 2022 — atributos territoriais CD_BAIRRO/NM_BAIRRO e correlatos,Distrito IBGE 2022,510760230
510760230000091,5107602,Rondonópolis,Vila Operária,IBGE Malha de Setores Censitários 2022 — atributos territoriais CD_BAIRRO/NM_BAIRRO e correlatos,Distrito IBGE 2022,510760230
510760230000092,5107602,Rondonópolis,Vila Operária,IBGE Malha de Setores Censitários 2022 — atributos territoriais CD_BAIRRO/NM_BAIRRO e correlatos,Distrito IBGE 2022,510760230
510760230000093,5107602,Rondonópolis,Vila Operária,IBGE Malha de Setores Censitários 2022 — atributos territoriais CD_BAIRRO/NM_BAIRRO e correlatos,Distrito IBGE 2022,510760230
510760230000094,5107602,Rondonópolis,Vila Operária,IBGE Malha de Setores Censitários 2022 — atributos territoriais CD_BAIRRO/NM_BAIRRO e correlatos,Distrito IBGE 2022,510760230
510760230000095,5107602,Rondonópolis,Vila Operária,IBGE Malha de Setores Censitários 2022 — atributos territoriais CD_BAIRRO/NM_BAIRRO e correlatos,Distrito IBGE 2022,510760230
510760230000096,5107602,Rondonópolis,Vila Operária,IBGE Malha de Setores Censitários 2022 — atributos territoriais CD_BAIRRO/NM_BAIRRO e correlatos,Distrito IBGE 2022,510760230
510760230000097,5107602,Rondonópolis,Vila Operária,IBGE Malha de Setores Censitários 2022 — atributos territoriais CD_BAIRRO/NM_BAIRRO e correlatos,Distrito IBGE 2022,510760230
510760230000098,5107602,Rondonópolis,Vila Operária,IBGE Malha de Setores Censitários 2022 — atributos territoriais CD_BAIRRO/NM_BAIRRO e correlatos,Distrito IBGE 2022,510760230
510760230000100,5107602,Rondonópolis,Vila Operária,IBGE Malha de Setores Censitários 2022 — atributos territoriais CD_BAIRRO/NM_BAIRRO e correlatos,Distrito IBGE 2022,510760230
510760230000101,5107602,Rondonópolis,Vila Operária,IBGE Malha de Setores Censitários 2022 — atributos territoriais CD_BAIRRO/NM_BAIRRO e correlatos,Distrito IBGE 2022,510760230
510760230000102,5107602,Rondonópolis,Vila Operária,IBGE Malha de Setores Censitários 2022 — atributos territoriais CD_BAIRRO/NM_BAIRRO e correlatos,Distrito IBGE 2022,510760230
510760230000103,5107602,Rondonópolis,Vila Operária,IBGE Malha de Setores Censitários 2022 — atributos territoriais CD_BAIRRO/NM_BAIRRO e correlatos,Distrito IBGE 2022,510760230
510760230000104,5107602,Rondonópolis,Vila Operária,IBGE Malha de Setores Censitários 2022 — atributos territoriais CD_BAIRRO/NM_BAIRRO e correlatos,Distrito IBGE 2022,510760230
510760230000105,5107602,Rondonópolis,Vila Operária,IBGE Malha de Setores Censitários 2022 — atributos territoriais CD_BAIRRO/NM_BAIRRO e correlatos,Distrito IBGE 2022,510760230
510760230000106,5107602,Rondonópolis,Vila Operária,IBGE Malha de Setores Censitários 2022 — atributos territoriais CD_BAIRRO/NM_BAIRRO e correlatos,Distrito IBGE 2022,510760230
510760230000107,5107602,Rondonópolis,Vila Operária,IBGE Malha de Setores Censitários 2022 — atributos territoriais CD_BAIRRO/NM_BAIRRO e correlatos,Distrito IBGE 2022,510760230
510760230000108,5107602,Rondonópolis,Vila Operária,IBGE Malha de Setores Censitários 2022 — atributos territoriais CD_BAIRRO/NM_BAIRRO e correlatos,Distrito IBGE 2022,510760230
510760230000109,5107602,Rondonópolis,Vila Operária,IBGE Malha de Setores Censitários 2022 — atributos territoriais CD_BAIRRO/NM_BAIRRO e correlatos,Distrito IBGE 2022,510760230
510760230000110,5107602,Rondonópolis,Vila Operária,IBGE Malha de Setores Censitários 2022 — atributos territoriais CD_BAIRRO/NM_BAIRRO e correlatos,Distrito IBGE 2022,510760230
510760230000111,5107602,Rondonópolis,Agrovila do PA Chico Mendes,IBGE Malha de Setores Censitários 2022 — atributos territoriais CD_BAIRRO/NM_BAIRRO e correlatos,Aglomerado rural IBGE 2022,510760200010
510760230000112,5107602,Rondonópolis,Vila Operária,IBGE Malha de Setores Censitários 2022 — atributos territoriais CD_BAIRRO/NM_BAIRRO e correlatos,Distrito IBGE 2022,510760230
510760230000113,5107602,Rondonópolis,Jardim Itapuã,IBGE Malha de Setores Censitários 2022 — atributos territoriais CD_BAIRRO/NM_BAIRRO e correlatos,Favela/Comunidade urbana IBGE 2022,51076020002
510760230000114,5107602,Rondonópolis,Vila Operária,IBGE Malha de Setores Censitários 2022 — atributos territoriais CD_BAIRRO/NM_BAIRRO e correlatos,Distrito IBGE 2022,510760230
510760230000115,5107602,Rondonópolis,Vila Operária,IBGE Malha de Setores Censitários 2022 — atributos territoriais CD_BAIRRO/NM_BAIRRO e correlatos,Distrito IBGE 2022,510760230
510760230000116,5107602,Rondonópolis,Vila Operária,IBGE Malha de Setores Censitários 2022 — atributos territoriais CD_BAIRRO/NM_BAIRRO e correlatos,Distrito IBGE 2022,510760230
510760230000117,5107602,Rondonópolis,Vila Operária,IBGE Malha de Setores Censitários 2022 — atributos territoriais CD_BAIRRO/NM_BAIRRO e correlatos,Distrito IBGE 2022,510760230
510760230000118,5107602,Rondonópolis,Vila Operária,IBGE Malha de Setores Censitários 2022 — atributos territoriais CD_BAIRRO/NM_BAIRRO e correlatos,Distrito IBGE 2022,510760230
510760230000119,5107602,Rondonópolis,Vila Operária,IBGE Malha de Setores Censitários 2022 — atributos territoriais CD_BAIRRO/NM_BAIRRO e correlatos,Distrito IBGE 2022,510760230
510760230000120,5107602,Rondonópolis,Vila Operária,IBGE Malha de Setores Censitários 2022 — atributos territoriais CD_BAIRRO/NM_BAIRRO e correlatos,Distrito IBGE 2022,510760230
510770105000001,5107701,Rosário Oeste,Cohab Velha,IBGE Malha de Setores Censitários 2022 — atributos territoriais CD_BAIRRO/NM_BAIRRO e correlatos,Bairro IBGE 2022,5107701001
510770105000002,5107701,Rosário Oeste,Nossa Senhora Aparecida,IBGE Malha de Setores Censitários 2022 — atributos territoriais CD_BAIRRO/NM_BAIRRO e correlatos,Bairro IBGE 2022,5107701002
510770105000003,5107701,Rosário Oeste,Nossa Senhora Aparecida,IBGE Malha de Setores Censitários 2022 — atributos territoriais CD_BAIRRO/NM_BAIRRO e correlatos,Bairro IBGE 2022,5107701002
510770105000004,5107701,Rosário Oeste,Nossa Senhora Aparecida,IBGE Malha de Setores Censitários 2022 — atributos territoriais CD_BAIRRO/NM_BAIRRO e correlatos,Bairro IBGE 2022,5107701002
510770105000005,5107701,Rosário Oeste,Santa Isabel,IBGE Malha de Setores Censitários 2022 — atributos territoriais CD_BAIRRO/NM_BAIRRO e correlatos,Bairro IBGE 2022,5107701003
510770105000006,5107701,Rosário Oeste,São Benedito,IBGE Malha de Setores Censitários 2022 — atributos territoriais CD_BAIRRO/NM_BAIRRO e correlatos,Bairro IBGE 2022,5107701005
510770105000007,5107701,Rosário Oeste,Centro,IBGE Malha de Setores Censitários 2022 — atributos territoriais CD_BAIRRO/NM_BAIRRO e correlatos,Bairro IBGE 2022,5107701011
510770105000008,5107701,Rosário Oeste,Santo Antônio,IBGE Malha de Setores Censitários 2022 — atributos territoriais CD_BAIRRO/NM_BAIRRO e correlatos,Bairro IBGE 2022,5107701009
510770105000009,5107701,Rosário Oeste,Santo Antônio,IBGE Malha de Setores Censitários 2022 — atributos territoriais CD_BAIRRO/NM_BAIRRO e correlatos,Bairro IBGE 2022,5107701009
510770105000010,5107701,Rosário Oeste,Centro,IBGE Malha de Setores Censitários 2022 — atributos territoriais CD_BAIRRO/NM_BAIRRO e correlatos,Bairro IBGE 2022,5107701011
510770105000011,5107701,Rosário Oeste,Monjolo,IBGE Malha de Setores Censitários 2022 — atributos territoriais CD_BAIRRO/NM_BAIRRO e correlatos,Bairro IBGE 2022,5107701008
510770105000013,5107701,Rosário Oeste,Alto,IBGE Malha de Setores Censitários 2022 — atributos territoriais CD_BAIRRO/NM_BAIRRO e correlatos,Bairro IBGE 2022,5107701006
510770105000019,5107701,Rosário Oeste,Aeroporto,IBGE Malha de Setores Censitários 2022 — atributos territoriais CD_BAIRRO/NM_BAIRRO e correlatos,Bairro IBGE 2022,5107701007
510770105000021,5107701,Rosário Oeste,Aeroporto,IBGE Malha de Setores Censitários 2022 — atributos territoriais CD_BAIRRO/NM_BAIRRO e correlatos,Bairro IBGE 2022,5107701007
510770105000024,5107701,Rosário Oeste,São Benedito,IBGE Malha de Setores Censitários 2022 — atributos territoriais CD_BAIRRO/NM_BAIRRO e correlatos,Bairro IBGE 2022,5107701005
510770105000025,5107701,Rosário Oeste,Nossa Senhora da Piedade,IBGE Malha de Setores Censitários 2022 — atributos territoriais CD_BAIRRO/NM_BAIRRO e correlatos,Bairro IBGE 2022,5107701004
510770105000026,5107701,Rosário Oeste,Centro,IBGE Malha de Setores Censitários 2022 — atributos territoriais CD_BAIRRO/NM_BAIRRO e correlatos,Bairro IBGE 2022,5107701011
510770105000027,5107701,Rosário Oeste,Da Torre,IBGE Malha de Setores Censitários 2022 — atributos territoriais CD_BAIRRO/NM_BAIRRO e correlatos,Bairro IBGE 2022,5107701010
510770105000028,5107701,Rosário Oeste,Alto,IBGE Malha de Setores Censitários 2022 — atributos territoriais CD_BAIRRO/NM_BAIRRO e correlatos,Bairro IBGE 2022,5107701006
510770110000001,5107701,Rosário Oeste,Arruda,IBGE Malha de Setores Censitários 2022 — atributos territoriais CD_BAIRRO/NM_BAIRRO e correlatos,Distrito IBGE 2022,510770110
510770110000002,5107701,Rosário Oeste,Arruda,IBGE Malha de Setores Censitários 2022 — atributos territoriais CD_BAIRRO/NM_BAIRRO e correlatos,Distrito IBGE 2022,510770110
510770110000003,5107701,Rosário Oeste,Arruda,IBGE Malha de Setores Censitários 2022 — atributos territoriais CD_BAIRRO/NM_BAIRRO e correlatos,Distrito IBGE 2022,510770110
510770115000001,5107701,Rosário Oeste,Bauxi,IBGE Malha de Setores Censitários 2022 — atributos territoriais CD_BAIRRO/NM_BAIRRO e correlatos,Distrito IBGE 2022,510770115
510770115000002,5107701,Rosário Oeste,Bauxi,IBGE Malha de Setores Censitários 2022 — atributos territoriais CD_BAIRRO/NM_BAIRRO e correlatos,Distrito IBGE 2022,510770115
510770115000003,5107701,Rosário Oeste,Bauxi,IBGE Malha de Setores Censitários 2022 — atributos territoriais CD_BAIRRO/NM_BAIRRO e correlatos,Distrito IBGE 2022,510770115
510770115000004,5107701,Rosário Oeste,Bauxi,IBGE Malha de Setores Censitários 2022 — atributos territoriais CD_BAIRRO/NM_BAIRRO e correlatos,Distrito IBGE 2022,510770115
510770115000005,5107701,Rosário Oeste,Bauxi,IBGE Malha de Setores Censitários 2022 — atributos territoriais CD_BAIRRO/NM_BAIRRO e correlatos,Distrito IBGE 2022,510770115
510770115000007,5107701,Rosário Oeste,Bauxi,IBGE Malha de Setores Censitários 2022 — atributos territoriais CD_BAIRRO/NM_BAIRRO e correlatos,Distrito IBGE 2022,510770115
510770115000008,5107701,Rosário Oeste,Bauxi,IBGE Malha de Setores Censitários 2022 — atributos territoriais CD_BAIRRO/NM_BAIRRO e correlatos,Distrito IBGE 2022,510770115
510770120000001,5107701,Rosário Oeste,Marzagão,IBGE Malha de Setores Censitários 2022 — atributos territoriais CD_BAIRRO/NM_BAIRRO e correlatos,Distrito IBGE 2022,510770120
510770120000002,5107701,Rosário Oeste,Marzagão,IBGE Malha de Setores Censitários 2022 — atributos territoriais CD_BAIRRO/NM_BAIRRO e correlatos,Distrito IBGE 2022,510770120
510770120000003,5107701,Rosário Oeste,Marzagão,IBGE Malha de Setores Censitários 2022 — atributos territoriais CD_BAIRRO/NM_BAIRRO e correlatos,Distrito IBGE 2022,510770120
510770120000004,5107701,Rosário Oeste,Marzagão,IBGE Malha de Setores Censitários 2022 — atributos territoriais CD_BAIRRO/NM_BAIRRO e correlatos,Distrito IBGE 2022,510770120
510770120000006,5107701,Rosário Oeste,Marzagão,IBGE Malha de Setores Censitários 2022 — atributos territoriais CD_BAIRRO/NM_BAIRRO e correlatos,Distrito IBGE 2022,510770120
510770120000007,5107701,Rosário Oeste,Marzagão,IBGE Malha de Setores Censitários 2022 — atributos territoriais CD_BAIRRO/NM_BAIRRO e correlatos,Distrito IBGE 2022,510770120
510770120000008,5107701,Rosário Oeste,Marzagão,IBGE Malha de Setores Censitários 2022 — atributos territoriais CD_BAIRRO/NM_BAIRRO e correlatos,Distrito IBGE 2022,510770120
510770120000010,5107701,Rosário Oeste,Marzagão,IBGE Malha de Setores Censitários 2022 — atributos territoriais CD_BAIRRO/NM_BAIRRO e correlatos,Distrito IBGE 2022,510770120
510770120000011,5107701,Rosário Oeste,Marzagão,IBGE Malha de Setores Censitários 2022 — atributos territoriais CD_BAIRRO/NM_BAIRRO e correlatos,Distrito IBGE 2022,510770120
510770120000012,5107701,Rosário Oeste,Marzagão,IBGE Malha de Setores Censitários 2022 — atributos territoriais CD_BAIRRO/NM_BAIRRO e correlatos,Distrito IBGE 2022,510770120
510770120000013,5107701,Rosário Oeste,Marzagão,IBGE Malha de Setores Censitários 2022 — atributos territoriais CD_BAIRRO/NM_BAIRRO e correlatos,Distrito IBGE 2022,510770120
510770120000014,5107701,Rosário Oeste,Marzagão,IBGE Malha de Setores Censitários 2022 — atributos territoriais CD_BAIRRO/NM_BAIRRO e correlatos,Distrito IBGE 2022,510770120
510770120000015,5107701,Rosário Oeste,Marzagão,IBGE Malha de Setores Censitários 2022 — atributos territoriais CD_BAIRRO/NM_BAIRRO e correlatos,Distrito IBGE 2022,510770120
510770120000016,5107701,Rosário Oeste,Marzagão,IBGE Malha de Setores Censitários 2022 — atributos territoriais CD_BAIRRO/NM_BAIRRO e correlatos,Distrito IBGE 2022,510770120
510774305000010,5107743,Santa Cruz do Xingu,Agrovila do PA Santa Clara,IBGE Malha de Setores Censitários 2022 — atributos territoriais CD_BAIRRO/NM_BAIRRO e correlatos,Aglomerado rural IBGE 2022,510774300001
510775010000001,5107750,Salto do Céu,Cristinópolis,IBGE Malha de Setores Censitários 2022 — atributos territoriais CD_BAIRRO/NM_BAIRRO e correlatos,Distrito IBGE 2022,510775010
510775010000002,5107750,Salto do Céu,Cristinópolis,IBGE Malha de Setores Censitários 2022 — atributos territoriais CD_BAIRRO/NM_BAIRRO e correlatos,Distrito IBGE 2022,510775010
510775010000003,5107750,Salto do Céu,Cristinópolis,IBGE Malha de Setores Censitários 2022 — atributos territoriais CD_BAIRRO/NM_BAIRRO e correlatos,Distrito IBGE 2022,510775010
510775015000001,5107750,Salto do Céu,Vila Progresso,IBGE Malha de Setores Censitários 2022 — atributos territoriais CD_BAIRRO/NM_BAIRRO e correlatos,Distrito IBGE 2022,510775015
510775015000002,5107750,Salto do Céu,Vila Progresso,IBGE Malha de Setores Censitários 2022 — atributos territoriais CD_BAIRRO/NM_BAIRRO e correlatos,Distrito IBGE 2022,510775015
510775015000003,5107750,Salto do Céu,Vila Progresso,IBGE Malha de Setores Censitários 2022 — atributos territoriais CD_BAIRRO/NM_BAIRRO e correlatos,Distrito IBGE 2022,510775015
510776805000018,5107768,Santa Rita do Trivelato,Comunidade Pacoval,IBGE Malha de Setores Censitários 2022 — atributos territoriais CD_BAIRRO/NM_BAIRRO e correlatos,Aglomerado rural IBGE 2022,510776800001
510777605000018,5107776,Santa Terezinha,Araguaia Hevea S.A.,IBGE Malha de Setores Censitários 2022 — atributos territoriais CD_BAIRRO/NM_BAIRRO e correlatos,Aglomerado rural IBGE 2022,510777600007
510777605000020,5107776,Santa Terezinha,Segmento da 432,IBGE Malha de Setores Censitários 2022 — atributos territoriais CD_BAIRRO/NM_BAIRRO e correlatos,Aglomerado rural IBGE 2022,510777600008
510777605000022,5107776,Santa Terezinha,Agrovila do PA Porto Velho,IBGE Malha de Setores Censitários 2022 — atributos territoriais CD_BAIRRO/NM_BAIRRO e correlatos,Aglomerado rural IBGE 2022,510777600009
510777605000023,5107776,Santa Terezinha,Agrovila do PA Presidente,IBGE Malha de Setores Censitários 2022 — atributos territoriais CD_BAIRRO/NM_BAIRRO e correlatos,Aglomerado rural IBGE 2022,510777600002
510777605000026,5107776,Santa Terezinha,Lago Grande,IBGE Malha de Setores Censitários 2022 — atributos territoriais CD_BAIRRO/NM_BAIRRO e correlatos,Aglomerado rural IBGE 2022,510777600010
510777605000027,5107776,Santa Terezinha,Aldeia Indígena Hawalora,IBGE Malha de Setores Censitários 2022 — atributos territoriais CD_BAIRRO/NM_BAIRRO e correlatos,Aglomerado rural IBGE 2022,510777600006
510777605000028,5107776,Santa Terezinha,Aldeia Indígena Majityri / Majteri / Maijtyri,IBGE Malha de Setores Censitários 2022 — atributos territoriais CD_BAIRRO/NM_BAIRRO e correlatos,Aglomerado rural IBGE 2022,510777600003
510777605000029,5107776,Santa Terezinha,Aldeia Indígena Itxala,IBGE Malha de Setores Censitários 2022 — atributos territoriais CD_BAIRRO/NM_BAIRRO e correlatos,Aglomerado rural IBGE 2022,510777600011
510777605000030,5107776,Santa Terezinha,Aldeia Indígena Santa Laura,IBGE Malha de Setores Censitários 2022 — atributos territoriais CD_BAIRRO/NM_BAIRRO e correlatos,Aglomerado rural IBGE 2022,510777600012
510777605000031,5107776,Santa Terezinha,Aldeia Indígena Urubu Branco,IBGE Malha de Setores Censitários 2022 — atributos territoriais CD_BAIRRO/NM_BAIRRO e correlatos,Aglomerado rural IBGE 2022,510777600004
510777605000033,5107776,Santa Terezinha,Aldeia Indígena Myryxitawa / Buriti / Buriti II,IBGE Malha de Setores Censitários 2022 — atributos territoriais CD_BAIRRO/NM_BAIRRO e correlatos,Aglomerado rural IBGE 2022,510777600013
510777605000034,5107776,Santa Terezinha,Aldeia Indígena Tapiparanytãwa (Córrego da Onça),IBGE Malha de Setores Censitários 2022 — atributos territoriais CD_BAIRRO/NM_BAIRRO e correlatos,Aglomerado rural IBGE 2022,510777600014
510777605000038,5107776,Santa Terezinha,Aldeia Indígena Tapiraka,IBGE Malha de Setores Censitários 2022 — atributos territoriais CD_BAIRRO/NM_BAIRRO e correlatos,Aglomerado rural IBGE 2022,510777600015
510779205000016,5107792,Santo Antônio do Leste,Aldeia Indígena Pedra Branca,IBGE Malha de Setores Censitários 2022 — atributos territoriais CD_BAIRRO/NM_BAIRRO e correlatos,Aglomerado rural IBGE 2022,510779200001
510779205000017,5107792,Santo Antônio do Leste,Aldeia Indígena São Benedito,IBGE Malha de Setores Censitários 2022 — atributos territoriais CD_BAIRRO/NM_BAIRRO e correlatos,Aglomerado rural IBGE 2022,510779200002
510779205000018,5107792,Santo Antônio do Leste,Aldeia Indígena Água Limpa,IBGE Malha de Setores Censitários 2022 — atributos territoriais CD_BAIRRO/NM_BAIRRO e correlatos,Aglomerado rural IBGE 2022,510779200003
510779205000019,5107792,Santo Antônio do Leste,Aldeia Indígena Sucupira,IBGE Malha de Setores Censitários 2022 — atributos territoriais CD_BAIRRO/NM_BAIRRO e correlatos,Aglomerado rural IBGE 2022,510779200004
510779205000020,5107792,Santo Antônio do Leste,Aldeia Indígena Sete Rios,IBGE Malha de Setores Censitários 2022 — atributos territoriais CD_BAIRRO/NM_BAIRRO e correlatos,Aglomerado rural IBGE 2022,510779200005
510779205000023,5107792,Santo Antônio do Leste,Aldeia Indígena Abadessa Sonho Alegre,IBGE Malha de Setores Censitários 2022 — atributos territoriais CD_BAIRRO/NM_BAIRRO e correlatos,Aglomerado rural IBGE 2022,510779200006
510780005000008,5107800,Santo Antônio de Leverger,Olho d'Água,IBGE Malha de Setores Censitários 2022 — atributos territoriais CD_BAIRRO/NM_BAIRRO e correlatos,Aglomerado rural IBGE 2022,510780000002
510780010000001,5107800,Santo Antônio de Leverger,Engenho Velho,IBGE Malha de Setores Censitários 2022 — atributos territoriais CD_BAIRRO/NM_BAIRRO e correlatos,Distrito IBGE 2022,510780010
510780010000003,5107800,Santo Antônio de Leverger,Engenho Velho,IBGE Malha de Setores Censitários 2022 — atributos territoriais CD_BAIRRO/NM_BAIRRO e correlatos,Distrito IBGE 2022,510780010
510780015000001,5107800,Santo Antônio de Leverger,Mimoso,IBGE Malha de Setores Censitários 2022 — atributos territoriais CD_BAIRRO/NM_BAIRRO e correlatos,Distrito IBGE 2022,510780015
510780015000003,5107800,Santo Antônio de Leverger,Mimoso,IBGE Malha de Setores Censitários 2022 — atributos territoriais CD_BAIRRO/NM_BAIRRO e correlatos,Distrito IBGE 2022,510780015
510780015000004,5107800,Santo Antônio de Leverger,Mimoso,IBGE Malha de Setores Censitários 2022 — atributos territoriais CD_BAIRRO/NM_BAIRRO e correlatos,Distrito IBGE 2022,510780015
510780015000005,5107800,Santo Antônio de Leverger,Mimoso,IBGE Malha de Setores Censitários 2022 — atributos territoriais CD_BAIRRO/NM_BAIRRO e correlatos,Distrito IBGE 2022,510780015
510780015000006,5107800,Santo Antônio de Leverger,Aldeia Indígena Piebaga,IBGE Malha de Setores Censitários 2022 — atributos territoriais CD_BAIRRO/NM_BAIRRO e correlatos,Aglomerado rural IBGE 2022,510780000003
510780015000007,5107800,Santo Antônio de Leverger,Aldeia Indígena Córrego Grande,IBGE Malha de Setores Censitários 2022 — atributos territoriais CD_BAIRRO/NM_BAIRRO e correlatos,Aglomerado rural IBGE 2022,510780000001
510780015000008,5107800,Santo Antônio de Leverger,Mimoso,IBGE Malha de Setores Censitários 2022 — atributos territoriais CD_BAIRRO/NM_BAIRRO e correlatos,Distrito IBGE 2022,510780015
510780015000009,5107800,Santo Antônio de Leverger,Mimoso,IBGE Malha de Setores Censitários 2022 — atributos territoriais CD_BAIRRO/NM_BAIRRO e correlatos,Distrito IBGE 2022,510780015
510780015000010,5107800,Santo Antônio de Leverger,Mimoso,IBGE Malha de Setores Censitários 2022 — atributos territoriais CD_BAIRRO/NM_BAIRRO e correlatos,Distrito IBGE 2022,510780015
510780015000011,5107800,Santo Antônio de Leverger,Mimoso,IBGE Malha de Setores Censitários 2022 — atributos territoriais CD_BAIRRO/NM_BAIRRO e correlatos,Distrito IBGE 2022,510780015
510780015000012,5107800,Santo Antônio de Leverger,Mimoso,IBGE Malha de Setores Censitários 2022 — atributos territoriais CD_BAIRRO/NM_BAIRRO e correlatos,Distrito IBGE 2022,510780015
510780015000018,5107800,Santo Antônio de Leverger,Mimoso,IBGE Malha de Setores Censitários 2022 — atributos territoriais CD_BAIRRO/NM_BAIRRO e correlatos,Distrito IBGE 2022,510780015
510780015000019,5107800,Santo Antônio de Leverger,Mimoso,IBGE Malha de Setores Censitários 2022 — atributos territoriais CD_BAIRRO/NM_BAIRRO e correlatos,Distrito IBGE 2022,510780015
510780015000020,5107800,Santo Antônio de Leverger,Mimoso,IBGE Malha de Setores Censitários 2022 — atributos territoriais CD_BAIRRO/NM_BAIRRO e correlatos,Distrito IBGE 2022,510780015
510780015000021,5107800,Santo Antônio de Leverger,Mimoso,IBGE Malha de Setores Censitários 2022 — atributos territoriais CD_BAIRRO/NM_BAIRRO e correlatos,Distrito IBGE 2022,510780015
510780015000022,5107800,Santo Antônio de Leverger,Mimoso,IBGE Malha de Setores Censitários 2022 — atributos territoriais CD_BAIRRO/NM_BAIRRO e correlatos,Distrito IBGE 2022,510780015
510780015000023,5107800,Santo Antônio de Leverger,Mimoso,IBGE Malha de Setores Censitários 2022 — atributos territoriais CD_BAIRRO/NM_BAIRRO e correlatos,Distrito IBGE 2022,510780015
510780015000024,5107800,Santo Antônio de Leverger,Mimoso,IBGE Malha de Setores Censitários 2022 — atributos territoriais CD_BAIRRO/NM_BAIRRO e correlatos,Distrito IBGE 2022,510780015
510780015000026,5107800,Santo Antônio de Leverger,Mimoso,IBGE Malha de Setores Censitários 2022 — atributos territoriais CD_BAIRRO/NM_BAIRRO e correlatos,Distrito IBGE 2022,510780015
510780015000027,5107800,Santo Antônio de Leverger,Mimoso,IBGE Malha de Setores Censitários 2022 — atributos territoriais CD_BAIRRO/NM_BAIRRO e correlatos,Distrito IBGE 2022,510780015
510780015000028,5107800,Santo Antônio de Leverger,Aldeia Índigena Agricultor,IBGE Malha de Setores Censitários 2022 — atributos territoriais CD_BAIRRO/NM_BAIRRO e correlatos,Aglomerado rural IBGE 2022,510780000004
510780015000029,5107800,Santo Antônio de Leverger,Mimoso,IBGE Malha de Setores Censitários 2022 — atributos territoriais CD_BAIRRO/NM_BAIRRO e correlatos,Distrito IBGE 2022,510780015
510780017000001,5107800,Santo Antônio de Leverger,Caité,IBGE Malha de Setores Censitários 2022 — atributos territoriais CD_BAIRRO/NM_BAIRRO e correlatos,Distrito IBGE 2022,510780017
510780017000002,5107800,Santo Antônio de Leverger,Caité,IBGE Malha de Setores Censitários 2022 — atributos territoriais CD_BAIRRO/NM_BAIRRO e correlatos,Distrito IBGE 2022,510780017
510780017000003,5107800,Santo Antônio de Leverger,Caité,IBGE Malha de Setores Censitários 2022 — atributos territoriais CD_BAIRRO/NM_BAIRRO e correlatos,Distrito IBGE 2022,510780017
510780017000004,5107800,Santo Antônio de Leverger,Caité,IBGE Malha de Setores Censitários 2022 — atributos territoriais CD_BAIRRO/NM_BAIRRO e correlatos,Distrito IBGE 2022,510780017
510780017000005,5107800,Santo Antônio de Leverger,Caité,IBGE Malha de Setores Censitários 2022 — atributos territoriais CD_BAIRRO/NM_BAIRRO e correlatos,Distrito IBGE 2022,510780017
510780017000006,5107800,Santo Antônio de Leverger,Caité,IBGE Malha de Setores Censitários 2022 — atributos territoriais CD_BAIRRO/NM_BAIRRO e correlatos,Distrito IBGE 2022,510780017
510780017000007,5107800,Santo Antônio de Leverger,Caité,IBGE Malha de Setores Censitários 2022 — atributos territoriais CD_BAIRRO/NM_BAIRRO e correlatos,Distrito IBGE 2022,510780017
510780017000008,5107800,Santo Antônio de Leverger,Caité,IBGE Malha de Setores Censitários 2022 — atributos territoriais CD_BAIRRO/NM_BAIRRO e correlatos,Distrito IBGE 2022,510780017
510780017000010,5107800,Santo Antônio de Leverger,Caité,IBGE Malha de Setores Censitários 2022 — atributos territoriais CD_BAIRRO/NM_BAIRRO e correlatos,Distrito IBGE 2022,510780017
510780017000011,5107800,Santo Antônio de Leverger,Caité,IBGE Malha de Setores Censitários 2022 — atributos territoriais CD_BAIRRO/NM_BAIRRO e correlatos,Distrito IBGE 2022,510780017
510780017000013,5107800,Santo Antônio de Leverger,Caité,IBGE Malha de Setores Censitários 2022 — atributos territoriais CD_BAIRRO/NM_BAIRRO e correlatos,Distrito IBGE 2022,510780017
510780017000014,5107800,Santo Antônio de Leverger,Caité,IBGE Malha de Setores Censitários 2022 — atributos territoriais CD_BAIRRO/NM_BAIRRO e correlatos,Distrito IBGE 2022,510780017
510780017000015,5107800,Santo Antônio de Leverger,Caité,IBGE Malha de Setores Censitários 2022 — atributos territoriais CD_BAIRRO/NM_BAIRRO e correlatos,Distrito IBGE 2022,510780017
510780025000001,5107800,Santo Antônio de Leverger,Varginha,IBGE Malha de Setores Censitários 2022 — atributos territoriais CD_BAIRRO/NM_BAIRRO e correlatos,Distrito IBGE 2022,510780025
510780025000002,5107800,Santo Antônio de Leverger,Varginha,IBGE Malha de Setores Censitários 2022 — atributos territoriais CD_BAIRRO/NM_BAIRRO e correlatos,Distrito IBGE 2022,510780025
510780025000004,5107800,Santo Antônio de Leverger,Varginha,IBGE Malha de Setores Censitários 2022 — atributos territoriais CD_BAIRRO/NM_BAIRRO e correlatos,Distrito IBGE 2022,510780025
510780025000008,5107800,Santo Antônio de Leverger,Varginha,IBGE Malha de Setores Censitários 2022 — atributos territoriais CD_BAIRRO/NM_BAIRRO e correlatos,Distrito IBGE 2022,510780025
510780025000009,5107800,Santo Antônio de Leverger,Varginha,IBGE Malha de Setores Censitários 2022 — atributos territoriais CD_BAIRRO/NM_BAIRRO e correlatos,Distrito IBGE 2022,510780025
510785905000010,5107859,São Félix do Araguaia,Aldeia Indígena Dianuarum,IBGE Malha de Setores Censitários 2022 — atributos territoriais CD_BAIRRO/NM_BAIRRO e correlatos,Aglomerado rural IBGE 2022,510785900009
510785905000011,5107859,São Félix do Araguaia,Chapadinha,IBGE Malha de Setores Censitários 2022 — atributos territoriais CD_BAIRRO/NM_BAIRRO e correlatos,Aglomerado rural IBGE 2022,510785900002
510785905000012,5107859,São Félix do Araguaia,Aldeia Indígena Pequizal,IBGE Malha de Setores Censitários 2022 — atributos territoriais CD_BAIRRO/NM_BAIRRO e correlatos,Aglomerado rural IBGE 2022,510785900008
510785905000013,5107859,São Félix do Araguaia,Aldeia Indígena Parque Samba,IBGE Malha de Setores Censitários 2022 — atributos territoriais CD_BAIRRO/NM_BAIRRO e correlatos,Aglomerado rural IBGE 2022,510785900007
510785905000014,5107859,São Félix do Araguaia,Aldeia Indígena Alta Glória,IBGE Malha de Setores Censitários 2022 — atributos territoriais CD_BAIRRO/NM_BAIRRO e correlatos,Aglomerado rural IBGE 2022,510785900006
510785905000017,5107859,São Félix do Araguaia,Nova Suiá-Missu,IBGE Malha de Setores Censitários 2022 — atributos territoriais CD_BAIRRO/NM_BAIRRO e correlatos,Aglomerado rural IBGE 2022,510785900018
510785905000019,5107859,São Félix do Araguaia,Pontinópolis,IBGE Malha de Setores Censitários 2022 — atributos territoriais CD_BAIRRO/NM_BAIRRO e correlatos,Aglomerado rural IBGE 2022,510785900001
510785905000030,5107859,São Félix do Araguaia,Nova Suiá-Missu,IBGE Malha de Setores Censitários 2022 — atributos territoriais CD_BAIRRO/NM_BAIRRO e correlatos,Aglomerado rural IBGE 2022,510785900018
510785905000042,5107859,São Félix do Araguaia,Aldeia Indígena Capivara,IBGE Malha de Setores Censitários 2022 — atributos territoriais CD_BAIRRO/NM_BAIRRO e correlatos,Aglomerado rural IBGE 2022,510785900020
510785905000043,5107859,São Félix do Araguaia,Aldeia Indígena Awayamissu,IBGE Malha de Setores Censitários 2022 — atributos territoriais CD_BAIRRO/NM_BAIRRO e correlatos,Aglomerado rural IBGE 2022,510785900021
510785905000044,5107859,São Félix do Araguaia,Aldeia Indígena Itai I,IBGE Malha de Setores Censitários 2022 — atributos territoriais CD_BAIRRO/NM_BAIRRO e correlatos,Aglomerado rural IBGE 2022,510785900022
510785905000046,5107859,São Félix do Araguaia,Aldeia Indígena 6 famílias,IBGE Malha de Setores Censitários 2022 — atributos territoriais CD_BAIRRO/NM_BAIRRO e correlatos,Aglomerado rural IBGE 2022,510785900023
510785915000001,5107859,São Félix do Araguaia,Espigão do Leste,IBGE Malha de Setores Censitários 2022 — atributos territoriais CD_BAIRRO/NM_BAIRRO e correlatos,Distrito IBGE 2022,510785915
510785915000002,5107859,São Félix do Araguaia,Espigão do Leste,IBGE Malha de Setores Censitários 2022 — atributos territoriais CD_BAIRRO/NM_BAIRRO e correlatos,Distrito IBGE 2022,510785915
510785915000003,5107859,São Félix do Araguaia,Espigão do Leste,IBGE Malha de Setores Censitários 2022 — atributos territoriais CD_BAIRRO/NM_BAIRRO e correlatos,Distrito IBGE 2022,510785915
510785915000004,5107859,São Félix do Araguaia,Espigão do Leste,IBGE Malha de Setores Censitários 2022 — atributos territoriais CD_BAIRRO/NM_BAIRRO e correlatos,Distrito IBGE 2022,510785915
510785915000005,5107859,São Félix do Araguaia,Espigão do Leste,IBGE Malha de Setores Censitários 2022 — atributos territoriais CD_BAIRRO/NM_BAIRRO e correlatos,Distrito IBGE 2022,510785915
510785915000006,5107859,São Félix do Araguaia,Espigão do Leste,IBGE Malha de Setores Censitários 2022 — atributos territoriais CD_BAIRRO/NM_BAIRRO e correlatos,Distrito IBGE 2022,510785915
510785915000007,5107859,São Félix do Araguaia,Espigão do Leste,IBGE Malha de Setores Censitários 2022 — atributos territoriais CD_BAIRRO/NM_BAIRRO e correlatos,Distrito IBGE 2022,510785915
510785915000008,5107859,São Félix do Araguaia,Espigão do Leste,IBGE Malha de Setores Censitários 2022 — atributos territoriais CD_BAIRRO/NM_BAIRRO e correlatos,Distrito IBGE 2022,510785915
510785915000009,5107859,São Félix do Araguaia,Espigão do Leste,IBGE Malha de Setores Censitários 2022 — atributos territoriais CD_BAIRRO/NM_BAIRRO e correlatos,Distrito IBGE 2022,510785915
510785915000010,5107859,São Félix do Araguaia,Espigão do Leste,IBGE Malha de Setores Censitários 2022 — atributos territoriais CD_BAIRRO/NM_BAIRRO e correlatos,Distrito IBGE 2022,510785915
510785915000011,5107859,São Félix do Araguaia,Espigão do Leste,IBGE Malha de Setores Censitários 2022 — atributos territoriais CD_BAIRRO/NM_BAIRRO e correlatos,Distrito IBGE 2022,510785915
510785915000012,5107859,São Félix do Araguaia,Espigão do Leste,IBGE Malha de Setores Censitários 2022 — atributos territoriais CD_BAIRRO/NM_BAIRRO e correlatos,Distrito IBGE 2022,510785915
510785915000013,5107859,São Félix do Araguaia,Espigão do Leste,IBGE Malha de Setores Censitários 2022 — atributos territoriais CD_BAIRRO/NM_BAIRRO e correlatos,Distrito IBGE 2022,510785915
510785915000014,5107859,São Félix do Araguaia,Espigão do Leste,IBGE Malha de Setores Censitários 2022 — atributos territoriais CD_BAIRRO/NM_BAIRRO e correlatos,Distrito IBGE 2022,510785915
510787505000009,5107875,Sapezal,Aldeia Indígena Buracão,IBGE Malha de Setores Censitários 2022 — atributos territoriais CD_BAIRRO/NM_BAIRRO e correlatos,Aglomerado rural IBGE 2022,510787500002
510787505000016,5107875,Sapezal,Aldeia Indígena Três Jacu,IBGE Malha de Setores Censitários 2022 — atributos territoriais CD_BAIRRO/NM_BAIRRO e correlatos,Aglomerado rural IBGE 2022,510787500001
510787505000055,5107875,Sapezal,Aldeia Indígena Salto da Mulher,IBGE Malha de Setores Censitários 2022 — atributos territoriais CD_BAIRRO/NM_BAIRRO e correlatos,Aglomerado rural IBGE 2022,510787500003
510787505000056,5107875,Sapezal,Aldeia Indígena Kaytola wina,IBGE Malha de Setores Censitários 2022 — atributos territoriais CD_BAIRRO/NM_BAIRRO e correlatos,Aglomerado rural IBGE 2022,510787500004
510787505000057,5107875,Sapezal,Aldeia Indígena Vale do Papagaio,IBGE Malha de Setores Censitários 2022 — atributos territoriais CD_BAIRRO/NM_BAIRRO e correlatos,Aglomerado rural IBGE 2022,510787500005
510787505000061,5107875,Sapezal,Aldeia Indígena Caititu,IBGE Malha de Setores Censitários 2022 — atributos territoriais CD_BAIRRO/NM_BAIRRO e correlatos,Aglomerado rural IBGE 2022,510787500006
510787505000067,5107875,Sapezal,Aldeia Indígena Novo Horizonte,IBGE Malha de Setores Censitários 2022 — atributos territoriais CD_BAIRRO/NM_BAIRRO e correlatos,Aglomerado rural IBGE 2022,510787500007
510787505000068,5107875,Sapezal,Aldeia Indígena Vale do Buriti,IBGE Malha de Setores Censitários 2022 — atributos territoriais CD_BAIRRO/NM_BAIRRO e correlatos,Aglomerado rural IBGE 2022,510787500008
510787505000073,5107875,Sapezal,Aglomerado Rural Fazenda Tucunaré,IBGE Malha de Setores Censitários 2022 — atributos territoriais CD_BAIRRO/NM_BAIRRO e correlatos,Aglomerado rural IBGE 2022,510787500009
510790905000001,5107909,Sinop,Setor Comercial,IBGE Malha de Setores Censitários 2022 — atributos territoriais CD_BAIRRO/NM_BAIRRO e correlatos,Bairro IBGE 2022,5107909049
510790905000002,5107909,Sinop,Setor Residencial Sul,IBGE Malha de Setores Censitários 2022 — atributos territoriais CD_BAIRRO/NM_BAIRRO e correlatos,Bairro IBGE 2022,5107909059
510790905000003,5107909,Sinop,Setor Comercial,IBGE Malha de Setores Censitários 2022 — atributos territoriais CD_BAIRRO/NM_BAIRRO e correlatos,Bairro IBGE 2022,5107909049
510790905000004,5107909,Sinop,Setor Comercial,IBGE Malha de Setores Censitários 2022 — atributos territoriais CD_BAIRRO/NM_BAIRRO e correlatos,Bairro IBGE 2022,5107909049
510790905000005,5107909,Sinop,Setor Residencial Norte,IBGE Malha de Setores Censitários 2022 — atributos territoriais CD_BAIRRO/NM_BAIRRO e correlatos,Bairro IBGE 2022,5107909048
510790905000006,5107909,Sinop,Setor Industrial,IBGE Malha de Setores Censitários 2022 — atributos territoriais CD_BAIRRO/NM_BAIRRO e correlatos,Bairro IBGE 2022,5107909052
510790905000007,5107909,Sinop,Setor Industrial,IBGE Malha de Setores Censitários 2022 — atributos territoriais CD_BAIRRO/NM_BAIRRO e correlatos,Bairro IBGE 2022,5107909052
510790905000009,5107909,Sinop,Jardim Jacarandas,IBGE Malha de Setores Censitários 2022 — atributos territoriais CD_BAIRRO/NM_BAIRRO e correlatos,Bairro IBGE 2022,5107909007
510790905000010,5107909,Sinop,Jardim Jacarandas,IBGE Malha de Setores Censitários 2022 — atributos territoriais CD_BAIRRO/NM_BAIRRO e correlatos,Bairro IBGE 2022,5107909007
510790905000011,5107909,Sinop,Jardim Jacarandas,IBGE Malha de Setores Censitários 2022 — atributos territoriais CD_BAIRRO/NM_BAIRRO e correlatos,Bairro IBGE 2022,5107909007
510790905000012,5107909,Sinop,Jardim Botânico,IBGE Malha de Setores Censitários 2022 — atributos territoriais CD_BAIRRO/NM_BAIRRO e correlatos,Bairro IBGE 2022,5107909002
510790905000013,5107909,Sinop,Jardim Botânico,IBGE Malha de Setores Censitários 2022 — atributos territoriais CD_BAIRRO/NM_BAIRRO e correlatos,Bairro IBGE 2022,5107909002
510790905000014,5107909,Sinop,Jardim Botânico,IBGE Malha de Setores Censitários 2022 — atributos territoriais CD_BAIRRO/NM_BAIRRO e correlatos,Bairro IBGE 2022,5107909002
510790905000015,5107909,Sinop,Jardim Botânico,IBGE Malha de Setores Censitários 2022 — atributos territoriais CD_BAIRRO/NM_BAIRRO e correlatos,Bairro IBGE 2022,5107909002
510790905000016,5107909,Sinop,Setor Comercial,IBGE Malha de Setores Censitários 2022 — atributos territoriais CD_BAIRRO/NM_BAIRRO e correlatos,Bairro IBGE 2022,5107909049
510790905000017,5107909,Sinop,Jardim Maringá,IBGE Malha de Setores Censitários 2022 — atributos territoriais CD_BAIRRO/NM_BAIRRO e correlatos,Bairro IBGE 2022,5107909022
510790905000018,5107909,Sinop,Setor Comercial,IBGE Malha de Setores Censitários 2022 — atributos territoriais CD_BAIRRO/NM_BAIRRO e correlatos,Bairro IBGE 2022,5107909049
510790905000019,5107909,Sinop,Jardim Imperial,IBGE Malha de Setores Censitários 2022 — atributos territoriais CD_BAIRRO/NM_BAIRRO e correlatos,Bairro IBGE 2022,5107909004
510790905000020,5107909,Sinop,Jardim Imperial,IBGE Malha de Setores Censitários 2022 — atributos territoriais CD_BAIRRO/NM_BAIRRO e correlatos,Bairro IBGE 2022,5107909004
510790905000021,5107909,Sinop,Jardim Imperial,IBGE Malha de Setores Censitários 2022 — atributos territoriais CD_BAIRRO/NM_BAIRRO e correlatos,Bairro IBGE 2022,5107909004
510790905000022,5107909,Sinop,Jardim Imperial,IBGE Malha de Setores Censitários 2022 — atributos territoriais CD_BAIRRO/NM_BAIRRO e correlatos,Bairro IBGE 2022,5107909004
510790905000023,5107909,Sinop,Jardim das Palmeiras,IBGE Malha de Setores Censitários 2022 — atributos territoriais CD_BAIRRO/NM_BAIRRO e correlatos,Bairro IBGE 2022,5107909001
510790905000024,5107909,Sinop,Jardim das Palmeiras,IBGE Malha de Setores Censitários 2022 — atributos territoriais CD_BAIRRO/NM_BAIRRO e correlatos,Bairro IBGE 2022,5107909001
510790905000025,5107909,Sinop,Jardim das Palmeiras,IBGE Malha de Setores Censitários 2022 — atributos territoriais CD_BAIRRO/NM_BAIRRO e correlatos,Bairro IBGE 2022,5107909001
510790905000026,5107909,Sinop,Jardim das Palmeiras,IBGE Malha de Setores Censitários 2022 — atributos territoriais CD_BAIRRO/NM_BAIRRO e correlatos,Bairro IBGE 2022,5107909001
510790905000027,5107909,Sinop,Jardim Violetas,IBGE Malha de Setores Censitários 2022 — atributos territoriais CD_BAIRRO/NM_BAIRRO e correlatos,Bairro IBGE 2022,5107909006
510790905000028,5107909,Sinop,Jardim Violetas,IBGE Malha de Setores Censitários 2022 — atributos territoriais CD_BAIRRO/NM_BAIRRO e correlatos,Bairro IBGE 2022,5107909006
510790905000029,5107909,Sinop,Jardim Violetas,IBGE Malha de Setores Censitários 2022 — atributos territoriais CD_BAIRRO/NM_BAIRRO e correlatos,Bairro IBGE 2022,5107909006
510790905000030,5107909,Sinop,Jardim Violetas,IBGE Malha de Setores Censitários 2022 — atributos territoriais CD_BAIRRO/NM_BAIRRO e correlatos,Bairro IBGE 2022,5107909006
510790905000031,5107909,Sinop,Jardim Violetas,IBGE Malha de Setores Censitários 2022 — atributos territoriais CD_BAIRRO/NM_BAIRRO e correlatos,Bairro IBGE 2022,5107909006
510790905000032,5107909,Sinop,Jardim Violetas,IBGE Malha de Setores Censitários 2022 — atributos territoriais CD_BAIRRO/NM_BAIRRO e correlatos,Bairro IBGE 2022,5107909006
510790905000033,5107909,Sinop,Jardim das Oliveiras,IBGE Malha de Setores Censitários 2022 — atributos territoriais CD_BAIRRO/NM_BAIRRO e correlatos,Bairro IBGE 2022,5107909010
510790905000034,5107909,Sinop,Jardim das Oliveiras,IBGE Malha de Setores Censitários 2022 — atributos territoriais CD_BAIRRO/NM_BAIRRO e correlatos,Bairro IBGE 2022,5107909010
510790905000035,5107909,Sinop,Parque das Araras,IBGE Malha de Setores Censitários 2022 — atributos territoriais CD_BAIRRO/NM_BAIRRO e correlatos,Bairro IBGE 2022,5107909009
510790905000036,5107909,Sinop,Parque das Araras,IBGE Malha de Setores Censitários 2022 — atributos territoriais CD_BAIRRO/NM_BAIRRO e correlatos,Bairro IBGE 2022,5107909009
510790905000037,5107909,Sinop,Parque das Araras,IBGE Malha de Setores Censitários 2022 — atributos territoriais CD_BAIRRO/NM_BAIRRO e correlatos,Bairro IBGE 2022,5107909009
510790905000038,5107909,Sinop,Jardim Primavera,IBGE Malha de Setores Censitários 2022 — atributos territoriais CD_BAIRRO/NM_BAIRRO e correlatos,Bairro IBGE 2022,5107909003
510790905000039,5107909,Sinop,Jardim Primavera,IBGE Malha de Setores Censitários 2022 — atributos territoriais CD_BAIRRO/NM_BAIRRO e correlatos,Bairro IBGE 2022,5107909003
510790905000040,5107909,Sinop,Jardim Primavera,IBGE Malha de Setores Censitários 2022 — atributos territoriais CD_BAIRRO/NM_BAIRRO e correlatos,Bairro IBGE 2022,5107909003
510790905000041,5107909,Sinop,Jardim Primavera,IBGE Malha de Setores Censitários 2022 — atributos territoriais CD_BAIRRO/NM_BAIRRO e correlatos,Bairro IBGE 2022,5107909003
510790905000042,5107909,Sinop,Jardim Primavera,IBGE Malha de Setores Censitários 2022 — atributos territoriais CD_BAIRRO/NM_BAIRRO e correlatos,Bairro IBGE 2022,5107909003
510790905000043,5107909,Sinop,Jardim Primavera,IBGE Malha de Setores Censitários 2022 — atributos territoriais CD_BAIRRO/NM_BAIRRO e correlatos,Bairro IBGE 2022,5107909003
510790905000044,5107909,Sinop,Setor Residencial Norte,IBGE Malha de Setores Censitários 2022 — atributos territoriais CD_BAIRRO/NM_BAIRRO e correlatos,Bairro IBGE 2022,5107909048
510790905000047,5107909,Sinop,Setor Industrial,IBGE Malha de Setores Censitários 2022 — atributos territoriais CD_BAIRRO/NM_BAIRRO e correlatos,Bairro IBGE 2022,5107909052
510790905000059,5107909,Sinop,Jardim Celeste,IBGE Malha de Setores Censitários 2022 — atributos territoriais CD_BAIRRO/NM_BAIRRO e correlatos,Bairro IBGE 2022,5107909016
510790905000060,5107909,Sinop,Jardim Celeste,IBGE Malha de Setores Censitários 2022 — atributos territoriais CD_BAIRRO/NM_BAIRRO e correlatos,Bairro IBGE 2022,5107909016
510790905000062,5107909,Sinop,Jardim Paraíso,IBGE Malha de Setores Censitários 2022 — atributos territoriais CD_BAIRRO/NM_BAIRRO e correlatos,Bairro IBGE 2022,5107909005
510790905000067,5107909,Sinop,Jardim Boa Esperança,IBGE Malha de Setores Censitários 2022 — atributos territoriais CD_BAIRRO/NM_BAIRRO e correlatos,Bairro IBGE 2022,5107909008
510790905000068,5107909,Sinop,Jardim Boa Esperança,IBGE Malha de Setores Censitários 2022 — atributos territoriais CD_BAIRRO/NM_BAIRRO e correlatos,Bairro IBGE 2022,5107909008
510790905000069,5107909,Sinop,Jardim Boa Esperança,IBGE Malha de Setores Censitários 2022 — atributos territoriais CD_BAIRRO/NM_BAIRRO e correlatos,Bairro IBGE 2022,5107909008
510790905000070,5107909,Sinop,Jardim Boa Esperança,IBGE Malha de Setores Censitários 2022 — atributos territoriais CD_BAIRRO/NM_BAIRRO e correlatos,Bairro IBGE 2022,5107909008
510790905000087,5107909,Sinop,Residencial Jequitibás,IBGE Malha de Setores Censitários 2022 — atributos territoriais CD_BAIRRO/NM_BAIRRO e correlatos,Bairro IBGE 2022,5107909060
510790905000094,5107909,Sinop,Setor Residencial Sul,IBGE Malha de Setores Censitários 2022 — atributos territoriais CD_BAIRRO/NM_BAIRRO e correlatos,Bairro IBGE 2022,5107909059
510790905000095,5107909,Sinop,Setor Residencial Sul,IBGE Malha de Setores Censitários 2022 — atributos territoriais CD_BAIRRO/NM_BAIRRO e correlatos,Bairro IBGE 2022,5107909059
510790905000096,5107909,Sinop,Setor Comercial,IBGE Malha de Setores Censitários 2022 — atributos territoriais CD_BAIRRO/NM_BAIRRO e correlatos,Bairro IBGE 2022,5107909049
510790905000097,5107909,Sinop,Setor Residencial Sul,IBGE Malha de Setores Censitários 2022 — atributos territoriais CD_BAIRRO/NM_BAIRRO e correlatos,Bairro IBGE 2022,5107909059
510790905000098,5107909,Sinop,Setor Residencial Norte,IBGE Malha de Setores Censitários 2022 — atributos territoriais CD_BAIRRO/NM_BAIRRO e correlatos,Bairro IBGE 2022,5107909048
510790905000099,5107909,Sinop,Setor Comercial,IBGE Malha de Setores Censitários 2022 — atributos territoriais CD_BAIRRO/NM_BAIRRO e correlatos,Bairro IBGE 2022,5107909049
510790905000100,5107909,Sinop,Setor Comercial,IBGE Malha de Setores Censitários 2022 — atributos territoriais CD_BAIRRO/NM_BAIRRO e correlatos,Bairro IBGE 2022,5107909049
510790905000102,5107909,Sinop,Setor Residencial Sul,IBGE Malha de Setores Censitários 2022 — atributos territoriais CD_BAIRRO/NM_BAIRRO e correlatos,Bairro IBGE 2022,5107909059
510790905000103,5107909,Sinop,Setor Residencial Norte,IBGE Malha de Setores Censitários 2022 — atributos territoriais CD_BAIRRO/NM_BAIRRO e correlatos,Bairro IBGE 2022,5107909048
510790905000104,5107909,Sinop,Setor Industrial,IBGE Malha de Setores Censitários 2022 — atributos territoriais CD_BAIRRO/NM_BAIRRO e correlatos,Bairro IBGE 2022,5107909052
510790905000105,5107909,Sinop,Jardim Jacarandas,IBGE Malha de Setores Censitários 2022 — atributos territoriais CD_BAIRRO/NM_BAIRRO e correlatos,Bairro IBGE 2022,5107909007
510790905000107,5107909,Sinop,Jardim Jacarandas,IBGE Malha de Setores Censitários 2022 — atributos territoriais CD_BAIRRO/NM_BAIRRO e correlatos,Bairro IBGE 2022,5107909007
510790905000108,5107909,Sinop,Jardim Jacarandas,IBGE Malha de Setores Censitários 2022 — atributos territoriais CD_BAIRRO/NM_BAIRRO e correlatos,Bairro IBGE 2022,5107909007
510790905000109,5107909,Sinop,Jardim Jacarandas,IBGE Malha de Setores Censitários 2022 — atributos territoriais CD_BAIRRO/NM_BAIRRO e correlatos,Bairro IBGE 2022,5107909007
510790905000110,5107909,Sinop,Jardim Botânico,IBGE Malha de Setores Censitários 2022 — atributos territoriais CD_BAIRRO/NM_BAIRRO e correlatos,Bairro IBGE 2022,5107909002
510790905000111,5107909,Sinop,Jardim Botânico,IBGE Malha de Setores Censitários 2022 — atributos territoriais CD_BAIRRO/NM_BAIRRO e correlatos,Bairro IBGE 2022,5107909002
510790905000112,5107909,Sinop,Jardim Botânico,IBGE Malha de Setores Censitários 2022 — atributos territoriais CD_BAIRRO/NM_BAIRRO e correlatos,Bairro IBGE 2022,5107909002
510790905000113,5107909,Sinop,Jardim Botânico,IBGE Malha de Setores Censitários 2022 — atributos territoriais CD_BAIRRO/NM_BAIRRO e correlatos,Bairro IBGE 2022,5107909002
510790905000114,5107909,Sinop,Setor Comercial,IBGE Malha de Setores Censitários 2022 — atributos territoriais CD_BAIRRO/NM_BAIRRO e correlatos,Bairro IBGE 2022,5107909049
510790905000115,5107909,Sinop,Jardim Maringá,IBGE Malha de Setores Censitários 2022 — atributos territoriais CD_BAIRRO/NM_BAIRRO e correlatos,Bairro IBGE 2022,5107909022
510790905000117,5107909,Sinop,Setor Comercial,IBGE Malha de Setores Censitários 2022 — atributos territoriais CD_BAIRRO/NM_BAIRRO e correlatos,Bairro IBGE 2022,5107909049
510790905000118,5107909,Sinop,Setor Comercial,IBGE Malha de Setores Censitários 2022 — atributos territoriais CD_BAIRRO/NM_BAIRRO e correlatos,Bairro IBGE 2022,5107909049
510790905000119,5107909,Sinop,Jardim Imperial,IBGE Malha de Setores Censitários 2022 — atributos territoriais CD_BAIRRO/NM_BAIRRO e correlatos,Bairro IBGE 2022,5107909004
510790905000121,5107909,Sinop,Jardim Imperial,IBGE Malha de Setores Censitários 2022 — atributos territoriais CD_BAIRRO/NM_BAIRRO e correlatos,Bairro IBGE 2022,5107909004
510790905000122,5107909,Sinop,Jardim Imperial,IBGE Malha de Setores Censitários 2022 — atributos territoriais CD_BAIRRO/NM_BAIRRO e correlatos,Bairro IBGE 2022,5107909004
510790905000123,5107909,Sinop,Jardim Imperial,IBGE Malha de Setores Censitários 2022 — atributos territoriais CD_BAIRRO/NM_BAIRRO e correlatos,Bairro IBGE 2022,5107909004
510790905000124,5107909,Sinop,Jardim das Palmeiras,IBGE Malha de Setores Censitários 2022 — atributos territoriais CD_BAIRRO/NM_BAIRRO e correlatos,Bairro IBGE 2022,5107909001
510790905000125,5107909,Sinop,Jardim das Palmeiras,IBGE Malha de Setores Censitários 2022 — atributos territoriais CD_BAIRRO/NM_BAIRRO e correlatos,Bairro IBGE 2022,5107909001
510790905000126,5107909,Sinop,Jardim Violetas,IBGE Malha de Setores Censitários 2022 — atributos territoriais CD_BAIRRO/NM_BAIRRO e correlatos,Bairro IBGE 2022,5107909006
510790905000127,5107909,Sinop,Jardim Violetas,IBGE Malha de Setores Censitários 2022 — atributos territoriais CD_BAIRRO/NM_BAIRRO e correlatos,Bairro IBGE 2022,5107909006
510790905000128,5107909,Sinop,Jardim Violetas,IBGE Malha de Setores Censitários 2022 — atributos territoriais CD_BAIRRO/NM_BAIRRO e correlatos,Bairro IBGE 2022,5107909006
510790905000129,5107909,Sinop,Jardim Violetas,IBGE Malha de Setores Censitários 2022 — atributos territoriais CD_BAIRRO/NM_BAIRRO e correlatos,Bairro IBGE 2022,5107909006
510790905000130,5107909,Sinop,Jardim Violetas,IBGE Malha de Setores Censitários 2022 — atributos territoriais CD_BAIRRO/NM_BAIRRO e correlatos,Bairro IBGE 2022,5107909006
510790905000131,5107909,Sinop,Jardim Violetas,IBGE Malha de Setores Censitários 2022 — atributos territoriais CD_BAIRRO/NM_BAIRRO e correlatos,Bairro IBGE 2022,5107909006
510790905000132,5107909,Sinop,Jardim Violetas,IBGE Malha de Setores Censitários 2022 — atributos territoriais CD_BAIRRO/NM_BAIRRO e correlatos,Bairro IBGE 2022,5107909006
510790905000133,5107909,Sinop,Jardim das Oliveiras,IBGE Malha de Setores Censitários 2022 — atributos territoriais CD_BAIRRO/NM_BAIRRO e correlatos,Bairro IBGE 2022,5107909010
510790905000134,5107909,Sinop,Jardim das Oliveiras,IBGE Malha de Setores Censitários 2022 — atributos territoriais CD_BAIRRO/NM_BAIRRO e correlatos,Bairro IBGE 2022,5107909010
510790905000135,5107909,Sinop,Jardim Primavera,IBGE Malha de Setores Censitários 2022 — atributos territoriais CD_BAIRRO/NM_BAIRRO e correlatos,Bairro IBGE 2022,5107909003
510790905000136,5107909,Sinop,Setor Residencial Norte,IBGE Malha de Setores Censitários 2022 — atributos territoriais CD_BAIRRO/NM_BAIRRO e correlatos,Bairro IBGE 2022,5107909048
510790905000137,5107909,Sinop,Parque das Araras,IBGE Malha de Setores Censitários 2022 — atributos territoriais CD_BAIRRO/NM_BAIRRO e correlatos,Bairro IBGE 2022,5107909009
510790905000138,5107909,Sinop,Parque das Araras,IBGE Malha de Setores Censitários 2022 — atributos territoriais CD_BAIRRO/NM_BAIRRO e correlatos,Bairro IBGE 2022,5107909009
510790905000139,5107909,Sinop,Jardim Primavera,IBGE Malha de Setores Censitários 2022 — atributos territoriais CD_BAIRRO/NM_BAIRRO e correlatos,Bairro IBGE 2022,5107909003
510790905000140,5107909,Sinop,Jardim Primavera,IBGE Malha de Setores Censitários 2022 — atributos territoriais CD_BAIRRO/NM_BAIRRO e correlatos,Bairro IBGE 2022,5107909003
510790905000141,5107909,Sinop,Jardim Primavera,IBGE Malha de Setores Censitários 2022 — atributos territoriais CD_BAIRRO/NM_BAIRRO e correlatos,Bairro IBGE 2022,5107909003
510790905000143,5107909,Sinop,Setor Industrial,IBGE Malha de Setores Censitários 2022 — atributos territoriais CD_BAIRRO/NM_BAIRRO e correlatos,Bairro IBGE 2022,5107909052
510790905000144,5107909,Sinop,Residencial Brasília,IBGE Malha de Setores Censitários 2022 — atributos territoriais CD_BAIRRO/NM_BAIRRO e correlatos,Bairro IBGE 2022,5107909058
510790905000163,5107909,Sinop,Residencial Maripa,IBGE Malha de Setores Censitários 2022 — atributos territoriais CD_BAIRRO/NM_BAIRRO e correlatos,Bairro IBGE 2022,5107909042
510790905000173,5107909,Sinop,Jardim Celeste,IBGE Malha de Setores Censitários 2022 — atributos territoriais CD_BAIRRO/NM_BAIRRO e correlatos,Bairro IBGE 2022,5107909016
510790905000174,5107909,Sinop,Habitar Brasil,IBGE Malha de Setores Censitários 2022 — atributos territoriais CD_BAIRRO/NM_BAIRRO e correlatos,Bairro IBGE 2022,5107909057
510790905000175,5107909,Sinop,Jardim Celeste,IBGE Malha de Setores Censitários 2022 — atributos territoriais CD_BAIRRO/NM_BAIRRO e correlatos,Bairro IBGE 2022,5107909016
510790905000176,5107909,Sinop,Jardim Celeste,IBGE Malha de Setores Censitários 2022 — atributos territoriais CD_BAIRRO/NM_BAIRRO e correlatos,Bairro IBGE 2022,5107909016
510790905000177,5107909,Sinop,Jardim Paraíso,IBGE Malha de Setores Censitários 2022 — atributos territoriais CD_BAIRRO/NM_BAIRRO e correlatos,Bairro IBGE 2022,5107909005
510790905000178,5107909,Sinop,Jardim Paraíso,IBGE Malha de Setores Censitários 2022 — atributos territoriais CD_BAIRRO/NM_BAIRRO e correlatos,Bairro IBGE 2022,5107909005
510790905000194,5107909,Sinop,Jardim Boa Esperança,IBGE Malha de Setores Censitários 2022 — atributos territoriais CD_BAIRRO/NM_BAIRRO e correlatos,Bairro IBGE 2022,5107909008
510790905000195,5107909,Sinop,Jardim Boa Esperança,IBGE Malha de Setores Censitários 2022 — atributos territoriais CD_BAIRRO/NM_BAIRRO e correlatos,Bairro IBGE 2022,5107909008
510790905000196,5107909,Sinop,Jardim Boa Esperança,IBGE Malha de Setores Censitários 2022 — atributos territoriais CD_BAIRRO/NM_BAIRRO e correlatos,Bairro IBGE 2022,5107909008
510790905000197,5107909,Sinop,Jardim Boa Esperança,IBGE Malha de Setores Censitários 2022 — atributos territoriais CD_BAIRRO/NM_BAIRRO e correlatos,Bairro IBGE 2022,5107909008
510790905000203,5107909,Sinop,Jardim Ouro,IBGE Malha de Setores Censitários 2022 — atributos territoriais CD_BAIRRO/NM_BAIRRO e correlatos,Bairro IBGE 2022,5107909053
510790905000213,5107909,Sinop,Residencial Jequitibás,IBGE Malha de Setores Censitários 2022 — atributos territoriais CD_BAIRRO/NM_BAIRRO e correlatos,Bairro IBGE 2022,5107909060
510790905000214,5107909,Sinop,Residencial Jequitibás,IBGE Malha de Setores Censitários 2022 — atributos territoriais CD_BAIRRO/NM_BAIRRO e correlatos,Bairro IBGE 2022,5107909060
510790905000215,5107909,Sinop,Residencial Jequitibás,IBGE Malha de Setores Censitários 2022 — atributos territoriais CD_BAIRRO/NM_BAIRRO e correlatos,Bairro IBGE 2022,5107909060
510790905000237,5107909,Sinop,Agrovila do PA Mercedes Bens,IBGE Malha de Setores Censitários 2022 — atributos territoriais CD_BAIRRO/NM_BAIRRO e correlatos,Aglomerado rural IBGE 2022,510790900004
510790905000279,5107909,Sinop,Residencial Jequitibás,IBGE Malha de Setores Censitários 2022 — atributos territoriais CD_BAIRRO/NM_BAIRRO e correlatos,Bairro IBGE 2022,5107909060
510790905000280,5107909,Sinop,Residencial Jequitibás,IBGE Malha de Setores Censitários 2022 — atributos territoriais CD_BAIRRO/NM_BAIRRO e correlatos,Bairro IBGE 2022,5107909060
510790905000281,5107909,Sinop,Residencial Jequitibás,IBGE Malha de Setores Censitários 2022 — atributos territoriais CD_BAIRRO/NM_BAIRRO e correlatos,Bairro IBGE 2022,5107909060
510790905000289,5107909,Sinop,Jardim Celeste,IBGE Malha de Setores Censitários 2022 — atributos territoriais CD_BAIRRO/NM_BAIRRO e correlatos,Bairro IBGE 2022,5107909016
510790905000290,5107909,Sinop,Jardim Maringá,IBGE Malha de Setores Censitários 2022 — atributos territoriais CD_BAIRRO/NM_BAIRRO e correlatos,Bairro IBGE 2022,5107909022
510790905000291,5107909,Sinop,Jardim das Palmeiras,IBGE Malha de Setores Censitários 2022 — atributos territoriais CD_BAIRRO/NM_BAIRRO e correlatos,Bairro IBGE 2022,5107909001
510790905000292,5107909,Sinop,Setor Comercial,IBGE Malha de Setores Censitários 2022 — atributos territoriais CD_BAIRRO/NM_BAIRRO e correlatos,Bairro IBGE 2022,5107909049
510790905000296,5107909,Sinop,Jardim das Oliveiras,IBGE Malha de Setores Censitários 2022 — atributos territoriais CD_BAIRRO/NM_BAIRRO e correlatos,Bairro IBGE 2022,5107909010
510790905000312,5107909,Sinop,Residencial Jequitibás,IBGE Malha de Setores Censitários 2022 — atributos territoriais CD_BAIRRO/NM_BAIRRO e correlatos,Bairro IBGE 2022,5107909060
510790905000326,5107909,Sinop,Jardim Paraíso,IBGE Malha de Setores Censitários 2022 — atributos territoriais CD_BAIRRO/NM_BAIRRO e correlatos,Bairro IBGE 2022,5107909005
510790905000327,5107909,Sinop,Jardim Paraíso,IBGE Malha de Setores Censitários 2022 — atributos territoriais CD_BAIRRO/NM_BAIRRO e correlatos,Bairro IBGE 2022,5107909005
510790905000328,5107909,Sinop,Jardim Paraíso,IBGE Malha de Setores Censitários 2022 — atributos territoriais CD_BAIRRO/NM_BAIRRO e correlatos,Bairro IBGE 2022,5107909005
510790905000329,5107909,Sinop,Jardim Maringá,IBGE Malha de Setores Censitários 2022 — atributos territoriais CD_BAIRRO/NM_BAIRRO e correlatos,Bairro IBGE 2022,5107909022
510790905000330,5107909,Sinop,Jardim Maringá,IBGE Malha de Setores Censitários 2022 — atributos territoriais CD_BAIRRO/NM_BAIRRO e correlatos,Bairro IBGE 2022,5107909022
510790905000375,5107909,Sinop,Condomínio Paraíso do Teles Pires,IBGE Malha de Setores Censitários 2022 — atributos territoriais CD_BAIRRO/NM_BAIRRO e correlatos,Núcleo urbano IBGE 2022,5107909001
510790905000386,5107909,Sinop,Penitenciária Ferrugem,IBGE Malha de Setores Censitários 2022 — atributos territoriais CD_BAIRRO/NM_BAIRRO e correlatos,Núcleo urbano IBGE 2022,5107909002
510790905000388,5107909,Sinop,Jardim Imperial,IBGE Malha de Setores Censitários 2022 — atributos territoriais CD_BAIRRO/NM_BAIRRO e correlatos,Bairro IBGE 2022,5107909004
510792505000001,5107925,Sorriso,Jardim Alvorada,IBGE Malha de Setores Censitários 2022 — atributos territoriais CD_BAIRRO/NM_BAIRRO e correlatos,Bairro IBGE 2022,5107925002
510792505000005,5107925,Sorriso,Bom Jesus,IBGE Malha de Setores Censitários 2022 — atributos territoriais CD_BAIRRO/NM_BAIRRO e correlatos,Bairro IBGE 2022,5107925003
510792505000006,5107925,Sorriso,Bom Jesus,IBGE Malha de Setores Censitários 2022 — atributos territoriais CD_BAIRRO/NM_BAIRRO e correlatos,Bairro IBGE 2022,5107925003
510792505000018,5107925,Sorriso,Fraternidade,IBGE Malha de Setores Censitários 2022 — atributos territoriais CD_BAIRRO/NM_BAIRRO e correlatos,Bairro IBGE 2022,5107925011
510792505000019,5107925,Sorriso,Boa Esperança,IBGE Malha de Setores Censitários 2022 — atributos territoriais CD_BAIRRO/NM_BAIRRO e correlatos,Bairro IBGE 2022,5107925023
510792505000020,5107925,Sorriso,São Domingos,IBGE Malha de Setores Censitários 2022 — atributos territoriais CD_BAIRRO/NM_BAIRRO e correlatos,Bairro IBGE 2022,5107925010
510792505000021,5107925,Sorriso,São Domingos,IBGE Malha de Setores Censitários 2022 — atributos territoriais CD_BAIRRO/NM_BAIRRO e correlatos,Bairro IBGE 2022,5107925010
510792505000022,5107925,Sorriso,São Domingos,IBGE Malha de Setores Censitários 2022 — atributos territoriais CD_BAIRRO/NM_BAIRRO e correlatos,Bairro IBGE 2022,5107925010
510792505000023,5107925,Sorriso,Residencial Vila Bela,IBGE Malha de Setores Censitários 2022 — atributos territoriais CD_BAIRRO/NM_BAIRRO e correlatos,Bairro IBGE 2022,5107925007
510792505000024,5107925,Sorriso,Residencial Vila Bela,IBGE Malha de Setores Censitários 2022 — atributos territoriais CD_BAIRRO/NM_BAIRRO e correlatos,Bairro IBGE 2022,5107925007
510792505000025,5107925,Sorriso,Nova Prata,IBGE Malha de Setores Censitários 2022 — atributos territoriais CD_BAIRRO/NM_BAIRRO e correlatos,Bairro IBGE 2022,5107925013
510792505000029,5107925,Sorriso,Jardim Califónia,IBGE Malha de Setores Censitários 2022 — atributos territoriais CD_BAIRRO/NM_BAIRRO e correlatos,Bairro IBGE 2022,5107925018
510792505000031,5107925,Sorriso,Jardim das Américas,IBGE Malha de Setores Censitários 2022 — atributos territoriais CD_BAIRRO/NM_BAIRRO e correlatos,Bairro IBGE 2022,5107925017
510792505000032,5107925,Sorriso,Jardim Itália,IBGE Malha de Setores Censitários 2022 — atributos territoriais CD_BAIRRO/NM_BAIRRO e correlatos,Bairro IBGE 2022,5107925014
510792505000033,5107925,Sorriso,Jardim Amazônia,IBGE Malha de Setores Censitários 2022 — atributos territoriais CD_BAIRRO/NM_BAIRRO e correlatos,Bairro IBGE 2022,5107925008
510792505000034,5107925,Sorriso,Jardim Amazônia,IBGE Malha de Setores Censitários 2022 — atributos territoriais CD_BAIRRO/NM_BAIRRO e correlatos,Bairro IBGE 2022,5107925008
510792505000035,5107925,Sorriso,Morada do Sol,IBGE Malha de Setores Censitários 2022 — atributos territoriais CD_BAIRRO/NM_BAIRRO e correlatos,Bairro IBGE 2022,5107925004
510792505000036,5107925,Sorriso,Jardim Europa,IBGE Malha de Setores Censitários 2022 — atributos territoriais CD_BAIRRO/NM_BAIRRO e correlatos,Bairro IBGE 2022,5107925016
510792505000039,5107925,Sorriso,São José I,IBGE Malha de Setores Censitários 2022 — atributos territoriais CD_BAIRRO/NM_BAIRRO e correlatos,Bairro IBGE 2022,5107925015
510792505000040,5107925,Sorriso,São José II,IBGE Malha de Setores Censitários 2022 — atributos territoriais CD_BAIRRO/NM_BAIRRO e correlatos,Bairro IBGE 2022,5107925021
510792505000043,5107925,Sorriso,Jardim Primavera,IBGE Malha de Setores Censitários 2022 — atributos territoriais CD_BAIRRO/NM_BAIRRO e correlatos,Bairro IBGE 2022,5107925012
510792505000044,5107925,Sorriso,Jardim Taiamã,IBGE Malha de Setores Censitários 2022 — atributos territoriais CD_BAIRRO/NM_BAIRRO e correlatos,Bairro IBGE 2022,5107925027
510792505000045,5107925,Sorriso,Parque Universitário,IBGE Malha de Setores Censitários 2022 — atributos territoriais CD_BAIRRO/NM_BAIRRO e correlatos,Bairro IBGE 2022,5107925025
510792505000046,5107925,Sorriso,Vitória Régia,IBGE Malha de Setores Censitários 2022 — atributos territoriais CD_BAIRRO/NM_BAIRRO e correlatos,Bairro IBGE 2022,5107925024
510792505000047,5107925,Sorriso,Jardim Bela Vista,IBGE Malha de Setores Censitários 2022 — atributos territoriais CD_BAIRRO/NM_BAIRRO e correlatos,Bairro IBGE 2022,5107925006
510792505000048,5107925,Sorriso,Bela Vista,IBGE Malha de Setores Censitários 2022 — atributos territoriais CD_BAIRRO/NM_BAIRRO e correlatos,Bairro IBGE 2022,5107925001
510792505000049,5107925,Sorriso,Bela Vista,IBGE Malha de Setores Censitários 2022 — atributos territoriais CD_BAIRRO/NM_BAIRRO e correlatos,Bairro IBGE 2022,5107925001
510792505000050,5107925,Sorriso,Bela Vista,IBGE Malha de Setores Censitários 2022 — atributos territoriais CD_BAIRRO/NM_BAIRRO e correlatos,Bairro IBGE 2022,5107925001
510792505000051,5107925,Sorriso,Bela Vista,IBGE Malha de Setores Censitários 2022 — atributos territoriais CD_BAIRRO/NM_BAIRRO e correlatos,Bairro IBGE 2022,5107925001
510792505000052,5107925,Sorriso,Bela Vista,IBGE Malha de Setores Censitários 2022 — atributos territoriais CD_BAIRRO/NM_BAIRRO e correlatos,Bairro IBGE 2022,5107925001
510792505000053,5107925,Sorriso,Jardim Alvorada,IBGE Malha de Setores Censitários 2022 — atributos territoriais CD_BAIRRO/NM_BAIRRO e correlatos,Bairro IBGE 2022,5107925002
510792505000057,5107925,Sorriso,Residencial Alphaville,IBGE Malha de Setores Censitários 2022 — atributos territoriais CD_BAIRRO/NM_BAIRRO e correlatos,Bairro IBGE 2022,5107925019
510792505000060,5107925,Sorriso,Bom Jesus,IBGE Malha de Setores Censitários 2022 — atributos territoriais CD_BAIRRO/NM_BAIRRO e correlatos,Bairro IBGE 2022,5107925003
510792505000061,5107925,Sorriso,Bom Jesus,IBGE Malha de Setores Censitários 2022 — atributos territoriais CD_BAIRRO/NM_BAIRRO e correlatos,Bairro IBGE 2022,5107925003
510792505000062,5107925,Sorriso,Recanto dos Pássaros,IBGE Malha de Setores Censitários 2022 — atributos territoriais CD_BAIRRO/NM_BAIRRO e correlatos,Bairro IBGE 2022,5107925020
510792505000064,5107925,Sorriso,Benjamim Raiser,IBGE Malha de Setores Censitários 2022 — atributos territoriais CD_BAIRRO/NM_BAIRRO e correlatos,Bairro IBGE 2022,5107925005
510792505000072,5107925,Sorriso,Jardim Alvorada,IBGE Malha de Setores Censitários 2022 — atributos territoriais CD_BAIRRO/NM_BAIRRO e correlatos,Bairro IBGE 2022,5107925002
510792505000075,5107925,Sorriso,Bom Jesus,IBGE Malha de Setores Censitários 2022 — atributos territoriais CD_BAIRRO/NM_BAIRRO e correlatos,Bairro IBGE 2022,5107925003
510792505000083,5107925,Sorriso,Jardim Itália,IBGE Malha de Setores Censitários 2022 — atributos territoriais CD_BAIRRO/NM_BAIRRO e correlatos,Bairro IBGE 2022,5107925014
510792505000084,5107925,Sorriso,Jardim Amazônia,IBGE Malha de Setores Censitários 2022 — atributos territoriais CD_BAIRRO/NM_BAIRRO e correlatos,Bairro IBGE 2022,5107925008
510792505000085,5107925,Sorriso,Morada do Sol,IBGE Malha de Setores Censitários 2022 — atributos territoriais CD_BAIRRO/NM_BAIRRO e correlatos,Bairro IBGE 2022,5107925004
510792505000086,5107925,Sorriso,Jardim Europa,IBGE Malha de Setores Censitários 2022 — atributos territoriais CD_BAIRRO/NM_BAIRRO e correlatos,Bairro IBGE 2022,5107925016
510792505000087,5107925,Sorriso,São José I,IBGE Malha de Setores Censitários 2022 — atributos territoriais CD_BAIRRO/NM_BAIRRO e correlatos,Bairro IBGE 2022,5107925015
510792505000088,5107925,Sorriso,Jardim Primavera,IBGE Malha de Setores Censitários 2022 — atributos territoriais CD_BAIRRO/NM_BAIRRO e correlatos,Bairro IBGE 2022,5107925012
510792505000089,5107925,Sorriso,Jardim Primavera,IBGE Malha de Setores Censitários 2022 — atributos territoriais CD_BAIRRO/NM_BAIRRO e correlatos,Bairro IBGE 2022,5107925012
510792505000090,5107925,Sorriso,Jardim Bela Vista,IBGE Malha de Setores Censitários 2022 — atributos territoriais CD_BAIRRO/NM_BAIRRO e correlatos,Bairro IBGE 2022,5107925006
510792505000091,5107925,Sorriso,Bela Vista,IBGE Malha de Setores Censitários 2022 — atributos territoriais CD_BAIRRO/NM_BAIRRO e correlatos,Bairro IBGE 2022,5107925001
510792505000092,5107925,Sorriso,Bela Vista,IBGE Malha de Setores Censitários 2022 — atributos territoriais CD_BAIRRO/NM_BAIRRO e correlatos,Bairro IBGE 2022,5107925001
510792505000121,5107925,Sorriso,Jardim Taiamã,IBGE Malha de Setores Censitários 2022 — atributos territoriais CD_BAIRRO/NM_BAIRRO e correlatos,Bairro IBGE 2022,5107925027
510792505000125,5107925,Sorriso,Residencial Vila Bela,IBGE Malha de Setores Censitários 2022 — atributos territoriais CD_BAIRRO/NM_BAIRRO e correlatos,Bairro IBGE 2022,5107925007
510792505000126,5107925,Sorriso,Residencial Vila Bela,IBGE Malha de Setores Censitários 2022 — atributos territoriais CD_BAIRRO/NM_BAIRRO e correlatos,Bairro IBGE 2022,5107925007
510792505000127,5107925,Sorriso,Jardim Tropical,IBGE Malha de Setores Censitários 2022 — atributos territoriais CD_BAIRRO/NM_BAIRRO e correlatos,Bairro IBGE 2022,5107925026
510792505000128,5107925,Sorriso,Jardim Tropical,IBGE Malha de Setores Censitários 2022 — atributos territoriais CD_BAIRRO/NM_BAIRRO e correlatos,Bairro IBGE 2022,5107925026
510792505000158,5107925,Sorriso,Residencial Village,IBGE Malha de Setores Censitários 2022 — atributos territoriais CD_BAIRRO/NM_BAIRRO e correlatos,Bairro IBGE 2022,5107925022
510792505000159,5107925,Sorriso,Residencial Village,IBGE Malha de Setores Censitários 2022 — atributos territoriais CD_BAIRRO/NM_BAIRRO e correlatos,Bairro IBGE 2022,5107925022
510792505000162,5107925,Sorriso,Jardim Aurora,IBGE Malha de Setores Censitários 2022 — atributos territoriais CD_BAIRRO/NM_BAIRRO e correlatos,Bairro IBGE 2022,5107925009
510792505000163,5107925,Sorriso,Jardim Aurora,IBGE Malha de Setores Censitários 2022 — atributos territoriais CD_BAIRRO/NM_BAIRRO e correlatos,Bairro IBGE 2022,5107925009
510792510000002,5107925,Sorriso,Boa Esperança,IBGE Malha de Setores Censitários 2022 — atributos territoriais CD_BAIRRO/NM_BAIRRO e correlatos,Distrito IBGE 2022,510792510
510792510000008,5107925,Sorriso,Boa Esperança,IBGE Malha de Setores Censitários 2022 — atributos territoriais CD_BAIRRO/NM_BAIRRO e correlatos,Distrito IBGE 2022,510792510
510792510000010,5107925,Sorriso,Boa Esperança,IBGE Malha de Setores Censitários 2022 — atributos territoriais CD_BAIRRO/NM_BAIRRO e correlatos,Distrito IBGE 2022,510792510
510792510000011,5107925,Sorriso,Boa Esperança,IBGE Malha de Setores Censitários 2022 — atributos territoriais CD_BAIRRO/NM_BAIRRO e correlatos,Distrito IBGE 2022,510792510
510792515000001,5107925,Sorriso,Caravágio,IBGE Malha de Setores Censitários 2022 — atributos territoriais CD_BAIRRO/NM_BAIRRO e correlatos,Distrito IBGE 2022,510792515
510792515000002,5107925,Sorriso,Caravágio,IBGE Malha de Setores Censitários 2022 — atributos territoriais CD_BAIRRO/NM_BAIRRO e correlatos,Distrito IBGE 2022,510792515
510792515000003,5107925,Sorriso,Caravágio,IBGE Malha de Setores Censitários 2022 — atributos territoriais CD_BAIRRO/NM_BAIRRO e correlatos,Distrito IBGE 2022,510792515
510792515000004,5107925,Sorriso,Caravágio,IBGE Malha de Setores Censitários 2022 — atributos territoriais CD_BAIRRO/NM_BAIRRO e correlatos,Distrito IBGE 2022,510792515
510792530000001,5107925,Sorriso,Primavera,IBGE Malha de Setores Censitários 2022 — atributos territoriais CD_BAIRRO/NM_BAIRRO e correlatos,Distrito IBGE 2022,510792530
510792530000002,5107925,Sorriso,Primavera,IBGE Malha de Setores Censitários 2022 — atributos territoriais CD_BAIRRO/NM_BAIRRO e correlatos,Distrito IBGE 2022,510792530
510792530000003,5107925,Sorriso,Primavera,IBGE Malha de Setores Censitários 2022 — atributos territoriais CD_BAIRRO/NM_BAIRRO e correlatos,Distrito IBGE 2022,510792530
510792530000004,5107925,Sorriso,Primavera,IBGE Malha de Setores Censitários 2022 — atributos territoriais CD_BAIRRO/NM_BAIRRO e correlatos,Distrito IBGE 2022,510792530
510792530000005,5107925,Sorriso,Primavera,IBGE Malha de Setores Censitários 2022 — atributos territoriais CD_BAIRRO/NM_BAIRRO e correlatos,Distrito IBGE 2022,510792530
510792530000006,5107925,Sorriso,Primavera,IBGE Malha de Setores Censitários 2022 — atributos territoriais CD_BAIRRO/NM_BAIRRO e correlatos,Distrito IBGE 2022,510792530
510792530000007,5107925,Sorriso,Primavera,IBGE Malha de Setores Censitários 2022 — atributos territoriais CD_BAIRRO/NM_BAIRRO e correlatos,Distrito IBGE 2022,510792530
510794105000021,5107941,Tabaporã,Agrovila do PA Nova Fronteira,IBGE Malha de Setores Censitários 2022 — atributos territoriais CD_BAIRRO/NM_BAIRRO e correlatos,Aglomerado rural IBGE 2022,510794100002
510794105000032,5107941,Tabaporã,Agrovila do PA Nova Fronteira,IBGE Malha de Setores Censitários 2022 — atributos territoriais CD_BAIRRO/NM_BAIRRO e correlatos,Aglomerado rural IBGE 2022,510794100002
510794105000037,5107941,Tabaporã,Agrovila do PA Nova Fronteira,IBGE Malha de Setores Censitários 2022 — atributos territoriais CD_BAIRRO/NM_BAIRRO e correlatos,Aglomerado rural IBGE 2022,510794100002
510794105000038,5107941,Tabaporã,Americana do Norte,IBGE Malha de Setores Censitários 2022 — atributos territoriais CD_BAIRRO/NM_BAIRRO e correlatos,Aglomerado rural IBGE 2022,510794100003
510795805000001,5107958,Tangará da Serra,Centro,IBGE Malha de Setores Censitários 2022 — atributos territoriais CD_BAIRRO/NM_BAIRRO e correlatos,Bairro IBGE 2022,5107958001
510795805000002,5107958,Tangará da Serra,Centro,IBGE Malha de Setores Censitários 2022 — atributos territoriais CD_BAIRRO/NM_BAIRRO e correlatos,Bairro IBGE 2022,5107958001
510795805000003,5107958,Tangará da Serra,Centro,IBGE Malha de Setores Censitários 2022 — atributos territoriais CD_BAIRRO/NM_BAIRRO e correlatos,Bairro IBGE 2022,5107958001
510795805000004,5107958,Tangará da Serra,Centro,IBGE Malha de Setores Censitários 2022 — atributos territoriais CD_BAIRRO/NM_BAIRRO e correlatos,Bairro IBGE 2022,5107958001
510795805000005,5107958,Tangará da Serra,Jardim Rio Preto,IBGE Malha de Setores Censitários 2022 — atributos territoriais CD_BAIRRO/NM_BAIRRO e correlatos,Bairro IBGE 2022,5107958009
510795805000006,5107958,Tangará da Serra,Jardim Rio Preto,IBGE Malha de Setores Censitários 2022 — atributos territoriais CD_BAIRRO/NM_BAIRRO e correlatos,Bairro IBGE 2022,5107958009
510795805000007,5107958,Tangará da Serra,Jardim Cidade Alta,IBGE Malha de Setores Censitários 2022 — atributos territoriais CD_BAIRRO/NM_BAIRRO e correlatos,Bairro IBGE 2022,5107958010
510795805000008,5107958,Tangará da Serra,Jardim Acácia,IBGE Malha de Setores Censitários 2022 — atributos territoriais CD_BAIRRO/NM_BAIRRO e correlatos,Bairro IBGE 2022,5107958014
510795805000009,5107958,Tangará da Serra,Centro,IBGE Malha de Setores Censitários 2022 — atributos territoriais CD_BAIRRO/NM_BAIRRO e correlatos,Bairro IBGE 2022,5107958001
510795805000010,5107958,Tangará da Serra,Centro,IBGE Malha de Setores Censitários 2022 — atributos territoriais CD_BAIRRO/NM_BAIRRO e correlatos,Bairro IBGE 2022,5107958001
510795805000011,5107958,Tangará da Serra,Centro,IBGE Malha de Setores Censitários 2022 — atributos territoriais CD_BAIRRO/NM_BAIRRO e correlatos,Bairro IBGE 2022,5107958001
510795805000012,5107958,Tangará da Serra,Jardim Rio Preto,IBGE Malha de Setores Censitários 2022 — atributos territoriais CD_BAIRRO/NM_BAIRRO e correlatos,Bairro IBGE 2022,5107958009
510795805000013,5107958,Tangará da Serra,Jardim Shangri-lá,IBGE Malha de Setores Censitários 2022 — atributos territoriais CD_BAIRRO/NM_BAIRRO e correlatos,Bairro IBGE 2022,5107958003
510795805000014,5107958,Tangará da Serra,Jardim Rio Preto,IBGE Malha de Setores Censitários 2022 — atributos territoriais CD_BAIRRO/NM_BAIRRO e correlatos,Bairro IBGE 2022,5107958009
510795805000015,5107958,Tangará da Serra,Jardim Cidade Alta,IBGE Malha de Setores Censitários 2022 — atributos territoriais CD_BAIRRO/NM_BAIRRO e correlatos,Bairro IBGE 2022,5107958010
510795805000016,5107958,Tangará da Serra,Jardim Acácia,IBGE Malha de Setores Censitários 2022 — atributos territoriais CD_BAIRRO/NM_BAIRRO e correlatos,Bairro IBGE 2022,5107958014
510795805000017,5107958,Tangará da Serra,Parque Tangará,IBGE Malha de Setores Censitários 2022 — atributos territoriais CD_BAIRRO/NM_BAIRRO e correlatos,Bairro IBGE 2022,5107958015
510795805000018,5107958,Tangará da Serra,Parque Mansões,IBGE Malha de Setores Censitários 2022 — atributos territoriais CD_BAIRRO/NM_BAIRRO e correlatos,Bairro IBGE 2022,5107958022
510795805000019,5107958,Tangará da Serra,Jardim Tanaka,IBGE Malha de Setores Censitários 2022 — atributos territoriais CD_BAIRRO/NM_BAIRRO e correlatos,Bairro IBGE 2022,5107958024
510795805000021,5107958,Tangará da Serra,Jardim Tanaka,IBGE Malha de Setores Censitários 2022 — atributos territoriais CD_BAIRRO/NM_BAIRRO e correlatos,Bairro IBGE 2022,5107958024
510795805000022,5107958,Tangará da Serra,Centro,IBGE Malha de Setores Censitários 2022 — atributos territoriais CD_BAIRRO/NM_BAIRRO e correlatos,Bairro IBGE 2022,5107958001
510795805000023,5107958,Tangará da Serra,Centro,IBGE Malha de Setores Censitários 2022 — atributos territoriais CD_BAIRRO/NM_BAIRRO e correlatos,Bairro IBGE 2022,5107958001
510795805000024,5107958,Tangará da Serra,Centro,IBGE Malha de Setores Censitários 2022 — atributos territoriais CD_BAIRRO/NM_BAIRRO e correlatos,Bairro IBGE 2022,5107958001
510795805000025,5107958,Tangará da Serra,Centro,IBGE Malha de Setores Censitários 2022 — atributos territoriais CD_BAIRRO/NM_BAIRRO e correlatos,Bairro IBGE 2022,5107958001
510795805000026,5107958,Tangará da Serra,Jardim Goiás,IBGE Malha de Setores Censitários 2022 — atributos territoriais CD_BAIRRO/NM_BAIRRO e correlatos,Bairro IBGE 2022,5107958002
510795805000028,5107958,Tangará da Serra,Jardim Alto da Boa Vista,IBGE Malha de Setores Censitários 2022 — atributos territoriais CD_BAIRRO/NM_BAIRRO e correlatos,Bairro IBGE 2022,5107958005
510795805000031,5107958,Tangará da Serra,Jardim Monte Líbano,IBGE Malha de Setores Censitários 2022 — atributos territoriais CD_BAIRRO/NM_BAIRRO e correlatos,Bairro IBGE 2022,5107958013
510795805000032,5107958,Tangará da Serra,Jardim Esmeralda,IBGE Malha de Setores Censitários 2022 — atributos territoriais CD_BAIRRO/NM_BAIRRO e correlatos,Bairro IBGE 2022,5107958012
510795805000033,5107958,Tangará da Serra,Jardim Esmeralda,IBGE Malha de Setores Censitários 2022 — atributos territoriais CD_BAIRRO/NM_BAIRRO e correlatos,Bairro IBGE 2022,5107958012
510795805000034,5107958,Tangará da Serra,Jardim Esmeralda,IBGE Malha de Setores Censitários 2022 — atributos territoriais CD_BAIRRO/NM_BAIRRO e correlatos,Bairro IBGE 2022,5107958012
510795805000037,5107958,Tangará da Serra,Jardim Dona Júlia,IBGE Malha de Setores Censitários 2022 — atributos territoriais CD_BAIRRO/NM_BAIRRO e correlatos,Bairro IBGE 2022,5107958021
510795805000038,5107958,Tangará da Serra,Jardim Dona Júlia,IBGE Malha de Setores Censitários 2022 — atributos territoriais CD_BAIRRO/NM_BAIRRO e correlatos,Bairro IBGE 2022,5107958021
510795805000039,5107958,Tangará da Serra,Parque Mansões,IBGE Malha de Setores Censitários 2022 — atributos territoriais CD_BAIRRO/NM_BAIRRO e correlatos,Bairro IBGE 2022,5107958022
510795805000040,5107958,Tangará da Serra,Jardim Tarumã,IBGE Malha de Setores Censitários 2022 — atributos territoriais CD_BAIRRO/NM_BAIRRO e correlatos,Bairro IBGE 2022,5107958023
510795805000041,5107958,Tangará da Serra,Jardim Horizonte,IBGE Malha de Setores Censitários 2022 — atributos territoriais CD_BAIRRO/NM_BAIRRO e correlatos,Bairro IBGE 2022,5107958025
510795805000042,5107958,Tangará da Serra,Jardim Horizonte,IBGE Malha de Setores Censitários 2022 — atributos territoriais CD_BAIRRO/NM_BAIRRO e correlatos,Bairro IBGE 2022,5107958025
510795805000043,5107958,Tangará da Serra,Jardim Floriza,IBGE Malha de Setores Censitários 2022 — atributos territoriais CD_BAIRRO/NM_BAIRRO e correlatos,Bairro IBGE 2022,5107958029
510795805000044,5107958,Tangará da Serra,Jardim Floriza,IBGE Malha de Setores Censitários 2022 — atributos territoriais CD_BAIRRO/NM_BAIRRO e correlatos,Bairro IBGE 2022,5107958029
510795805000045,5107958,Tangará da Serra,Jardim Goiás,IBGE Malha de Setores Censitários 2022 — atributos territoriais CD_BAIRRO/NM_BAIRRO e correlatos,Bairro IBGE 2022,5107958002
510795805000047,5107958,Tangará da Serra,Centro,IBGE Malha de Setores Censitários 2022 — atributos territoriais CD_BAIRRO/NM_BAIRRO e correlatos,Bairro IBGE 2022,5107958001
510795805000048,5107958,Tangará da Serra,Jardim Santa Lúcia,IBGE Malha de Setores Censitários 2022 — atributos territoriais CD_BAIRRO/NM_BAIRRO e correlatos,Bairro IBGE 2022,5107958017
510795805000049,5107958,Tangará da Serra,Jardim Goiás,IBGE Malha de Setores Censitários 2022 — atributos territoriais CD_BAIRRO/NM_BAIRRO e correlatos,Bairro IBGE 2022,5107958002
510795805000050,5107958,Tangará da Serra,Jardim Rio Preto,IBGE Malha de Setores Censitários 2022 — atributos territoriais CD_BAIRRO/NM_BAIRRO e correlatos,Bairro IBGE 2022,5107958009
510795805000051,5107958,Tangará da Serra,Jardim Shangri-lá,IBGE Malha de Setores Censitários 2022 — atributos territoriais CD_BAIRRO/NM_BAIRRO e correlatos,Bairro IBGE 2022,5107958003
510795805000052,5107958,Tangará da Serra,Jardim Cidade Alta,IBGE Malha de Setores Censitários 2022 — atributos territoriais CD_BAIRRO/NM_BAIRRO e correlatos,Bairro IBGE 2022,5107958010
510795805000053,5107958,Tangará da Serra,Jardim Esmeralda,IBGE Malha de Setores Censitários 2022 — atributos territoriais CD_BAIRRO/NM_BAIRRO e correlatos,Bairro IBGE 2022,5107958012
510795805000054,5107958,Tangará da Serra,Jardim Esmeralda,IBGE Malha de Setores Censitários 2022 — atributos territoriais CD_BAIRRO/NM_BAIRRO e correlatos,Bairro IBGE 2022,5107958012
510795805000055,5107958,Tangará da Serra,Jardim Esmeralda,IBGE Malha de Setores Censitários 2022 — atributos territoriais CD_BAIRRO/NM_BAIRRO e correlatos,Bairro IBGE 2022,5107958012
510795805000056,5107958,Tangará da Serra,Parque Tangará,IBGE Malha de Setores Censitários 2022 — atributos territoriais CD_BAIRRO/NM_BAIRRO e correlatos,Bairro IBGE 2022,5107958015
510795805000057,5107958,Tangará da Serra,Jardim Dona Júlia,IBGE Malha de Setores Censitários 2022 — atributos territoriais CD_BAIRRO/NM_BAIRRO e correlatos,Bairro IBGE 2022,5107958021
510795805000058,5107958,Tangará da Serra,Jardim Tanaka,IBGE Malha de Setores Censitários 2022 — atributos territoriais CD_BAIRRO/NM_BAIRRO e correlatos,Bairro IBGE 2022,5107958024
510795805000059,5107958,Tangará da Serra,Jardim Mituo,IBGE Malha de Setores Censitários 2022 — atributos territoriais CD_BAIRRO/NM_BAIRRO e correlatos,Bairro IBGE 2022,5107958027
510795805000061,5107958,Tangará da Serra,Jardim Europa,IBGE Malha de Setores Censitários 2022 — atributos territoriais CD_BAIRRO/NM_BAIRRO e correlatos,Bairro IBGE 2022,5107958028
510795805000073,5107958,Tangará da Serra,Jardim Shangri-lá,IBGE Malha de Setores Censitários 2022 — atributos territoriais CD_BAIRRO/NM_BAIRRO e correlatos,Bairro IBGE 2022,5107958003
510795805000074,5107958,Tangará da Serra,Jardim Cidade Alta,IBGE Malha de Setores Censitários 2022 — atributos territoriais CD_BAIRRO/NM_BAIRRO e correlatos,Bairro IBGE 2022,5107958010
510795805000075,5107958,Tangará da Serra,Jardim Cidade Alta,IBGE Malha de Setores Censitários 2022 — atributos territoriais CD_BAIRRO/NM_BAIRRO e correlatos,Bairro IBGE 2022,5107958010
510795805000076,5107958,Tangará da Serra,Jardim Rio Preto,IBGE Malha de Setores Censitários 2022 — atributos territoriais CD_BAIRRO/NM_BAIRRO e correlatos,Bairro IBGE 2022,5107958009
510795805000077,5107958,Tangará da Serra,Centro,IBGE Malha de Setores Censitários 2022 — atributos territoriais CD_BAIRRO/NM_BAIRRO e correlatos,Bairro IBGE 2022,5107958001
510795805000078,5107958,Tangará da Serra,Centro,IBGE Malha de Setores Censitários 2022 — atributos territoriais CD_BAIRRO/NM_BAIRRO e correlatos,Bairro IBGE 2022,5107958001
510795805000079,5107958,Tangará da Serra,Centro,IBGE Malha de Setores Censitários 2022 — atributos territoriais CD_BAIRRO/NM_BAIRRO e correlatos,Bairro IBGE 2022,5107958001
510795805000080,5107958,Tangará da Serra,Jardim Shangri-lá,IBGE Malha de Setores Censitários 2022 — atributos territoriais CD_BAIRRO/NM_BAIRRO e correlatos,Bairro IBGE 2022,5107958003
510795805000081,5107958,Tangará da Serra,Jardim Shangri-lá,IBGE Malha de Setores Censitários 2022 — atributos territoriais CD_BAIRRO/NM_BAIRRO e correlatos,Bairro IBGE 2022,5107958003
510795805000082,5107958,Tangará da Serra,Jardim Rio Preto,IBGE Malha de Setores Censitários 2022 — atributos territoriais CD_BAIRRO/NM_BAIRRO e correlatos,Bairro IBGE 2022,5107958009
510795805000083,5107958,Tangará da Serra,Jardim Acácia,IBGE Malha de Setores Censitários 2022 — atributos territoriais CD_BAIRRO/NM_BAIRRO e correlatos,Bairro IBGE 2022,5107958014
510795805000084,5107958,Tangará da Serra,Jardim Acácia,IBGE Malha de Setores Censitários 2022 — atributos territoriais CD_BAIRRO/NM_BAIRRO e correlatos,Bairro IBGE 2022,5107958014
510795805000086,5107958,Tangará da Serra,Jardim Tanaka,IBGE Malha de Setores Censitários 2022 — atributos territoriais CD_BAIRRO/NM_BAIRRO e correlatos,Bairro IBGE 2022,5107958024
510795805000087,5107958,Tangará da Serra,Jardim Horizonte,IBGE Malha de Setores Censitários 2022 — atributos territoriais CD_BAIRRO/NM_BAIRRO e correlatos,Bairro IBGE 2022,5107958025
510795805000088,5107958,Tangará da Serra,Jardim Tanaka,IBGE Malha de Setores Censitários 2022 — atributos territoriais CD_BAIRRO/NM_BAIRRO e correlatos,Bairro IBGE 2022,5107958024
510795805000089,5107958,Tangará da Serra,Jardim Europa,IBGE Malha de Setores Censitários 2022 — atributos territoriais CD_BAIRRO/NM_BAIRRO e correlatos,Bairro IBGE 2022,5107958028
510795805000090,5107958,Tangará da Serra,Centro,IBGE Malha de Setores Censitários 2022 — atributos territoriais CD_BAIRRO/NM_BAIRRO e correlatos,Bairro IBGE 2022,5107958001
510795805000091,5107958,Tangará da Serra,Jardim Europa,IBGE Malha de Setores Censitários 2022 — atributos territoriais CD_BAIRRO/NM_BAIRRO e correlatos,Bairro IBGE 2022,5107958028
510795805000092,5107958,Tangará da Serra,Jardim Shangri-lá,IBGE Malha de Setores Censitários 2022 — atributos territoriais CD_BAIRRO/NM_BAIRRO e correlatos,Bairro IBGE 2022,5107958003
510795805000093,5107958,Tangará da Serra,Jardim dos Ipês,IBGE Malha de Setores Censitários 2022 — atributos territoriais CD_BAIRRO/NM_BAIRRO e correlatos,Bairro IBGE 2022,5107958004
510795805000094,5107958,Tangará da Serra,Jardim dos Ipês,IBGE Malha de Setores Censitários 2022 — atributos territoriais CD_BAIRRO/NM_BAIRRO e correlatos,Bairro IBGE 2022,5107958004
510795805000095,5107958,Tangará da Serra,Jardim Aeroporto,IBGE Malha de Setores Censitários 2022 — atributos territoriais CD_BAIRRO/NM_BAIRRO e correlatos,Bairro IBGE 2022,5107958006
510795805000098,5107958,Tangará da Serra,Jardim Alto da Boa Vista,IBGE Malha de Setores Censitários 2022 — atributos territoriais CD_BAIRRO/NM_BAIRRO e correlatos,Bairro IBGE 2022,5107958005
510795805000099,5107958,Tangará da Serra,Jardim Alto da Boa Vista,IBGE Malha de Setores Censitários 2022 — atributos territoriais CD_BAIRRO/NM_BAIRRO e correlatos,Bairro IBGE 2022,5107958005
510795805000103,5107958,Tangará da Serra,Jardim Rio Preto,IBGE Malha de Setores Censitários 2022 — atributos territoriais CD_BAIRRO/NM_BAIRRO e correlatos,Bairro IBGE 2022,5107958009
510795805000104,5107958,Tangará da Serra,Jardim Nazaré,IBGE Malha de Setores Censitários 2022 — atributos territoriais CD_BAIRRO/NM_BAIRRO e correlatos,Bairro IBGE 2022,5107958007
510795805000107,5107958,Tangará da Serra,Parque Universitário,IBGE Malha de Setores Censitários 2022 — atributos territoriais CD_BAIRRO/NM_BAIRRO e correlatos,Bairro IBGE 2022,5107958008
510795805000109,5107958,Tangará da Serra,Jardim Esmeralda,IBGE Malha de Setores Censitários 2022 — atributos territoriais CD_BAIRRO/NM_BAIRRO e correlatos,Bairro IBGE 2022,5107958012
510795805000110,5107958,Tangará da Serra,Jardim Monte Líbano,IBGE Malha de Setores Censitários 2022 — atributos territoriais CD_BAIRRO/NM_BAIRRO e correlatos,Bairro IBGE 2022,5107958013
510795805000112,5107958,Tangará da Serra,Jardim Esmeralda,IBGE Malha de Setores Censitários 2022 — atributos territoriais CD_BAIRRO/NM_BAIRRO e correlatos,Bairro IBGE 2022,5107958012
510795805000113,5107958,Tangará da Serra,Jardim Esmeralda,IBGE Malha de Setores Censitários 2022 — atributos territoriais CD_BAIRRO/NM_BAIRRO e correlatos,Bairro IBGE 2022,5107958012
510795805000114,5107958,Tangará da Serra,Jardim Esmeralda,IBGE Malha de Setores Censitários 2022 — atributos territoriais CD_BAIRRO/NM_BAIRRO e correlatos,Bairro IBGE 2022,5107958012
510795805000115,5107958,Tangará da Serra,Parque Tangará,IBGE Malha de Setores Censitários 2022 — atributos territoriais CD_BAIRRO/NM_BAIRRO e correlatos,Bairro IBGE 2022,5107958015
510795805000116,5107958,Tangará da Serra,Parque Tangará,IBGE Malha de Setores Censitários 2022 — atributos territoriais CD_BAIRRO/NM_BAIRRO e correlatos,Bairro IBGE 2022,5107958015
510795805000117,5107958,Tangará da Serra,Jardim Dona Júlia,IBGE Malha de Setores Censitários 2022 — atributos territoriais CD_BAIRRO/NM_BAIRRO e correlatos,Bairro IBGE 2022,5107958021
510795805000118,5107958,Tangará da Serra,Jardim Tarumã,IBGE Malha de Setores Censitários 2022 — atributos territoriais CD_BAIRRO/NM_BAIRRO e correlatos,Bairro IBGE 2022,5107958023
510795805000119,5107958,Tangará da Serra,Jardim Tanaka,IBGE Malha de Setores Censitários 2022 — atributos territoriais CD_BAIRRO/NM_BAIRRO e correlatos,Bairro IBGE 2022,5107958024
510795805000120,5107958,Tangará da Serra,Jardim Tarumã,IBGE Malha de Setores Censitários 2022 — atributos territoriais CD_BAIRRO/NM_BAIRRO e correlatos,Bairro IBGE 2022,5107958023
510795805000121,5107958,Tangará da Serra,Jardim Tarumã,IBGE Malha de Setores Censitários 2022 — atributos territoriais CD_BAIRRO/NM_BAIRRO e correlatos,Bairro IBGE 2022,5107958023
510795805000122,5107958,Tangará da Serra,Jardim Mituo,IBGE Malha de Setores Censitários 2022 — atributos territoriais CD_BAIRRO/NM_BAIRRO e correlatos,Bairro IBGE 2022,5107958027
510795805000123,5107958,Tangará da Serra,Jardim Europa,IBGE Malha de Setores Censitários 2022 — atributos territoriais CD_BAIRRO/NM_BAIRRO e correlatos,Bairro IBGE 2022,5107958028
510795805000124,5107958,Tangará da Serra,Jardim Floriza,IBGE Malha de Setores Censitários 2022 — atributos territoriais CD_BAIRRO/NM_BAIRRO e correlatos,Bairro IBGE 2022,5107958029
510795805000126,5107958,Tangará da Serra,Jardim Santa Lúcia,IBGE Malha de Setores Censitários 2022 — atributos territoriais CD_BAIRRO/NM_BAIRRO e correlatos,Bairro IBGE 2022,5107958017
510795805000127,5107958,Tangará da Serra,Jardim Shangri-lá,IBGE Malha de Setores Censitários 2022 — atributos territoriais CD_BAIRRO/NM_BAIRRO e correlatos,Bairro IBGE 2022,5107958003
510795805000128,5107958,Tangará da Serra,Jardim Shangri-lá,IBGE Malha de Setores Censitários 2022 — atributos territoriais CD_BAIRRO/NM_BAIRRO e correlatos,Bairro IBGE 2022,5107958003
510795805000129,5107958,Tangará da Serra,Jardim Rio Preto,IBGE Malha de Setores Censitários 2022 — atributos territoriais CD_BAIRRO/NM_BAIRRO e correlatos,Bairro IBGE 2022,5107958009
510795805000130,5107958,Tangará da Serra,Parque Universitário,IBGE Malha de Setores Censitários 2022 — atributos territoriais CD_BAIRRO/NM_BAIRRO e correlatos,Bairro IBGE 2022,5107958008
510795805000131,5107958,Tangará da Serra,Jardim Rio Preto,IBGE Malha de Setores Censitários 2022 — atributos territoriais CD_BAIRRO/NM_BAIRRO e correlatos,Bairro IBGE 2022,5107958009
510795805000132,5107958,Tangará da Serra,Parque Tangará,IBGE Malha de Setores Censitários 2022 — atributos territoriais CD_BAIRRO/NM_BAIRRO e correlatos,Bairro IBGE 2022,5107958015
510795805000134,5107958,Tangará da Serra,Jardim Tarumã,IBGE Malha de Setores Censitários 2022 — atributos territoriais CD_BAIRRO/NM_BAIRRO e correlatos,Bairro IBGE 2022,5107958023
510795805000135,5107958,Tangará da Serra,Jardim Horizonte,IBGE Malha de Setores Censitários 2022 — atributos territoriais CD_BAIRRO/NM_BAIRRO e correlatos,Bairro IBGE 2022,5107958025
510795805000136,5107958,Tangará da Serra,Jardim Horizonte,IBGE Malha de Setores Censitários 2022 — atributos territoriais CD_BAIRRO/NM_BAIRRO e correlatos,Bairro IBGE 2022,5107958025
510795805000137,5107958,Tangará da Serra,Jardim Horizonte,IBGE Malha de Setores Censitários 2022 — atributos territoriais CD_BAIRRO/NM_BAIRRO e correlatos,Bairro IBGE 2022,5107958025
510795805000139,5107958,Tangará da Serra,Jardim Floriza,IBGE Malha de Setores Censitários 2022 — atributos territoriais CD_BAIRRO/NM_BAIRRO e correlatos,Bairro IBGE 2022,5107958029
510795805000140,5107958,Tangará da Serra,Jardim Floriza,IBGE Malha de Setores Censitários 2022 — atributos territoriais CD_BAIRRO/NM_BAIRRO e correlatos,Bairro IBGE 2022,5107958029
510795805000141,5107958,Tangará da Serra,Jardim Tarumã,IBGE Malha de Setores Censitários 2022 — atributos territoriais CD_BAIRRO/NM_BAIRRO e correlatos,Bairro IBGE 2022,5107958023
510795805000142,5107958,Tangará da Serra,Jardim Tarumã,IBGE Malha de Setores Censitários 2022 — atributos territoriais CD_BAIRRO/NM_BAIRRO e correlatos,Bairro IBGE 2022,5107958023
510795805000143,5107958,Tangará da Serra,Jardim Tarumã,IBGE Malha de Setores Censitários 2022 — atributos territoriais CD_BAIRRO/NM_BAIRRO e correlatos,Bairro IBGE 2022,5107958023
510795805000145,5107958,Tangará da Serra,Jardim São Paulo,IBGE Malha de Setores Censitários 2022 — atributos territoriais CD_BAIRRO/NM_BAIRRO e correlatos,Bairro IBGE 2022,5107958026
510795805000148,5107958,Tangará da Serra,Jardim Horizonte,IBGE Malha de Setores Censitários 2022 — atributos territoriais CD_BAIRRO/NM_BAIRRO e correlatos,Bairro IBGE 2022,5107958025
510795805000152,5107958,Tangará da Serra,Jardim Goiás,IBGE Malha de Setores Censitários 2022 — atributos territoriais CD_BAIRRO/NM_BAIRRO e correlatos,Bairro IBGE 2022,5107958002
510795805000155,5107958,Tangará da Serra,Parque Tangará,IBGE Malha de Setores Censitários 2022 — atributos territoriais CD_BAIRRO/NM_BAIRRO e correlatos,Bairro IBGE 2022,5107958015
510795805000156,5107958,Tangará da Serra,Jardim Nazaré,IBGE Malha de Setores Censitários 2022 — atributos territoriais CD_BAIRRO/NM_BAIRRO e correlatos,Bairro IBGE 2022,5107958007
510795805000157,5107958,Tangará da Serra,Jardim Nazaré,IBGE Malha de Setores Censitários 2022 — atributos territoriais CD_BAIRRO/NM_BAIRRO e correlatos,Bairro IBGE 2022,5107958007
510795805000159,5107958,Tangará da Serra,Jardim Morada do Sol,IBGE Malha de Setores Censitários 2022 — atributos territoriais CD_BAIRRO/NM_BAIRRO e correlatos,Bairro IBGE 2022,5107958018
510795805000160,5107958,Tangará da Serra,Jardim Morada do Sol,IBGE Malha de Setores Censitários 2022 — atributos territoriais CD_BAIRRO/NM_BAIRRO e correlatos,Bairro IBGE 2022,5107958018
510795805000163,5107958,Tangará da Serra,Jardim Santa Lúcia,IBGE Malha de Setores Censitários 2022 — atributos territoriais CD_BAIRRO/NM_BAIRRO e correlatos,Bairro IBGE 2022,5107958017
510795805000164,5107958,Tangará da Serra,Jardim Floriza,IBGE Malha de Setores Censitários 2022 — atributos territoriais CD_BAIRRO/NM_BAIRRO e correlatos,Bairro IBGE 2022,5107958029
510795805000165,5107958,Tangará da Serra,Jardim Goiás,IBGE Malha de Setores Censitários 2022 — atributos territoriais CD_BAIRRO/NM_BAIRRO e correlatos,Bairro IBGE 2022,5107958002
510795805000166,5107958,Tangará da Serra,Jardim Goiás,IBGE Malha de Setores Censitários 2022 — atributos territoriais CD_BAIRRO/NM_BAIRRO e correlatos,Bairro IBGE 2022,5107958002
510795805000167,5107958,Tangará da Serra,Jardim dos Ipês,IBGE Malha de Setores Censitários 2022 — atributos territoriais CD_BAIRRO/NM_BAIRRO e correlatos,Bairro IBGE 2022,5107958004
510795805000168,5107958,Tangará da Serra,Jardim dos Ipês,IBGE Malha de Setores Censitários 2022 — atributos territoriais CD_BAIRRO/NM_BAIRRO e correlatos,Bairro IBGE 2022,5107958004
510795805000170,5107958,Tangará da Serra,Jardim Tarumã,IBGE Malha de Setores Censitários 2022 — atributos territoriais CD_BAIRRO/NM_BAIRRO e correlatos,Bairro IBGE 2022,5107958023
510795805000171,5107958,Tangará da Serra,Jardim Tarumã,IBGE Malha de Setores Censitários 2022 — atributos territoriais CD_BAIRRO/NM_BAIRRO e correlatos,Bairro IBGE 2022,5107958023
510795805000172,5107958,Tangará da Serra,Jardim Tarumã,IBGE Malha de Setores Censitários 2022 — atributos territoriais CD_BAIRRO/NM_BAIRRO e correlatos,Bairro IBGE 2022,5107958023
510795805000173,5107958,Tangará da Serra,Jardim Tarumã,IBGE Malha de Setores Censitários 2022 — atributos territoriais CD_BAIRRO/NM_BAIRRO e correlatos,Bairro IBGE 2022,5107958023
510795805000174,5107958,Tangará da Serra,Jardim Tarumã,IBGE Malha de Setores Censitários 2022 — atributos territoriais CD_BAIRRO/NM_BAIRRO e correlatos,Bairro IBGE 2022,5107958023
510795805000175,5107958,Tangará da Serra,Jardim Monte Líbano,IBGE Malha de Setores Censitários 2022 — atributos territoriais CD_BAIRRO/NM_BAIRRO e correlatos,Bairro IBGE 2022,5107958013
510795805000176,5107958,Tangará da Serra,Jardim Santa Lúcia,IBGE Malha de Setores Censitários 2022 — atributos territoriais CD_BAIRRO/NM_BAIRRO e correlatos,Bairro IBGE 2022,5107958017
510795805000177,5107958,Tangará da Serra,Jardim São Paulo,IBGE Malha de Setores Censitários 2022 — atributos territoriais CD_BAIRRO/NM_BAIRRO e correlatos,Bairro IBGE 2022,5107958026
510795805000181,5107958,Tangará da Serra,Jardim São Paulo,IBGE Malha de Setores Censitários 2022 — atributos territoriais CD_BAIRRO/NM_BAIRRO e correlatos,Bairro IBGE 2022,5107958026
510795805000182,5107958,Tangará da Serra,Jardim São Paulo,IBGE Malha de Setores Censitários 2022 — atributos territoriais CD_BAIRRO/NM_BAIRRO e correlatos,Bairro IBGE 2022,5107958026
510795805000183,5107958,Tangará da Serra,Jardim Morada do Sol,IBGE Malha de Setores Censitários 2022 — atributos territoriais CD_BAIRRO/NM_BAIRRO e correlatos,Bairro IBGE 2022,5107958018
510795805000184,5107958,Tangará da Serra,Jardim Morada do Sol,IBGE Malha de Setores Censitários 2022 — atributos territoriais CD_BAIRRO/NM_BAIRRO e correlatos,Bairro IBGE 2022,5107958018
510795805000185,5107958,Tangará da Serra,Jardim Tanaka,IBGE Malha de Setores Censitários 2022 — atributos territoriais CD_BAIRRO/NM_BAIRRO e correlatos,Bairro IBGE 2022,5107958024
510795805000186,5107958,Tangará da Serra,Jardim Horizonte,IBGE Malha de Setores Censitários 2022 — atributos territoriais CD_BAIRRO/NM_BAIRRO e correlatos,Bairro IBGE 2022,5107958025
510795805000187,5107958,Tangará da Serra,Jardim Mituo,IBGE Malha de Setores Censitários 2022 — atributos territoriais CD_BAIRRO/NM_BAIRRO e correlatos,Bairro IBGE 2022,5107958027
510795805000188,5107958,Tangará da Serra,Jardim Europa,IBGE Malha de Setores Censitários 2022 — atributos territoriais CD_BAIRRO/NM_BAIRRO e correlatos,Bairro IBGE 2022,5107958028
510795805000189,5107958,Tangará da Serra,Jardim Santa Lúcia,IBGE Malha de Setores Censitários 2022 — atributos territoriais CD_BAIRRO/NM_BAIRRO e correlatos,Bairro IBGE 2022,5107958017
510795805000190,5107958,Tangará da Serra,Parque Tangará,IBGE Malha de Setores Censitários 2022 — atributos territoriais CD_BAIRRO/NM_BAIRRO e correlatos,Bairro IBGE 2022,5107958015
510795805000191,5107958,Tangará da Serra,Jardim Cidade Alta,IBGE Malha de Setores Censitários 2022 — atributos territoriais CD_BAIRRO/NM_BAIRRO e correlatos,Bairro IBGE 2022,5107958010
510795805000192,5107958,Tangará da Serra,Jardim Monte Líbano,IBGE Malha de Setores Censitários 2022 — atributos territoriais CD_BAIRRO/NM_BAIRRO e correlatos,Bairro IBGE 2022,5107958013
510795805000197,5107958,Tangará da Serra,Jardim Buritis,IBGE Malha de Setores Censitários 2022 — atributos territoriais CD_BAIRRO/NM_BAIRRO e correlatos,Bairro IBGE 2022,5107958020
510795805000198,5107958,Tangará da Serra,Jardim Buritis,IBGE Malha de Setores Censitários 2022 — atributos territoriais CD_BAIRRO/NM_BAIRRO e correlatos,Bairro IBGE 2022,5107958020
510795805000201,5107958,Tangará da Serra,Jardim Santa Lúcia,IBGE Malha de Setores Censitários 2022 — atributos territoriais CD_BAIRRO/NM_BAIRRO e correlatos,Bairro IBGE 2022,5107958017
510795805000202,5107958,Tangará da Serra,Jardim Santa Lúcia,IBGE Malha de Setores Censitários 2022 — atributos territoriais CD_BAIRRO/NM_BAIRRO e correlatos,Bairro IBGE 2022,5107958017
510795805000203,5107958,Tangará da Serra,Parque da Serra,IBGE Malha de Setores Censitários 2022 — atributos territoriais CD_BAIRRO/NM_BAIRRO e correlatos,Bairro IBGE 2022,5107958019
510795805000204,5107958,Tangará da Serra,Parque da Serra,IBGE Malha de Setores Censitários 2022 — atributos territoriais CD_BAIRRO/NM_BAIRRO e correlatos,Bairro IBGE 2022,5107958019
510795805000206,5107958,Tangará da Serra,Parque Figueira,IBGE Malha de Setores Censitários 2022 — atributos territoriais CD_BAIRRO/NM_BAIRRO e correlatos,Bairro IBGE 2022,5107958011
510795815000001,5107958,Tangará da Serra,Progresso,IBGE Malha de Setores Censitários 2022 — atributos territoriais CD_BAIRRO/NM_BAIRRO e correlatos,Distrito IBGE 2022,510795815
510795815000002,5107958,Tangará da Serra,Progresso,IBGE Malha de Setores Censitários 2022 — atributos territoriais CD_BAIRRO/NM_BAIRRO e correlatos,Distrito IBGE 2022,510795815
510795815000003,5107958,Tangará da Serra,Progresso,IBGE Malha de Setores Censitários 2022 — atributos territoriais CD_BAIRRO/NM_BAIRRO e correlatos,Distrito IBGE 2022,510795815
510795815000004,5107958,Tangará da Serra,Progresso,IBGE Malha de Setores Censitários 2022 — atributos territoriais CD_BAIRRO/NM_BAIRRO e correlatos,Distrito IBGE 2022,510795815
510795815000005,5107958,Tangará da Serra,Progresso,IBGE Malha de Setores Censitários 2022 — atributos territoriais CD_BAIRRO/NM_BAIRRO e correlatos,Distrito IBGE 2022,510795815
510795820000001,5107958,Tangará da Serra,São Joaquim,IBGE Malha de Setores Censitários 2022 — atributos territoriais CD_BAIRRO/NM_BAIRRO e correlatos,Distrito IBGE 2022,510795820
510795820000002,5107958,Tangará da Serra,São Joaquim,IBGE Malha de Setores Censitários 2022 — atributos territoriais CD_BAIRRO/NM_BAIRRO e correlatos,Distrito IBGE 2022,510795820
510795820000003,5107958,Tangará da Serra,São Joaquim,IBGE Malha de Setores Censitários 2022 — atributos territoriais CD_BAIRRO/NM_BAIRRO e correlatos,Distrito IBGE 2022,510795820
510795825000001,5107958,Tangará da Serra,São Jorge,IBGE Malha de Setores Censitários 2022 — atributos territoriais CD_BAIRRO/NM_BAIRRO e correlatos,Distrito IBGE 2022,510795825
510795825000002,5107958,Tangará da Serra,São Jorge,IBGE Malha de Setores Censitários 2022 — atributos territoriais CD_BAIRRO/NM_BAIRRO e correlatos,Distrito IBGE 2022,510795825
510795825000003,5107958,Tangará da Serra,São Jorge,IBGE Malha de Setores Censitários 2022 — atributos territoriais CD_BAIRRO/NM_BAIRRO e correlatos,Distrito IBGE 2022,510795825
510795825000004,5107958,Tangará da Serra,São Jorge,IBGE Malha de Setores Censitários 2022 — atributos territoriais CD_BAIRRO/NM_BAIRRO e correlatos,Distrito IBGE 2022,510795825
510795825000005,5107958,Tangará da Serra,São Jorge,IBGE Malha de Setores Censitários 2022 — atributos territoriais CD_BAIRRO/NM_BAIRRO e correlatos,Distrito IBGE 2022,510795825
510795825000008,5107958,Tangará da Serra,São Jorge,IBGE Malha de Setores Censitários 2022 — atributos territoriais CD_BAIRRO/NM_BAIRRO e correlatos,Distrito IBGE 2022,510795825
510795825000011,5107958,Tangará da Serra,Aldeia Indígena Cabeceira do Papagaio,IBGE Malha de Setores Censitários 2022 — atributos territoriais CD_BAIRRO/NM_BAIRRO e correlatos,Aglomerado rural IBGE 2022,510795800010
510795825000014,5107958,Tangará da Serra,Aldeia Indígena África,IBGE Malha de Setores Censitários 2022 — atributos territoriais CD_BAIRRO/NM_BAIRRO e correlatos,Aglomerado rural IBGE 2022,510795800007
510795825000015,5107958,Tangará da Serra,Aldeia Indígena Kotitico,IBGE Malha de Setores Censitários 2022 — atributos territoriais CD_BAIRRO/NM_BAIRRO e correlatos,Aglomerado rural IBGE 2022,510795800008
510795825000016,5107958,Tangará da Serra,Aldeia Indígena Rio Verde,IBGE Malha de Setores Censitários 2022 — atributos territoriais CD_BAIRRO/NM_BAIRRO e correlatos,Aglomerado rural IBGE 2022,510795800009
510795825000017,5107958,Tangará da Serra,São Jorge,IBGE Malha de Setores Censitários 2022 — atributos territoriais CD_BAIRRO/NM_BAIRRO e correlatos,Distrito IBGE 2022,510795825
510795825000019,5107958,Tangará da Serra,Aldeia Indígena Queimada,IBGE Malha de Setores Censitários 2022 — atributos territoriais CD_BAIRRO/NM_BAIRRO e correlatos,Aglomerado rural IBGE 2022,510795800002
510795825000020,5107958,Tangará da Serra,Aldeia Indígena Formoso,IBGE Malha de Setores Censitários 2022 — atributos territoriais CD_BAIRRO/NM_BAIRRO e correlatos,Aglomerado rural IBGE 2022,510795800001
510795825000021,5107958,Tangará da Serra,São Jorge,IBGE Malha de Setores Censitários 2022 — atributos territoriais CD_BAIRRO/NM_BAIRRO e correlatos,Distrito IBGE 2022,510795825
510795825000022,5107958,Tangará da Serra,São Jorge,IBGE Malha de Setores Censitários 2022 — atributos territoriais CD_BAIRRO/NM_BAIRRO e correlatos,Distrito IBGE 2022,510795825
510795825000023,5107958,Tangará da Serra,Aldeia Indigena Estivadinho,IBGE Malha de Setores Censitários 2022 — atributos territoriais CD_BAIRRO/NM_BAIRRO e correlatos,Aglomerado rural IBGE 2022,510795800013
510795825000024,5107958,Tangará da Serra,Aldeia Indigena Tatu Bola,IBGE Malha de Setores Censitários 2022 — atributos territoriais CD_BAIRRO/NM_BAIRRO e correlatos,Aglomerado rural IBGE 2022,510795800014
510795825000025,5107958,Tangará da Serra,Aldeia Indígena Batizar 1,IBGE Malha de Setores Censitários 2022 — atributos territoriais CD_BAIRRO/NM_BAIRRO e correlatos,Aglomerado rural IBGE 2022,510795800015
510795825000026,5107958,Tangará da Serra,Aldeia Indígena Água Suja,IBGE Malha de Setores Censitários 2022 — atributos territoriais CD_BAIRRO/NM_BAIRRO e correlatos,Aglomerado rural IBGE 2022,510795800016
510795825000027,5107958,Tangará da Serra,Aldeia Indigena Papagaio I,IBGE Malha de Setores Censitários 2022 — atributos territoriais CD_BAIRRO/NM_BAIRRO e correlatos,Aglomerado rural IBGE 2022,510795800017
510795825000028,5107958,Tangará da Serra,Aldeia Indigena 2 Cachoeiras,IBGE Malha de Setores Censitários 2022 — atributos territoriais CD_BAIRRO/NM_BAIRRO e correlatos,Aglomerado rural IBGE 2022,510795800018
510795825000029,5107958,Tangará da Serra,Aldeia Indigena Buriti,IBGE Malha de Setores Censitários 2022 — atributos territoriais CD_BAIRRO/NM_BAIRRO e correlatos,Aglomerado rural IBGE 2022,510795800019
510795825000030,5107958,Tangará da Serra,Aldeia Indigena Nova Esperança,IBGE Malha de Setores Censitários 2022 — atributos territoriais CD_BAIRRO/NM_BAIRRO e correlatos,Aglomerado rural IBGE 2022,510795800020
510795825000031,5107958,Tangará da Serra,Aldeia Indigena Cabeceira do Buriti,IBGE Malha de Setores Censitários 2022 — atributos territoriais CD_BAIRRO/NM_BAIRRO e correlatos,Aglomerado rural IBGE 2022,510795800021
510795825000032,5107958,Tangará da Serra,São Jorge,IBGE Malha de Setores Censitários 2022 — atributos territoriais CD_BAIRRO/NM_BAIRRO e correlatos,Distrito IBGE 2022,510795825
510795825000033,5107958,Tangará da Serra,Agrovila do PA Triângulo,IBGE Malha de Setores Censitários 2022 — atributos territoriais CD_BAIRRO/NM_BAIRRO e correlatos,Aglomerado rural IBGE 2022,510795800022
510795825000034,5107958,Tangará da Serra,São Jorge,IBGE Malha de Setores Censitários 2022 — atributos territoriais CD_BAIRRO/NM_BAIRRO e correlatos,Distrito IBGE 2022,510795825
510795825000035,5107958,Tangará da Serra,São Jorge,IBGE Malha de Setores Censitários 2022 — atributos territoriais CD_BAIRRO/NM_BAIRRO e correlatos,Distrito IBGE 2022,510795825
510795825000036,5107958,Tangará da Serra,São Jorge,IBGE Malha de Setores Censitários 2022 — atributos territoriais CD_BAIRRO/NM_BAIRRO e correlatos,Distrito IBGE 2022,510795825
510795825000038,5107958,Tangará da Serra,Aldeia Indígena Manene,IBGE Malha de Setores Censitários 2022 — atributos territoriais CD_BAIRRO/NM_BAIRRO e correlatos,Aglomerado rural IBGE 2022,510795800023
510795825000039,5107958,Tangará da Serra,Aldeia Indígena Kolidiki,IBGE Malha de Setores Censitários 2022 — atributos territoriais CD_BAIRRO/NM_BAIRRO e correlatos,Aglomerado rural IBGE 2022,510795800024
510795825000040,5107958,Tangará da Serra,São Jorge,IBGE Malha de Setores Censitários 2022 — atributos territoriais CD_BAIRRO/NM_BAIRRO e correlatos,Distrito IBGE 2022,510795825
510795825000041,5107958,Tangará da Serra,Aldeia Indígena Cardoso Capão,IBGE Malha de Setores Censitários 2022 — atributos territoriais CD_BAIRRO/NM_BAIRRO e correlatos,Aglomerado rural IBGE 2022,510795800025
510795825000042,5107958,Tangará da Serra,São Jorge,IBGE Malha de Setores Censitários 2022 — atributos territoriais CD_BAIRRO/NM_BAIRRO e correlatos,Distrito IBGE 2022,510795825
510795825000043,5107958,Tangará da Serra,Aldeia Indígena Figueira,IBGE Malha de Setores Censitários 2022 — atributos territoriais CD_BAIRRO/NM_BAIRRO e correlatos,Aglomerado rural IBGE 2022,510795800026
510795825000044,5107958,Tangará da Serra,São Jorge,IBGE Malha de Setores Censitários 2022 — atributos territoriais CD_BAIRRO/NM_BAIRRO e correlatos,Distrito IBGE 2022,510795825
510795825000045,5107958,Tangará da Serra,Aldeia Indígena Formoso,IBGE Malha de Setores Censitários 2022 — atributos territoriais CD_BAIRRO/NM_BAIRRO e correlatos,Aglomerado rural IBGE 2022,510795800027
510795825000048,5107958,Tangará da Serra,Aldeia Indígena Katyola Winã,IBGE Malha de Setores Censitários 2022 — atributos territoriais CD_BAIRRO/NM_BAIRRO e correlatos,Aglomerado rural IBGE 2022,510795800029
510795825000050,5107958,Tangará da Serra,Aldeia Indígena Zanakwa,IBGE Malha de Setores Censitários 2022 — atributos territoriais CD_BAIRRO/NM_BAIRRO e correlatos,Aglomerado rural IBGE 2022,510795800031
510795825000051,5107958,Tangará da Serra,Aldeia Indígena Kalanaza,IBGE Malha de Setores Censitários 2022 — atributos territoriais CD_BAIRRO/NM_BAIRRO e correlatos,Aglomerado rural IBGE 2022,510795800032
510795825000052,5107958,Tangará da Serra,Aldeia Indígena Pakwera / Acuri,IBGE Malha de Setores Censitários 2022 — atributos territoriais CD_BAIRRO/NM_BAIRRO e correlatos,Aglomerado rural IBGE 2022,510795800033
510795825000053,5107958,Tangará da Serra,Aldeia Indígena Zatemana,IBGE Malha de Setores Censitários 2022 — atributos territoriais CD_BAIRRO/NM_BAIRRO e correlatos,Aglomerado rural IBGE 2022,510795800034
510795825000054,5107958,Tangará da Serra,Aldeia Indígena Sacre Zero,IBGE Malha de Setores Censitários 2022 — atributos territoriais CD_BAIRRO/NM_BAIRRO e correlatos,Aglomerado rural IBGE 2022,510795800035
510795825000055,5107958,Tangará da Serra,Aldeia Indígena Cabeceira do Sacre,IBGE Malha de Setores Censitários 2022 — atributos territoriais CD_BAIRRO/NM_BAIRRO e correlatos,Aglomerado rural IBGE 2022,510795800036
510795825000056,5107958,Tangará da Serra,Aldeia Indígena Paraíso,IBGE Malha de Setores Censitários 2022 — atributos territoriais CD_BAIRRO/NM_BAIRRO e correlatos,Aglomerado rural IBGE 2022,510795800037
510795825000057,5107958,Tangará da Serra,São Jorge,IBGE Malha de Setores Censitários 2022 — atributos territoriais CD_BAIRRO/NM_BAIRRO e correlatos,Distrito IBGE 2022,510795825
510800605000001,5108006,Tapurah,São Cristovão,IBGE Malha de Setores Censitários 2022 — atributos territoriais CD_BAIRRO/NM_BAIRRO e correlatos,Bairro IBGE 2022,5108006004
510800605000002,5108006,Tapurah,São Cristovão,IBGE Malha de Setores Censitários 2022 — atributos territoriais CD_BAIRRO/NM_BAIRRO e correlatos,Bairro IBGE 2022,5108006004
510800605000003,5108006,Tapurah,Cristo Rei,IBGE Malha de Setores Censitários 2022 — atributos territoriais CD_BAIRRO/NM_BAIRRO e correlatos,Bairro IBGE 2022,5108006001
510800605000004,5108006,Tapurah,Cristo Rei,IBGE Malha de Setores Censitários 2022 — atributos territoriais CD_BAIRRO/NM_BAIRRO e correlatos,Bairro IBGE 2022,5108006001
510800605000012,5108006,Tapurah,São Cristovão,IBGE Malha de Setores Censitários 2022 — atributos territoriais CD_BAIRRO/NM_BAIRRO e correlatos,Bairro IBGE 2022,5108006004
510800605000013,5108006,Tapurah,Cristo Rei,IBGE Malha de Setores Censitários 2022 — atributos territoriais CD_BAIRRO/NM_BAIRRO e correlatos,Bairro IBGE 2022,5108006001
510800605000014,5108006,Tapurah,Cristo Rei,IBGE Malha de Setores Censitários 2022 — atributos territoriais CD_BAIRRO/NM_BAIRRO e correlatos,Bairro IBGE 2022,5108006001
510800605000015,5108006,Tapurah,Joelma,IBGE Malha de Setores Censitários 2022 — atributos territoriais CD_BAIRRO/NM_BAIRRO e correlatos,Bairro IBGE 2022,5108006003
510800605000023,5108006,Tapurah,Jardim Juliana,IBGE Malha de Setores Censitários 2022 — atributos territoriais CD_BAIRRO/NM_BAIRRO e correlatos,Bairro IBGE 2022,5108006002
510800605000024,5108006,Tapurah,Jardim Juliana,IBGE Malha de Setores Censitários 2022 — atributos territoriais CD_BAIRRO/NM_BAIRRO e correlatos,Bairro IBGE 2022,5108006002
510800605000026,5108006,Tapurah,Ana Terra,IBGE Malha de Setores Censitários 2022 — atributos territoriais CD_BAIRRO/NM_BAIRRO e correlatos,Aglomerado rural IBGE 2022,510800600004
510800630000001,5108006,Tapurah,Novo Eldorado,IBGE Malha de Setores Censitários 2022 — atributos territoriais CD_BAIRRO/NM_BAIRRO e correlatos,Distrito IBGE 2022,510800630
510800630000002,5108006,Tapurah,Novo Eldorado,IBGE Malha de Setores Censitários 2022 — atributos territoriais CD_BAIRRO/NM_BAIRRO e correlatos,Distrito IBGE 2022,510800630
510800630000003,5108006,Tapurah,Novo Eldorado,IBGE Malha de Setores Censitários 2022 — atributos territoriais CD_BAIRRO/NM_BAIRRO e correlatos,Distrito IBGE 2022,510800630
510805505000007,5108055,Terra Nova do Norte,Vila Xanxerê,IBGE Malha de Setores Censitários 2022 — atributos territoriais CD_BAIRRO/NM_BAIRRO e correlatos,Aglomerado rural IBGE 2022,510805500001
510805515000001,5108055,Terra Nova do Norte,Miraguaí do Norte,IBGE Malha de Setores Censitários 2022 — atributos territoriais CD_BAIRRO/NM_BAIRRO e correlatos,Distrito IBGE 2022,510805515
510805515000002,5108055,Terra Nova do Norte,Miraguaí do Norte,IBGE Malha de Setores Censitários 2022 — atributos territoriais CD_BAIRRO/NM_BAIRRO e correlatos,Distrito IBGE 2022,510805515
510805515000003,5108055,Terra Nova do Norte,Miraguaí do Norte,IBGE Malha de Setores Censitários 2022 — atributos territoriais CD_BAIRRO/NM_BAIRRO e correlatos,Distrito IBGE 2022,510805515
510805520000001,5108055,Terra Nova do Norte,Nonoaí do Norte,IBGE Malha de Setores Censitários 2022 — atributos territoriais CD_BAIRRO/NM_BAIRRO e correlatos,Distrito IBGE 2022,510805520
510805520000002,5108055,Terra Nova do Norte,Nonoaí do Norte,IBGE Malha de Setores Censitários 2022 — atributos territoriais CD_BAIRRO/NM_BAIRRO e correlatos,Distrito IBGE 2022,510805520
510805530000001,5108055,Terra Nova do Norte,Nona Agrovila,IBGE Malha de Setores Censitários 2022 — atributos territoriais CD_BAIRRO/NM_BAIRRO e correlatos,Distrito IBGE 2022,510805530
510805530000002,5108055,Terra Nova do Norte,Nona Agrovila,IBGE Malha de Setores Censitários 2022 — atributos territoriais CD_BAIRRO/NM_BAIRRO e correlatos,Distrito IBGE 2022,510805530
510805530000003,5108055,Terra Nova do Norte,Nona Agrovila,IBGE Malha de Setores Censitários 2022 — atributos territoriais CD_BAIRRO/NM_BAIRRO e correlatos,Distrito IBGE 2022,510805530
510805530000004,5108055,Terra Nova do Norte,Agrovila do PA Décima Agrovila,IBGE Malha de Setores Censitários 2022 — atributos territoriais CD_BAIRRO/NM_BAIRRO e correlatos,Aglomerado rural IBGE 2022,510805500002
510805530000005,5108055,Terra Nova do Norte,Nona Agrovila,IBGE Malha de Setores Censitários 2022 — atributos territoriais CD_BAIRRO/NM_BAIRRO e correlatos,Distrito IBGE 2022,510805530
510810510000001,5108105,Tesouro,Batovi,IBGE Malha de Setores Censitários 2022 — atributos territoriais CD_BAIRRO/NM_BAIRRO e correlatos,Distrito IBGE 2022,510810510
510810510000002,5108105,Tesouro,Batovi,IBGE Malha de Setores Censitários 2022 — atributos territoriais CD_BAIRRO/NM_BAIRRO e correlatos,Distrito IBGE 2022,510810510
510810510000003,5108105,Tesouro,Batovi,IBGE Malha de Setores Censitários 2022 — atributos territoriais CD_BAIRRO/NM_BAIRRO e correlatos,Distrito IBGE 2022,510810510
510810510000004,5108105,Tesouro,Batovi,IBGE Malha de Setores Censitários 2022 — atributos territoriais CD_BAIRRO/NM_BAIRRO e correlatos,Distrito IBGE 2022,510810510
510810510000005,5108105,Tesouro,Batovi,IBGE Malha de Setores Censitários 2022 — atributos territoriais CD_BAIRRO/NM_BAIRRO e correlatos,Distrito IBGE 2022,510810510
510810515000001,5108105,Tesouro,Cassununga,IBGE Malha de Setores Censitários 2022 — atributos territoriais CD_BAIRRO/NM_BAIRRO e correlatos,Distrito IBGE 2022,510810515
510820405000017,5108204,Torixoréu,Pouso Alto,IBGE Malha de Setores Censitários 2022 — atributos territoriais CD_BAIRRO/NM_BAIRRO e correlatos,Aglomerado rural IBGE 2022,510820400001
510830305000002,5108303,União do Sul,Centro,IBGE Malha de Setores Censitários 2022 — atributos territoriais CD_BAIRRO/NM_BAIRRO e correlatos,Bairro IBGE 2022,5108303003
510830305000003,5108303,União do Sul,São Luiz,IBGE Malha de Setores Censitários 2022 — atributos territoriais CD_BAIRRO/NM_BAIRRO e correlatos,Bairro IBGE 2022,5108303001
510830305000004,5108303,União do Sul,Imperatriz,IBGE Malha de Setores Censitários 2022 — atributos territoriais CD_BAIRRO/NM_BAIRRO e correlatos,Bairro IBGE 2022,5108303002
510835205000004,5108352,Vale de São Domingos,Máquina Queimada,IBGE Malha de Setores Censitários 2022 — atributos territoriais CD_BAIRRO/NM_BAIRRO e correlatos,Aglomerado rural IBGE 2022,510835200001
510835205000009,5108352,Vale de São Domingos,Adrianópolis,IBGE Malha de Setores Censitários 2022 — atributos territoriais CD_BAIRRO/NM_BAIRRO e correlatos,Aglomerado rural IBGE 2022,510835200003
510840205000001,5108402,Várzea Grande,Canelas,IBGE Malha de Setores Censitários 2022 — atributos territoriais CD_BAIRRO/NM_BAIRRO e correlatos,Bairro IBGE 2022,5108402066
510840205000002,5108402,Várzea Grande,Canelas,IBGE Malha de Setores Censitários 2022 — atributos territoriais CD_BAIRRO/NM_BAIRRO e correlatos,Bairro IBGE 2022,5108402066
510840205000003,5108402,Várzea Grande,Canelas,IBGE Malha de Setores Censitários 2022 — atributos territoriais CD_BAIRRO/NM_BAIRRO e correlatos,Bairro IBGE 2022,5108402066
510840205000004,5108402,Várzea Grande,Canelas,IBGE Malha de Setores Censitários 2022 — atributos territoriais CD_BAIRRO/NM_BAIRRO e correlatos,Bairro IBGE 2022,5108402066
510840205000005,5108402,Várzea Grande,Canelas,IBGE Malha de Setores Censitários 2022 — atributos territoriais CD_BAIRRO/NM_BAIRRO e correlatos,Bairro IBGE 2022,5108402066
510840205000006,5108402,Várzea Grande,Centro Sul,IBGE Malha de Setores Censitários 2022 — atributos territoriais CD_BAIRRO/NM_BAIRRO e correlatos,Bairro IBGE 2022,5108402061
510840205000007,5108402,Várzea Grande,Canelas,IBGE Malha de Setores Censitários 2022 — atributos territoriais CD_BAIRRO/NM_BAIRRO e correlatos,Bairro IBGE 2022,5108402066
510840205000008,5108402,Várzea Grande,Ikaray,IBGE Malha de Setores Censitários 2022 — atributos territoriais CD_BAIRRO/NM_BAIRRO e correlatos,Bairro IBGE 2022,5108402055
510840205000009,5108402,Várzea Grande,Centro Sul,IBGE Malha de Setores Censitários 2022 — atributos territoriais CD_BAIRRO/NM_BAIRRO e correlatos,Bairro IBGE 2022,5108402061
510840205000010,5108402,Várzea Grande,Ikaray,IBGE Malha de Setores Censitários 2022 — atributos territoriais CD_BAIRRO/NM_BAIRRO e correlatos,Bairro IBGE 2022,5108402055
510840205000011,5108402,Várzea Grande,Ikaray,IBGE Malha de Setores Censitários 2022 — atributos territoriais CD_BAIRRO/NM_BAIRRO e correlatos,Bairro IBGE 2022,5108402055
510840205000015,5108402,Várzea Grande,Primavera,IBGE Malha de Setores Censitários 2022 — atributos territoriais CD_BAIRRO/NM_BAIRRO e correlatos,Bairro IBGE 2022,5108402054
510840205000016,5108402,Várzea Grande,Canelas,IBGE Malha de Setores Censitários 2022 — atributos territoriais CD_BAIRRO/NM_BAIRRO e correlatos,Bairro IBGE 2022,5108402066
510840205000017,5108402,Várzea Grande,São Simão,IBGE Malha de Setores Censitários 2022 — atributos territoriais CD_BAIRRO/NM_BAIRRO e correlatos,Bairro IBGE 2022,5108402067
510840205000018,5108402,Várzea Grande,Canelas,IBGE Malha de Setores Censitários 2022 — atributos territoriais CD_BAIRRO/NM_BAIRRO e correlatos,Bairro IBGE 2022,5108402066
510840205000019,5108402,Várzea Grande,Canelas,IBGE Malha de Setores Censitários 2022 — atributos territoriais CD_BAIRRO/NM_BAIRRO e correlatos,Bairro IBGE 2022,5108402066
510840205000021,5108402,Várzea Grande,Canelas,IBGE Malha de Setores Censitários 2022 — atributos territoriais CD_BAIRRO/NM_BAIRRO e correlatos,Bairro IBGE 2022,5108402066
510840205000022,5108402,Várzea Grande,Marajoara,IBGE Malha de Setores Censitários 2022 — atributos territoriais CD_BAIRRO/NM_BAIRRO e correlatos,Bairro IBGE 2022,5108402065
510840205000023,5108402,Várzea Grande,Marajoara,IBGE Malha de Setores Censitários 2022 — atributos territoriais CD_BAIRRO/NM_BAIRRO e correlatos,Bairro IBGE 2022,5108402065
510840205000024,5108402,Várzea Grande,Marajoara,IBGE Malha de Setores Censitários 2022 — atributos territoriais CD_BAIRRO/NM_BAIRRO e correlatos,Bairro IBGE 2022,5108402065
510840205000025,5108402,Várzea Grande,Marajoara,IBGE Malha de Setores Censitários 2022 — atributos territoriais CD_BAIRRO/NM_BAIRRO e correlatos,Bairro IBGE 2022,5108402065
510840205000026,5108402,Várzea Grande,Marajoara,IBGE Malha de Setores Censitários 2022 — atributos territoriais CD_BAIRRO/NM_BAIRRO e correlatos,Bairro IBGE 2022,5108402065
510840205000027,5108402,Várzea Grande,Marajoara,IBGE Malha de Setores Censitários 2022 — atributos territoriais CD_BAIRRO/NM_BAIRRO e correlatos,Bairro IBGE 2022,5108402065
510840205000028,5108402,Várzea Grande,Marajoara,IBGE Malha de Setores Censitários 2022 — atributos territoriais CD_BAIRRO/NM_BAIRRO e correlatos,Bairro IBGE 2022,5108402065
510840205000029,5108402,Várzea Grande,Marajoara,IBGE Malha de Setores Censitários 2022 — atributos territoriais CD_BAIRRO/NM_BAIRRO e correlatos,Bairro IBGE 2022,5108402065
510840205000030,5108402,Várzea Grande,Marajoara,IBGE Malha de Setores Censitários 2022 — atributos territoriais CD_BAIRRO/NM_BAIRRO e correlatos,Bairro IBGE 2022,5108402065
510840205000031,5108402,Várzea Grande,Marajoara,IBGE Malha de Setores Censitários 2022 — atributos territoriais CD_BAIRRO/NM_BAIRRO e correlatos,Bairro IBGE 2022,5108402065
510840205000032,5108402,Várzea Grande,Marajoara,IBGE Malha de Setores Censitários 2022 — atributos territoriais CD_BAIRRO/NM_BAIRRO e correlatos,Bairro IBGE 2022,5108402065
510840205000033,5108402,Várzea Grande,Marajoara,IBGE Malha de Setores Censitários 2022 — atributos territoriais CD_BAIRRO/NM_BAIRRO e correlatos,Bairro IBGE 2022,5108402065
510840205000034,5108402,Várzea Grande,Marajoara,IBGE Malha de Setores Censitários 2022 — atributos territoriais CD_BAIRRO/NM_BAIRRO e correlatos,Bairro IBGE 2022,5108402065
510840205000036,5108402,Várzea Grande,Santa Izabel,IBGE Malha de Setores Censitários 2022 — atributos territoriais CD_BAIRRO/NM_BAIRRO e correlatos,Bairro IBGE 2022,5108402068
510840205000037,5108402,Várzea Grande,Glória,IBGE Malha de Setores Censitários 2022 — atributos territoriais CD_BAIRRO/NM_BAIRRO e correlatos,Bairro IBGE 2022,5108402048
510840205000038,5108402,Várzea Grande,Glória,IBGE Malha de Setores Censitários 2022 — atributos territoriais CD_BAIRRO/NM_BAIRRO e correlatos,Bairro IBGE 2022,5108402048
510840205000039,5108402,Várzea Grande,Glória,IBGE Malha de Setores Censitários 2022 — atributos territoriais CD_BAIRRO/NM_BAIRRO e correlatos,Bairro IBGE 2022,5108402048
510840205000040,5108402,Várzea Grande,Glória,IBGE Malha de Setores Censitários 2022 — atributos territoriais CD_BAIRRO/NM_BAIRRO e correlatos,Bairro IBGE 2022,5108402048
510840205000041,5108402,Várzea Grande,Mapim,IBGE Malha de Setores Censitários 2022 — atributos territoriais CD_BAIRRO/NM_BAIRRO e correlatos,Bairro IBGE 2022,5108402049
510840205000042,5108402,Várzea Grande,Mapim,IBGE Malha de Setores Censitários 2022 — atributos territoriais CD_BAIRRO/NM_BAIRRO e correlatos,Bairro IBGE 2022,5108402049
510840205000043,5108402,Várzea Grande,Mapim,IBGE Malha de Setores Censitários 2022 — atributos territoriais CD_BAIRRO/NM_BAIRRO e correlatos,Bairro IBGE 2022,5108402049
510840205000044,5108402,Várzea Grande,Mapim,IBGE Malha de Setores Censitários 2022 — atributos territoriais CD_BAIRRO/NM_BAIRRO e correlatos,Bairro IBGE 2022,5108402049
510840205000045,5108402,Várzea Grande,Mapim,IBGE Malha de Setores Censitários 2022 — atributos territoriais CD_BAIRRO/NM_BAIRRO e correlatos,Bairro IBGE 2022,5108402049
510840205000046,5108402,Várzea Grande,Mapim,IBGE Malha de Setores Censitários 2022 — atributos territoriais CD_BAIRRO/NM_BAIRRO e correlatos,Bairro IBGE 2022,5108402049
510840205000047,5108402,Várzea Grande,Mapim,IBGE Malha de Setores Censitários 2022 — atributos territoriais CD_BAIRRO/NM_BAIRRO e correlatos,Bairro IBGE 2022,5108402049
510840205000048,5108402,Várzea Grande,Mapim,IBGE Malha de Setores Censitários 2022 — atributos territoriais CD_BAIRRO/NM_BAIRRO e correlatos,Bairro IBGE 2022,5108402049
510840205000049,5108402,Várzea Grande,Mapim,IBGE Malha de Setores Censitários 2022 — atributos territoriais CD_BAIRRO/NM_BAIRRO e correlatos,Bairro IBGE 2022,5108402049
510840205000050,5108402,Várzea Grande,Mapim,IBGE Malha de Setores Censitários 2022 — atributos territoriais CD_BAIRRO/NM_BAIRRO e correlatos,Bairro IBGE 2022,5108402049
510840205000051,5108402,Várzea Grande,Mapim,IBGE Malha de Setores Censitários 2022 — atributos territoriais CD_BAIRRO/NM_BAIRRO e correlatos,Bairro IBGE 2022,5108402049
510840205000052,5108402,Várzea Grande,Mapim,IBGE Malha de Setores Censitários 2022 — atributos territoriais CD_BAIRRO/NM_BAIRRO e correlatos,Bairro IBGE 2022,5108402049
510840205000053,5108402,Várzea Grande,Mapim,IBGE Malha de Setores Censitários 2022 — atributos territoriais CD_BAIRRO/NM_BAIRRO e correlatos,Bairro IBGE 2022,5108402049
510840205000054,5108402,Várzea Grande,Glória,IBGE Malha de Setores Censitários 2022 — atributos territoriais CD_BAIRRO/NM_BAIRRO e correlatos,Bairro IBGE 2022,5108402048
510840205000055,5108402,Várzea Grande,Glória,IBGE Malha de Setores Censitários 2022 — atributos territoriais CD_BAIRRO/NM_BAIRRO e correlatos,Bairro IBGE 2022,5108402048
510840205000056,5108402,Várzea Grande,Glória,IBGE Malha de Setores Censitários 2022 — atributos territoriais CD_BAIRRO/NM_BAIRRO e correlatos,Bairro IBGE 2022,5108402048
510840205000057,5108402,Várzea Grande,Glória,IBGE Malha de Setores Censitários 2022 — atributos territoriais CD_BAIRRO/NM_BAIRRO e correlatos,Bairro IBGE 2022,5108402048
510840205000058,5108402,Várzea Grande,Glória,IBGE Malha de Setores Censitários 2022 — atributos territoriais CD_BAIRRO/NM_BAIRRO e correlatos,Bairro IBGE 2022,5108402048
510840205000059,5108402,Várzea Grande,Glória,IBGE Malha de Setores Censitários 2022 — atributos territoriais CD_BAIRRO/NM_BAIRRO e correlatos,Bairro IBGE 2022,5108402048
510840205000060,5108402,Várzea Grande,Glória,IBGE Malha de Setores Censitários 2022 — atributos territoriais CD_BAIRRO/NM_BAIRRO e correlatos,Bairro IBGE 2022,5108402048
510840205000061,5108402,Várzea Grande,Glória,IBGE Malha de Setores Censitários 2022 — atributos territoriais CD_BAIRRO/NM_BAIRRO e correlatos,Bairro IBGE 2022,5108402048
510840205000062,5108402,Várzea Grande,Glória,IBGE Malha de Setores Censitários 2022 — atributos territoriais CD_BAIRRO/NM_BAIRRO e correlatos,Bairro IBGE 2022,5108402048
510840205000063,5108402,Várzea Grande,Glória,IBGE Malha de Setores Censitários 2022 — atributos territoriais CD_BAIRRO/NM_BAIRRO e correlatos,Bairro IBGE 2022,5108402048
510840205000064,5108402,Várzea Grande,Glória,IBGE Malha de Setores Censitários 2022 — atributos territoriais CD_BAIRRO/NM_BAIRRO e correlatos,Bairro IBGE 2022,5108402048
510840205000065,5108402,Várzea Grande,Glória,IBGE Malha de Setores Censitários 2022 — atributos territoriais CD_BAIRRO/NM_BAIRRO e correlatos,Bairro IBGE 2022,5108402048
510840205000066,5108402,Várzea Grande,Glória,IBGE Malha de Setores Censitários 2022 — atributos territoriais CD_BAIRRO/NM_BAIRRO e correlatos,Bairro IBGE 2022,5108402048
510840205000067,5108402,Várzea Grande,Glória,IBGE Malha de Setores Censitários 2022 — atributos territoriais CD_BAIRRO/NM_BAIRRO e correlatos,Bairro IBGE 2022,5108402048
510840205000068,5108402,Várzea Grande,Glória,IBGE Malha de Setores Censitários 2022 — atributos territoriais CD_BAIRRO/NM_BAIRRO e correlatos,Bairro IBGE 2022,5108402048
510840205000070,5108402,Várzea Grande,Centro Norte,IBGE Malha de Setores Censitários 2022 — atributos territoriais CD_BAIRRO/NM_BAIRRO e correlatos,Bairro IBGE 2022,5108402060
510840205000071,5108402,Várzea Grande,Centro Norte,IBGE Malha de Setores Censitários 2022 — atributos territoriais CD_BAIRRO/NM_BAIRRO e correlatos,Bairro IBGE 2022,5108402060
510840205000072,5108402,Várzea Grande,Centro Norte,IBGE Malha de Setores Censitários 2022 — atributos territoriais CD_BAIRRO/NM_BAIRRO e correlatos,Bairro IBGE 2022,5108402060
510840205000073,5108402,Várzea Grande,Centro Norte,IBGE Malha de Setores Censitários 2022 — atributos territoriais CD_BAIRRO/NM_BAIRRO e correlatos,Bairro IBGE 2022,5108402060
510840205000074,5108402,Várzea Grande,Centro Norte,IBGE Malha de Setores Censitários 2022 — atributos territoriais CD_BAIRRO/NM_BAIRRO e correlatos,Bairro IBGE 2022,5108402060
510840205000075,5108402,Várzea Grande,Centro Sul,IBGE Malha de Setores Censitários 2022 — atributos territoriais CD_BAIRRO/NM_BAIRRO e correlatos,Bairro IBGE 2022,5108402061
510840205000076,5108402,Várzea Grande,Centro Sul,IBGE Malha de Setores Censitários 2022 — atributos territoriais CD_BAIRRO/NM_BAIRRO e correlatos,Bairro IBGE 2022,5108402061
510840205000077,5108402,Várzea Grande,Centro Norte,IBGE Malha de Setores Censitários 2022 — atributos territoriais CD_BAIRRO/NM_BAIRRO e correlatos,Bairro IBGE 2022,5108402060
510840205000078,5108402,Várzea Grande,Centro Norte,IBGE Malha de Setores Censitários 2022 — atributos territoriais CD_BAIRRO/NM_BAIRRO e correlatos,Bairro IBGE 2022,5108402060
510840205000079,5108402,Várzea Grande,Centro Sul,IBGE Malha de Setores Censitários 2022 — atributos territoriais CD_BAIRRO/NM_BAIRRO e correlatos,Bairro IBGE 2022,5108402061
510840205000080,5108402,Várzea Grande,Centro Sul,IBGE Malha de Setores Censitários 2022 — atributos territoriais CD_BAIRRO/NM_BAIRRO e correlatos,Bairro IBGE 2022,5108402061
510840205000081,5108402,Várzea Grande,Centro Sul,IBGE Malha de Setores Censitários 2022 — atributos territoriais CD_BAIRRO/NM_BAIRRO e correlatos,Bairro IBGE 2022,5108402061
510840205000082,5108402,Várzea Grande,Centro Sul,IBGE Malha de Setores Censitários 2022 — atributos territoriais CD_BAIRRO/NM_BAIRRO e correlatos,Bairro IBGE 2022,5108402061
510840205000083,5108402,Várzea Grande,Centro Sul,IBGE Malha de Setores Censitários 2022 — atributos territoriais CD_BAIRRO/NM_BAIRRO e correlatos,Bairro IBGE 2022,5108402061
510840205000084,5108402,Várzea Grande,Centro Sul,IBGE Malha de Setores Censitários 2022 — atributos territoriais CD_BAIRRO/NM_BAIRRO e correlatos,Bairro IBGE 2022,5108402061
510840205000085,5108402,Várzea Grande,Centro Sul,IBGE Malha de Setores Censitários 2022 — atributos territoriais CD_BAIRRO/NM_BAIRRO e correlatos,Bairro IBGE 2022,5108402061
510840205000086,5108402,Várzea Grande,Centro Sul,IBGE Malha de Setores Censitários 2022 — atributos territoriais CD_BAIRRO/NM_BAIRRO e correlatos,Bairro IBGE 2022,5108402061
510840205000087,5108402,Várzea Grande,Centro Sul,IBGE Malha de Setores Censitários 2022 — atributos territoriais CD_BAIRRO/NM_BAIRRO e correlatos,Bairro IBGE 2022,5108402061
510840205000088,5108402,Várzea Grande,Centro Sul,IBGE Malha de Setores Censitários 2022 — atributos territoriais CD_BAIRRO/NM_BAIRRO e correlatos,Bairro IBGE 2022,5108402061
510840205000089,5108402,Várzea Grande,Centro Sul,IBGE Malha de Setores Censitários 2022 — atributos territoriais CD_BAIRRO/NM_BAIRRO e correlatos,Bairro IBGE 2022,5108402061
510840205000090,5108402,Várzea Grande,Centro Sul,IBGE Malha de Setores Censitários 2022 — atributos territoriais CD_BAIRRO/NM_BAIRRO e correlatos,Bairro IBGE 2022,5108402061
510840205000091,5108402,Várzea Grande,Centro Sul,IBGE Malha de Setores Censitários 2022 — atributos territoriais CD_BAIRRO/NM_BAIRRO e correlatos,Bairro IBGE 2022,5108402061
510840205000092,5108402,Várzea Grande,Centro Sul,IBGE Malha de Setores Censitários 2022 — atributos territoriais CD_BAIRRO/NM_BAIRRO e correlatos,Bairro IBGE 2022,5108402061
510840205000093,5108402,Várzea Grande,Parque do Lago,IBGE Malha de Setores Censitários 2022 — atributos territoriais CD_BAIRRO/NM_BAIRRO e correlatos,Bairro IBGE 2022,5108402064
510840205000094,5108402,Várzea Grande,Costa Verde,IBGE Malha de Setores Censitários 2022 — atributos territoriais CD_BAIRRO/NM_BAIRRO e correlatos,Bairro IBGE 2022,5108402056
510840205000096,5108402,Várzea Grande,Costa Verde,IBGE Malha de Setores Censitários 2022 — atributos territoriais CD_BAIRRO/NM_BAIRRO e correlatos,Bairro IBGE 2022,5108402056
510840205000099,5108402,Várzea Grande,Vitória Régia,IBGE Malha de Setores Censitários 2022 — atributos territoriais CD_BAIRRO/NM_BAIRRO e correlatos,Bairro IBGE 2022,5108402057
510840205000100,5108402,Várzea Grande,Vitória Régia,IBGE Malha de Setores Censitários 2022 — atributos territoriais CD_BAIRRO/NM_BAIRRO e correlatos,Bairro IBGE 2022,5108402057
510840205000101,5108402,Várzea Grande,Primavera,IBGE Malha de Setores Censitários 2022 — atributos territoriais CD_BAIRRO/NM_BAIRRO e correlatos,Bairro IBGE 2022,5108402054
510840205000103,5108402,Várzea Grande,Capão do Pequi,IBGE Malha de Setores Censitários 2022 — atributos territoriais CD_BAIRRO/NM_BAIRRO e correlatos,Bairro IBGE 2022,5108402058
510840205000104,5108402,Várzea Grande,Capão do Pequi,IBGE Malha de Setores Censitários 2022 — atributos territoriais CD_BAIRRO/NM_BAIRRO e correlatos,Bairro IBGE 2022,5108402058
510840205000105,5108402,Várzea Grande,Capão do Pequi,IBGE Malha de Setores Censitários 2022 — atributos territoriais CD_BAIRRO/NM_BAIRRO e correlatos,Bairro IBGE 2022,5108402058
510840205000106,5108402,Várzea Grande,Capão do Pequi,IBGE Malha de Setores Censitários 2022 — atributos territoriais CD_BAIRRO/NM_BAIRRO e correlatos,Bairro IBGE 2022,5108402058
510840205000107,5108402,Várzea Grande,Capão do Pequi,IBGE Malha de Setores Censitários 2022 — atributos territoriais CD_BAIRRO/NM_BAIRRO e correlatos,Bairro IBGE 2022,5108402058
510840205000109,5108402,Várzea Grande,Capão do Pequi,IBGE Malha de Setores Censitários 2022 — atributos territoriais CD_BAIRRO/NM_BAIRRO e correlatos,Bairro IBGE 2022,5108402058
510840205000111,5108402,Várzea Grande,Capão do Pequi,IBGE Malha de Setores Censitários 2022 — atributos territoriais CD_BAIRRO/NM_BAIRRO e correlatos,Bairro IBGE 2022,5108402058
510840205000112,5108402,Várzea Grande,Capão do Pequi,IBGE Malha de Setores Censitários 2022 — atributos territoriais CD_BAIRRO/NM_BAIRRO e correlatos,Bairro IBGE 2022,5108402058
510840205000113,5108402,Várzea Grande,São Simão,IBGE Malha de Setores Censitários 2022 — atributos territoriais CD_BAIRRO/NM_BAIRRO e correlatos,Bairro IBGE 2022,5108402067
510840205000115,5108402,Várzea Grande,Santa Izabel,IBGE Malha de Setores Censitários 2022 — atributos territoriais CD_BAIRRO/NM_BAIRRO e correlatos,Bairro IBGE 2022,5108402068
510840205000116,5108402,Várzea Grande,Santa Izabel,IBGE Malha de Setores Censitários 2022 — atributos territoriais CD_BAIRRO/NM_BAIRRO e correlatos,Bairro IBGE 2022,5108402068
510840205000117,5108402,Várzea Grande,São Matheus,IBGE Malha de Setores Censitários 2022 — atributos territoriais CD_BAIRRO/NM_BAIRRO e correlatos,Bairro IBGE 2022,5108402053
510840205000118,5108402,Várzea Grande,São Matheus,IBGE Malha de Setores Censitários 2022 — atributos territoriais CD_BAIRRO/NM_BAIRRO e correlatos,Bairro IBGE 2022,5108402053
510840205000119,5108402,Várzea Grande,São Matheus,IBGE Malha de Setores Censitários 2022 — atributos territoriais CD_BAIRRO/NM_BAIRRO e correlatos,Bairro IBGE 2022,5108402053
510840205000120,5108402,Várzea Grande,São Matheus,IBGE Malha de Setores Censitários 2022 — atributos territoriais CD_BAIRRO/NM_BAIRRO e correlatos,Bairro IBGE 2022,5108402053
510840205000121,5108402,Várzea Grande,São Matheus,IBGE Malha de Setores Censitários 2022 — atributos territoriais CD_BAIRRO/NM_BAIRRO e correlatos,Bairro IBGE 2022,5108402053
510840205000122,5108402,Várzea Grande,São Matheus,IBGE Malha de Setores Censitários 2022 — atributos territoriais CD_BAIRRO/NM_BAIRRO e correlatos,Bairro IBGE 2022,5108402053
510840205000124,5108402,Várzea Grande,Novo Mundo,IBGE Malha de Setores Censitários 2022 — atributos territoriais CD_BAIRRO/NM_BAIRRO e correlatos,Bairro IBGE 2022,5108402051
510840205000127,5108402,Várzea Grande,Jardim dos Estados,IBGE Malha de Setores Censitários 2022 — atributos territoriais CD_BAIRRO/NM_BAIRRO e correlatos,Bairro IBGE 2022,5108402050
510840205000128,5108402,Várzea Grande,Jardim dos Estados,IBGE Malha de Setores Censitários 2022 — atributos territoriais CD_BAIRRO/NM_BAIRRO e correlatos,Bairro IBGE 2022,5108402050
510840205000129,5108402,Várzea Grande,Jardim dos Estados,IBGE Malha de Setores Censitários 2022 — atributos territoriais CD_BAIRRO/NM_BAIRRO e correlatos,Bairro IBGE 2022,5108402050
510840205000130,5108402,Várzea Grande,Jardim dos Estados,IBGE Malha de Setores Censitários 2022 — atributos territoriais CD_BAIRRO/NM_BAIRRO e correlatos,Bairro IBGE 2022,5108402050
510840205000131,5108402,Várzea Grande,Jardim dos Estados,IBGE Malha de Setores Censitários 2022 — atributos territoriais CD_BAIRRO/NM_BAIRRO e correlatos,Bairro IBGE 2022,5108402050
510840205000132,5108402,Várzea Grande,Jardim dos Estados,IBGE Malha de Setores Censitários 2022 — atributos territoriais CD_BAIRRO/NM_BAIRRO e correlatos,Bairro IBGE 2022,5108402050
510840205000133,5108402,Várzea Grande,Jardim dos Estados,IBGE Malha de Setores Censitários 2022 — atributos territoriais CD_BAIRRO/NM_BAIRRO e correlatos,Bairro IBGE 2022,5108402050
510840205000136,5108402,Várzea Grande,Petrópolis,IBGE Malha de Setores Censitários 2022 — atributos territoriais CD_BAIRRO/NM_BAIRRO e correlatos,Bairro IBGE 2022,5108402052
510840205000137,5108402,Várzea Grande,Petrópolis,IBGE Malha de Setores Censitários 2022 — atributos territoriais CD_BAIRRO/NM_BAIRRO e correlatos,Bairro IBGE 2022,5108402052
510840205000138,5108402,Várzea Grande,Petrópolis,IBGE Malha de Setores Censitários 2022 — atributos territoriais CD_BAIRRO/NM_BAIRRO e correlatos,Bairro IBGE 2022,5108402052
510840205000139,5108402,Várzea Grande,Petrópolis,IBGE Malha de Setores Censitários 2022 — atributos territoriais CD_BAIRRO/NM_BAIRRO e correlatos,Bairro IBGE 2022,5108402052
510840205000141,5108402,Várzea Grande,23 de Setembro,IBGE Malha de Setores Censitários 2022 — atributos territoriais CD_BAIRRO/NM_BAIRRO e correlatos,Bairro IBGE 2022,5108402047
510840205000142,5108402,Várzea Grande,23 de Setembro,IBGE Malha de Setores Censitários 2022 — atributos territoriais CD_BAIRRO/NM_BAIRRO e correlatos,Bairro IBGE 2022,5108402047
510840205000143,5108402,Várzea Grande,23 de Setembro,IBGE Malha de Setores Censitários 2022 — atributos territoriais CD_BAIRRO/NM_BAIRRO e correlatos,Bairro IBGE 2022,5108402047
510840205000144,5108402,Várzea Grande,Ponte Nova,IBGE Malha de Setores Censitários 2022 — atributos territoriais CD_BAIRRO/NM_BAIRRO e correlatos,Bairro IBGE 2022,5108402038
510840205000145,5108402,Várzea Grande,Centro Norte,IBGE Malha de Setores Censitários 2022 — atributos territoriais CD_BAIRRO/NM_BAIRRO e correlatos,Bairro IBGE 2022,5108402060
510840205000146,5108402,Várzea Grande,Parque do Lago,IBGE Malha de Setores Censitários 2022 — atributos territoriais CD_BAIRRO/NM_BAIRRO e correlatos,Bairro IBGE 2022,5108402064
510840205000147,5108402,Várzea Grande,Parque do Lago,IBGE Malha de Setores Censitários 2022 — atributos territoriais CD_BAIRRO/NM_BAIRRO e correlatos,Bairro IBGE 2022,5108402064
510840205000148,5108402,Várzea Grande,Parque do Lago,IBGE Malha de Setores Censitários 2022 — atributos territoriais CD_BAIRRO/NM_BAIRRO e correlatos,Bairro IBGE 2022,5108402064
510840205000149,5108402,Várzea Grande,Parque do Lago,IBGE Malha de Setores Censitários 2022 — atributos territoriais CD_BAIRRO/NM_BAIRRO e correlatos,Bairro IBGE 2022,5108402064
510840205000150,5108402,Várzea Grande,Parque do Lago,IBGE Malha de Setores Censitários 2022 — atributos territoriais CD_BAIRRO/NM_BAIRRO e correlatos,Bairro IBGE 2022,5108402064
510840205000151,5108402,Várzea Grande,Parque do Lago,IBGE Malha de Setores Censitários 2022 — atributos territoriais CD_BAIRRO/NM_BAIRRO e correlatos,Bairro IBGE 2022,5108402064
510840205000152,5108402,Várzea Grande,Canelas,IBGE Malha de Setores Censitários 2022 — atributos territoriais CD_BAIRRO/NM_BAIRRO e correlatos,Bairro IBGE 2022,5108402066
510840205000153,5108402,Várzea Grande,Centro Sul,IBGE Malha de Setores Censitários 2022 — atributos territoriais CD_BAIRRO/NM_BAIRRO e correlatos,Bairro IBGE 2022,5108402061
510840205000154,5108402,Várzea Grande,Canelas,IBGE Malha de Setores Censitários 2022 — atributos territoriais CD_BAIRRO/NM_BAIRRO e correlatos,Bairro IBGE 2022,5108402066
510840205000155,5108402,Várzea Grande,Ikaray,IBGE Malha de Setores Censitários 2022 — atributos territoriais CD_BAIRRO/NM_BAIRRO e correlatos,Bairro IBGE 2022,5108402055
510840205000156,5108402,Várzea Grande,Ikaray,IBGE Malha de Setores Censitários 2022 — atributos territoriais CD_BAIRRO/NM_BAIRRO e correlatos,Bairro IBGE 2022,5108402055
510840205000157,5108402,Várzea Grande,Primavera,IBGE Malha de Setores Censitários 2022 — atributos territoriais CD_BAIRRO/NM_BAIRRO e correlatos,Bairro IBGE 2022,5108402054
510840205000158,5108402,Várzea Grande,São Simão,IBGE Malha de Setores Censitários 2022 — atributos territoriais CD_BAIRRO/NM_BAIRRO e correlatos,Bairro IBGE 2022,5108402067
510840205000159,5108402,Várzea Grande,São Simão,IBGE Malha de Setores Censitários 2022 — atributos territoriais CD_BAIRRO/NM_BAIRRO e correlatos,Bairro IBGE 2022,5108402067
510840205000160,5108402,Várzea Grande,Canelas,IBGE Malha de Setores Censitários 2022 — atributos territoriais CD_BAIRRO/NM_BAIRRO e correlatos,Bairro IBGE 2022,5108402066
510840205000161,5108402,Várzea Grande,Canelas,IBGE Malha de Setores Censitários 2022 — atributos territoriais CD_BAIRRO/NM_BAIRRO e correlatos,Bairro IBGE 2022,5108402066
510840205000162,5108402,Várzea Grande,Marajoara,IBGE Malha de Setores Censitários 2022 — atributos territoriais CD_BAIRRO/NM_BAIRRO e correlatos,Bairro IBGE 2022,5108402065
510840205000164,5108402,Várzea Grande,Marajoara,IBGE Malha de Setores Censitários 2022 — atributos territoriais CD_BAIRRO/NM_BAIRRO e correlatos,Bairro IBGE 2022,5108402065
510840205000165,5108402,Várzea Grande,Marajoara,IBGE Malha de Setores Censitários 2022 — atributos territoriais CD_BAIRRO/NM_BAIRRO e correlatos,Bairro IBGE 2022,5108402065
510840205000166,5108402,Várzea Grande,Glória,IBGE Malha de Setores Censitários 2022 — atributos territoriais CD_BAIRRO/NM_BAIRRO e correlatos,Bairro IBGE 2022,5108402048
510840205000167,5108402,Várzea Grande,Glória,IBGE Malha de Setores Censitários 2022 — atributos territoriais CD_BAIRRO/NM_BAIRRO e correlatos,Bairro IBGE 2022,5108402048
510840205000168,5108402,Várzea Grande,Mapim,IBGE Malha de Setores Censitários 2022 — atributos territoriais CD_BAIRRO/NM_BAIRRO e correlatos,Bairro IBGE 2022,5108402049
510840205000169,5108402,Várzea Grande,Mapim,IBGE Malha de Setores Censitários 2022 — atributos territoriais CD_BAIRRO/NM_BAIRRO e correlatos,Bairro IBGE 2022,5108402049
510840205000170,5108402,Várzea Grande,Mapim,IBGE Malha de Setores Censitários 2022 — atributos territoriais CD_BAIRRO/NM_BAIRRO e correlatos,Bairro IBGE 2022,5108402049
510840205000171,5108402,Várzea Grande,Glória,IBGE Malha de Setores Censitários 2022 — atributos territoriais CD_BAIRRO/NM_BAIRRO e correlatos,Bairro IBGE 2022,5108402048
510840205000172,5108402,Várzea Grande,Glória,IBGE Malha de Setores Censitários 2022 — atributos territoriais CD_BAIRRO/NM_BAIRRO e correlatos,Bairro IBGE 2022,5108402048
510840205000173,5108402,Várzea Grande,Glória,IBGE Malha de Setores Censitários 2022 — atributos territoriais CD_BAIRRO/NM_BAIRRO e correlatos,Bairro IBGE 2022,5108402048
510840205000174,5108402,Várzea Grande,Glória,IBGE Malha de Setores Censitários 2022 — atributos territoriais CD_BAIRRO/NM_BAIRRO e correlatos,Bairro IBGE 2022,5108402048
510840205000175,5108402,Várzea Grande,Centro Norte,IBGE Malha de Setores Censitários 2022 — atributos territoriais CD_BAIRRO/NM_BAIRRO e correlatos,Bairro IBGE 2022,5108402060
510840205000176,5108402,Várzea Grande,Centro Sul,IBGE Malha de Setores Censitários 2022 — atributos territoriais CD_BAIRRO/NM_BAIRRO e correlatos,Bairro IBGE 2022,5108402061
510840205000177,5108402,Várzea Grande,Centro Norte,IBGE Malha de Setores Censitários 2022 — atributos territoriais CD_BAIRRO/NM_BAIRRO e correlatos,Bairro IBGE 2022,5108402060
510840205000178,5108402,Várzea Grande,Centro Sul,IBGE Malha de Setores Censitários 2022 — atributos territoriais CD_BAIRRO/NM_BAIRRO e correlatos,Bairro IBGE 2022,5108402061
510840205000179,5108402,Várzea Grande,Centro Sul,IBGE Malha de Setores Censitários 2022 — atributos territoriais CD_BAIRRO/NM_BAIRRO e correlatos,Bairro IBGE 2022,5108402061
510840205000180,5108402,Várzea Grande,Centro Sul,IBGE Malha de Setores Censitários 2022 — atributos territoriais CD_BAIRRO/NM_BAIRRO e correlatos,Bairro IBGE 2022,5108402061
510840205000181,5108402,Várzea Grande,Centro Sul,IBGE Malha de Setores Censitários 2022 — atributos territoriais CD_BAIRRO/NM_BAIRRO e correlatos,Bairro IBGE 2022,5108402061
510840205000182,5108402,Várzea Grande,Vitória Régia,IBGE Malha de Setores Censitários 2022 — atributos territoriais CD_BAIRRO/NM_BAIRRO e correlatos,Bairro IBGE 2022,5108402057
510840205000183,5108402,Várzea Grande,Vitória Régia,IBGE Malha de Setores Censitários 2022 — atributos territoriais CD_BAIRRO/NM_BAIRRO e correlatos,Bairro IBGE 2022,5108402057
510840205000184,5108402,Várzea Grande,Primavera,IBGE Malha de Setores Censitários 2022 — atributos territoriais CD_BAIRRO/NM_BAIRRO e correlatos,Bairro IBGE 2022,5108402054
510840205000185,5108402,Várzea Grande,Capão do Pequi,IBGE Malha de Setores Censitários 2022 — atributos territoriais CD_BAIRRO/NM_BAIRRO e correlatos,Bairro IBGE 2022,5108402058
510840205000186,5108402,Várzea Grande,Santa Izabel,IBGE Malha de Setores Censitários 2022 — atributos territoriais CD_BAIRRO/NM_BAIRRO e correlatos,Bairro IBGE 2022,5108402068
510840205000187,5108402,Várzea Grande,Santa Izabel,IBGE Malha de Setores Censitários 2022 — atributos territoriais CD_BAIRRO/NM_BAIRRO e correlatos,Bairro IBGE 2022,5108402068
510840205000188,5108402,Várzea Grande,Santa Izabel,IBGE Malha de Setores Censitários 2022 — atributos territoriais CD_BAIRRO/NM_BAIRRO e correlatos,Bairro IBGE 2022,5108402068
510840205000189,5108402,Várzea Grande,Santa Izabel,IBGE Malha de Setores Censitários 2022 — atributos territoriais CD_BAIRRO/NM_BAIRRO e correlatos,Bairro IBGE 2022,5108402068
510840205000190,5108402,Várzea Grande,Santa Izabel,IBGE Malha de Setores Censitários 2022 — atributos territoriais CD_BAIRRO/NM_BAIRRO e correlatos,Bairro IBGE 2022,5108402068
510840205000191,5108402,Várzea Grande,São Matheus,IBGE Malha de Setores Censitários 2022 — atributos territoriais CD_BAIRRO/NM_BAIRRO e correlatos,Bairro IBGE 2022,5108402053
510840205000192,5108402,Várzea Grande,São Matheus,IBGE Malha de Setores Censitários 2022 — atributos territoriais CD_BAIRRO/NM_BAIRRO e correlatos,Bairro IBGE 2022,5108402053
510840205000193,5108402,Várzea Grande,Jardim dos Estados,IBGE Malha de Setores Censitários 2022 — atributos territoriais CD_BAIRRO/NM_BAIRRO e correlatos,Bairro IBGE 2022,5108402050
510840205000194,5108402,Várzea Grande,Jardim dos Estados,IBGE Malha de Setores Censitários 2022 — atributos territoriais CD_BAIRRO/NM_BAIRRO e correlatos,Bairro IBGE 2022,5108402050
510840205000195,5108402,Várzea Grande,Jardim dos Estados,IBGE Malha de Setores Censitários 2022 — atributos territoriais CD_BAIRRO/NM_BAIRRO e correlatos,Bairro IBGE 2022,5108402050
510840205000196,5108402,Várzea Grande,Petrópolis,IBGE Malha de Setores Censitários 2022 — atributos territoriais CD_BAIRRO/NM_BAIRRO e correlatos,Bairro IBGE 2022,5108402052
510840205000197,5108402,Várzea Grande,Parque do Lago,IBGE Malha de Setores Censitários 2022 — atributos territoriais CD_BAIRRO/NM_BAIRRO e correlatos,Bairro IBGE 2022,5108402064
510840205000198,5108402,Várzea Grande,Parque do Lago,IBGE Malha de Setores Censitários 2022 — atributos territoriais CD_BAIRRO/NM_BAIRRO e correlatos,Bairro IBGE 2022,5108402064
510840205000200,5108402,Várzea Grande,Canelas,IBGE Malha de Setores Censitários 2022 — atributos territoriais CD_BAIRRO/NM_BAIRRO e correlatos,Bairro IBGE 2022,5108402066
510840205000201,5108402,Várzea Grande,Canelas,IBGE Malha de Setores Censitários 2022 — atributos territoriais CD_BAIRRO/NM_BAIRRO e correlatos,Bairro IBGE 2022,5108402066
510840205000202,5108402,Várzea Grande,Centro Sul,IBGE Malha de Setores Censitários 2022 — atributos territoriais CD_BAIRRO/NM_BAIRRO e correlatos,Bairro IBGE 2022,5108402061
510840205000203,5108402,Várzea Grande,Centro Sul,IBGE Malha de Setores Censitários 2022 — atributos territoriais CD_BAIRRO/NM_BAIRRO e correlatos,Bairro IBGE 2022,5108402061
510840205000204,5108402,Várzea Grande,Ikaray,IBGE Malha de Setores Censitários 2022 — atributos territoriais CD_BAIRRO/NM_BAIRRO e correlatos,Bairro IBGE 2022,5108402055
510840205000205,5108402,Várzea Grande,Centro Sul,IBGE Malha de Setores Censitários 2022 — atributos territoriais CD_BAIRRO/NM_BAIRRO e correlatos,Bairro IBGE 2022,5108402061
510840205000206,5108402,Várzea Grande,Ikaray,IBGE Malha de Setores Censitários 2022 — atributos territoriais CD_BAIRRO/NM_BAIRRO e correlatos,Bairro IBGE 2022,5108402055
510840205000207,5108402,Várzea Grande,Canelas,IBGE Malha de Setores Censitários 2022 — atributos territoriais CD_BAIRRO/NM_BAIRRO e correlatos,Bairro IBGE 2022,5108402066
510840205000208,5108402,Várzea Grande,São Simão,IBGE Malha de Setores Censitários 2022 — atributos territoriais CD_BAIRRO/NM_BAIRRO e correlatos,Bairro IBGE 2022,5108402067
510840205000209,5108402,Várzea Grande,Canelas,IBGE Malha de Setores Censitários 2022 — atributos territoriais CD_BAIRRO/NM_BAIRRO e correlatos,Bairro IBGE 2022,5108402066
510840205000210,5108402,Várzea Grande,Canelas,IBGE Malha de Setores Censitários 2022 — atributos territoriais CD_BAIRRO/NM_BAIRRO e correlatos,Bairro IBGE 2022,5108402066
510840205000211,5108402,Várzea Grande,Canelas,IBGE Malha de Setores Censitários 2022 — atributos territoriais CD_BAIRRO/NM_BAIRRO e correlatos,Bairro IBGE 2022,5108402066
510840205000212,5108402,Várzea Grande,Marajoara,IBGE Malha de Setores Censitários 2022 — atributos territoriais CD_BAIRRO/NM_BAIRRO e correlatos,Bairro IBGE 2022,5108402065
510840205000213,5108402,Várzea Grande,Marajoara,IBGE Malha de Setores Censitários 2022 — atributos territoriais CD_BAIRRO/NM_BAIRRO e correlatos,Bairro IBGE 2022,5108402065
510840205000214,5108402,Várzea Grande,Marajoara,IBGE Malha de Setores Censitários 2022 — atributos territoriais CD_BAIRRO/NM_BAIRRO e correlatos,Bairro IBGE 2022,5108402065
510840205000215,5108402,Várzea Grande,Marajoara,IBGE Malha de Setores Censitários 2022 — atributos territoriais CD_BAIRRO/NM_BAIRRO e correlatos,Bairro IBGE 2022,5108402065
510840205000216,5108402,Várzea Grande,Marajoara,IBGE Malha de Setores Censitários 2022 — atributos territoriais CD_BAIRRO/NM_BAIRRO e correlatos,Bairro IBGE 2022,5108402065
510840205000217,5108402,Várzea Grande,Santa Izabel,IBGE Malha de Setores Censitários 2022 — atributos territoriais CD_BAIRRO/NM_BAIRRO e correlatos,Bairro IBGE 2022,5108402068
510840205000218,5108402,Várzea Grande,Santa Izabel,IBGE Malha de Setores Censitários 2022 — atributos territoriais CD_BAIRRO/NM_BAIRRO e correlatos,Bairro IBGE 2022,5108402068
510840205000219,5108402,Várzea Grande,Santa Izabel,IBGE Malha de Setores Censitários 2022 — atributos territoriais CD_BAIRRO/NM_BAIRRO e correlatos,Bairro IBGE 2022,5108402068
510840205000220,5108402,Várzea Grande,Santa Izabel,IBGE Malha de Setores Censitários 2022 — atributos territoriais CD_BAIRRO/NM_BAIRRO e correlatos,Bairro IBGE 2022,5108402068
510840205000221,5108402,Várzea Grande,Santa Izabel,IBGE Malha de Setores Censitários 2022 — atributos territoriais CD_BAIRRO/NM_BAIRRO e correlatos,Bairro IBGE 2022,5108402068
510840205000222,5108402,Várzea Grande,Santa Izabel,IBGE Malha de Setores Censitários 2022 — atributos territoriais CD_BAIRRO/NM_BAIRRO e correlatos,Bairro IBGE 2022,5108402068
510840205000223,5108402,Várzea Grande,Santa Izabel,IBGE Malha de Setores Censitários 2022 — atributos territoriais CD_BAIRRO/NM_BAIRRO e correlatos,Bairro IBGE 2022,5108402068
510840205000224,5108402,Várzea Grande,Mapim,IBGE Malha de Setores Censitários 2022 — atributos territoriais CD_BAIRRO/NM_BAIRRO e correlatos,Bairro IBGE 2022,5108402049
510840205000225,5108402,Várzea Grande,Glória,IBGE Malha de Setores Censitários 2022 — atributos territoriais CD_BAIRRO/NM_BAIRRO e correlatos,Bairro IBGE 2022,5108402048
510840205000226,5108402,Várzea Grande,Centro Norte,IBGE Malha de Setores Censitários 2022 — atributos territoriais CD_BAIRRO/NM_BAIRRO e correlatos,Bairro IBGE 2022,5108402060
510840205000227,5108402,Várzea Grande,Centro Sul,IBGE Malha de Setores Censitários 2022 — atributos territoriais CD_BAIRRO/NM_BAIRRO e correlatos,Bairro IBGE 2022,5108402061
510840205000228,5108402,Várzea Grande,Centro Sul,IBGE Malha de Setores Censitários 2022 — atributos territoriais CD_BAIRRO/NM_BAIRRO e correlatos,Bairro IBGE 2022,5108402061
510840205000229,5108402,Várzea Grande,Centro Sul,IBGE Malha de Setores Censitários 2022 — atributos territoriais CD_BAIRRO/NM_BAIRRO e correlatos,Bairro IBGE 2022,5108402061
510840205000232,5108402,Várzea Grande,Costa Verde,IBGE Malha de Setores Censitários 2022 — atributos territoriais CD_BAIRRO/NM_BAIRRO e correlatos,Bairro IBGE 2022,5108402056
510840205000233,5108402,Várzea Grande,Costa Verde,IBGE Malha de Setores Censitários 2022 — atributos territoriais CD_BAIRRO/NM_BAIRRO e correlatos,Bairro IBGE 2022,5108402056
510840205000234,5108402,Várzea Grande,Costa Verde,IBGE Malha de Setores Censitários 2022 — atributos territoriais CD_BAIRRO/NM_BAIRRO e correlatos,Bairro IBGE 2022,5108402056
510840205000236,5108402,Várzea Grande,Paiaguás,IBGE Malha de Setores Censitários 2022 — atributos territoriais CD_BAIRRO/NM_BAIRRO e correlatos,Bairro IBGE 2022,5108402059
510840205000237,5108402,Várzea Grande,Santa Izabel,IBGE Malha de Setores Censitários 2022 — atributos territoriais CD_BAIRRO/NM_BAIRRO e correlatos,Bairro IBGE 2022,5108402068
510840205000238,5108402,Várzea Grande,São Matheus,IBGE Malha de Setores Censitários 2022 — atributos territoriais CD_BAIRRO/NM_BAIRRO e correlatos,Bairro IBGE 2022,5108402053
510840205000239,5108402,Várzea Grande,São Matheus,IBGE Malha de Setores Censitários 2022 — atributos territoriais CD_BAIRRO/NM_BAIRRO e correlatos,Bairro IBGE 2022,5108402053
510840205000240,5108402,Várzea Grande,São Matheus,IBGE Malha de Setores Censitários 2022 — atributos territoriais CD_BAIRRO/NM_BAIRRO e correlatos,Bairro IBGE 2022,5108402053
510840205000241,5108402,Várzea Grande,Jardim dos Estados,IBGE Malha de Setores Censitários 2022 — atributos territoriais CD_BAIRRO/NM_BAIRRO e correlatos,Bairro IBGE 2022,5108402050
510840205000242,5108402,Várzea Grande,Mapim,IBGE Malha de Setores Censitários 2022 — atributos territoriais CD_BAIRRO/NM_BAIRRO e correlatos,Bairro IBGE 2022,5108402049
510840205000244,5108402,Várzea Grande,Glória,IBGE Malha de Setores Censitários 2022 — atributos territoriais CD_BAIRRO/NM_BAIRRO e correlatos,Bairro IBGE 2022,5108402048
510840205000245,5108402,Várzea Grande,23 de Setembro,IBGE Malha de Setores Censitários 2022 — atributos territoriais CD_BAIRRO/NM_BAIRRO e correlatos,Bairro IBGE 2022,5108402047
510840205000246,5108402,Várzea Grande,23 de Setembro,IBGE Malha de Setores Censitários 2022 — atributos territoriais CD_BAIRRO/NM_BAIRRO e correlatos,Bairro IBGE 2022,5108402047
510840205000247,5108402,Várzea Grande,Parque do Lago,IBGE Malha de Setores Censitários 2022 — atributos territoriais CD_BAIRRO/NM_BAIRRO e correlatos,Bairro IBGE 2022,5108402064
510840205000248,5108402,Várzea Grande,Parque do Lago,IBGE Malha de Setores Censitários 2022 — atributos territoriais CD_BAIRRO/NM_BAIRRO e correlatos,Bairro IBGE 2022,5108402064
510840205000249,5108402,Várzea Grande,Centro Sul,IBGE Malha de Setores Censitários 2022 — atributos territoriais CD_BAIRRO/NM_BAIRRO e correlatos,Bairro IBGE 2022,5108402061
510840205000250,5108402,Várzea Grande,Ikaray,IBGE Malha de Setores Censitários 2022 — atributos territoriais CD_BAIRRO/NM_BAIRRO e correlatos,Bairro IBGE 2022,5108402055
510840205000251,5108402,Várzea Grande,Ikaray,IBGE Malha de Setores Censitários 2022 — atributos territoriais CD_BAIRRO/NM_BAIRRO e correlatos,Bairro IBGE 2022,5108402055
510840205000252,5108402,Várzea Grande,Primavera,IBGE Malha de Setores Censitários 2022 — atributos territoriais CD_BAIRRO/NM_BAIRRO e correlatos,Bairro IBGE 2022,5108402054
510840205000253,5108402,Várzea Grande,Canelas,IBGE Malha de Setores Censitários 2022 — atributos territoriais CD_BAIRRO/NM_BAIRRO e correlatos,Bairro IBGE 2022,5108402066
510840205000254,5108402,Várzea Grande,Canelas,IBGE Malha de Setores Censitários 2022 — atributos territoriais CD_BAIRRO/NM_BAIRRO e correlatos,Bairro IBGE 2022,5108402066
510840205000255,5108402,Várzea Grande,Marajoara,IBGE Malha de Setores Censitários 2022 — atributos territoriais CD_BAIRRO/NM_BAIRRO e correlatos,Bairro IBGE 2022,5108402065
510840205000256,5108402,Várzea Grande,Centro Sul,IBGE Malha de Setores Censitários 2022 — atributos territoriais CD_BAIRRO/NM_BAIRRO e correlatos,Bairro IBGE 2022,5108402061
510840205000257,5108402,Várzea Grande,Costa Verde,IBGE Malha de Setores Censitários 2022 — atributos territoriais CD_BAIRRO/NM_BAIRRO e correlatos,Bairro IBGE 2022,5108402056
510840205000258,5108402,Várzea Grande,Costa Verde,IBGE Malha de Setores Censitários 2022 — atributos territoriais CD_BAIRRO/NM_BAIRRO e correlatos,Bairro IBGE 2022,5108402056
510840205000259,5108402,Várzea Grande,Paiaguás,IBGE Malha de Setores Censitários 2022 — atributos territoriais CD_BAIRRO/NM_BAIRRO e correlatos,Bairro IBGE 2022,5108402059
510840205000260,5108402,Várzea Grande,Santa Izabel,IBGE Malha de Setores Censitários 2022 — atributos territoriais CD_BAIRRO/NM_BAIRRO e correlatos,Bairro IBGE 2022,5108402068
510840205000264,5108402,Várzea Grande,Parque do Lago,IBGE Malha de Setores Censitários 2022 — atributos territoriais CD_BAIRRO/NM_BAIRRO e correlatos,Bairro IBGE 2022,5108402064
510840205000265,5108402,Várzea Grande,Capão do Pequi,IBGE Malha de Setores Censitários 2022 — atributos territoriais CD_BAIRRO/NM_BAIRRO e correlatos,Bairro IBGE 2022,5108402058
510840205000266,5108402,Várzea Grande,Petrópolis,IBGE Malha de Setores Censitários 2022 — atributos territoriais CD_BAIRRO/NM_BAIRRO e correlatos,Bairro IBGE 2022,5108402052
510840205000267,5108402,Várzea Grande,Novo Mundo,IBGE Malha de Setores Censitários 2022 — atributos territoriais CD_BAIRRO/NM_BAIRRO e correlatos,Bairro IBGE 2022,5108402051
510840205000268,5108402,Várzea Grande,Novo Mundo,IBGE Malha de Setores Censitários 2022 — atributos territoriais CD_BAIRRO/NM_BAIRRO e correlatos,Bairro IBGE 2022,5108402051
510840205000269,5108402,Várzea Grande,Novo Mundo,IBGE Malha de Setores Censitários 2022 — atributos territoriais CD_BAIRRO/NM_BAIRRO e correlatos,Bairro IBGE 2022,5108402051
510840205000270,5108402,Várzea Grande,Novo Mundo,IBGE Malha de Setores Censitários 2022 — atributos territoriais CD_BAIRRO/NM_BAIRRO e correlatos,Bairro IBGE 2022,5108402051
510840205000271,5108402,Várzea Grande,Novo Mundo,IBGE Malha de Setores Censitários 2022 — atributos territoriais CD_BAIRRO/NM_BAIRRO e correlatos,Bairro IBGE 2022,5108402051
510840205000272,5108402,Várzea Grande,23 de Setembro,IBGE Malha de Setores Censitários 2022 — atributos territoriais CD_BAIRRO/NM_BAIRRO e correlatos,Bairro IBGE 2022,5108402047
510840205000273,5108402,Várzea Grande,23 de Setembro,IBGE Malha de Setores Censitários 2022 — atributos territoriais CD_BAIRRO/NM_BAIRRO e correlatos,Bairro IBGE 2022,5108402047
510840205000274,5108402,Várzea Grande,Vitória Régia,IBGE Malha de Setores Censitários 2022 — atributos territoriais CD_BAIRRO/NM_BAIRRO e correlatos,Bairro IBGE 2022,5108402057
510840205000275,5108402,Várzea Grande,Santa Izabel,IBGE Malha de Setores Censitários 2022 — atributos territoriais CD_BAIRRO/NM_BAIRRO e correlatos,Bairro IBGE 2022,5108402068
510840205000276,5108402,Várzea Grande,Mapim,IBGE Malha de Setores Censitários 2022 — atributos territoriais CD_BAIRRO/NM_BAIRRO e correlatos,Bairro IBGE 2022,5108402049
510840205000277,5108402,Várzea Grande,Mapim,IBGE Malha de Setores Censitários 2022 — atributos territoriais CD_BAIRRO/NM_BAIRRO e correlatos,Bairro IBGE 2022,5108402049
510840205000278,5108402,Várzea Grande,Glória,IBGE Malha de Setores Censitários 2022 — atributos territoriais CD_BAIRRO/NM_BAIRRO e correlatos,Bairro IBGE 2022,5108402048
510840205000279,5108402,Várzea Grande,Ikaray,IBGE Malha de Setores Censitários 2022 — atributos territoriais CD_BAIRRO/NM_BAIRRO e correlatos,Bairro IBGE 2022,5108402055
510840205000280,5108402,Várzea Grande,Canelas,IBGE Malha de Setores Censitários 2022 — atributos territoriais CD_BAIRRO/NM_BAIRRO e correlatos,Bairro IBGE 2022,5108402066
510840205000281,5108402,Várzea Grande,Costa Verde,IBGE Malha de Setores Censitários 2022 — atributos territoriais CD_BAIRRO/NM_BAIRRO e correlatos,Bairro IBGE 2022,5108402056
510840205000282,5108402,Várzea Grande,Centro Sul,IBGE Malha de Setores Censitários 2022 — atributos territoriais CD_BAIRRO/NM_BAIRRO e correlatos,Bairro IBGE 2022,5108402061
510840205000283,5108402,Várzea Grande,São Matheus,IBGE Malha de Setores Censitários 2022 — atributos territoriais CD_BAIRRO/NM_BAIRRO e correlatos,Bairro IBGE 2022,5108402053
510840205000284,5108402,Várzea Grande,Jardim dos Estados,IBGE Malha de Setores Censitários 2022 — atributos territoriais CD_BAIRRO/NM_BAIRRO e correlatos,Bairro IBGE 2022,5108402050
510840205000285,5108402,Várzea Grande,Mapim,IBGE Malha de Setores Censitários 2022 — atributos territoriais CD_BAIRRO/NM_BAIRRO e correlatos,Bairro IBGE 2022,5108402049
510840205000286,5108402,Várzea Grande,Marajoara,IBGE Malha de Setores Censitários 2022 — atributos territoriais CD_BAIRRO/NM_BAIRRO e correlatos,Bairro IBGE 2022,5108402065
510840205000287,5108402,Várzea Grande,Novo Mundo,IBGE Malha de Setores Censitários 2022 — atributos territoriais CD_BAIRRO/NM_BAIRRO e correlatos,Bairro IBGE 2022,5108402051
510840205000288,5108402,Várzea Grande,Ikaray,IBGE Malha de Setores Censitários 2022 — atributos territoriais CD_BAIRRO/NM_BAIRRO e correlatos,Bairro IBGE 2022,5108402055
510840205000289,5108402,Várzea Grande,Novo Mundo,IBGE Malha de Setores Censitários 2022 — atributos territoriais CD_BAIRRO/NM_BAIRRO e correlatos,Bairro IBGE 2022,5108402051
510840205000290,5108402,Várzea Grande,Novo Mundo,IBGE Malha de Setores Censitários 2022 — atributos territoriais CD_BAIRRO/NM_BAIRRO e correlatos,Bairro IBGE 2022,5108402051
510840205000291,5108402,Várzea Grande,Novo Mundo,IBGE Malha de Setores Censitários 2022 — atributos territoriais CD_BAIRRO/NM_BAIRRO e correlatos,Bairro IBGE 2022,5108402051
510840205000292,5108402,Várzea Grande,Novo Mundo,IBGE Malha de Setores Censitários 2022 — atributos territoriais CD_BAIRRO/NM_BAIRRO e correlatos,Bairro IBGE 2022,5108402051
510840205000293,5108402,Várzea Grande,Petrópolis,IBGE Malha de Setores Censitários 2022 — atributos territoriais CD_BAIRRO/NM_BAIRRO e correlatos,Bairro IBGE 2022,5108402052
510840205000294,5108402,Várzea Grande,Petrópolis,IBGE Malha de Setores Censitários 2022 — atributos territoriais CD_BAIRRO/NM_BAIRRO e correlatos,Bairro IBGE 2022,5108402052
510840205000296,5108402,Várzea Grande,Novo Mundo,IBGE Malha de Setores Censitários 2022 — atributos territoriais CD_BAIRRO/NM_BAIRRO e correlatos,Bairro IBGE 2022,5108402051
510840205000297,5108402,Várzea Grande,Novo Mundo,IBGE Malha de Setores Censitários 2022 — atributos territoriais CD_BAIRRO/NM_BAIRRO e correlatos,Bairro IBGE 2022,5108402051
510840205000298,5108402,Várzea Grande,Novo Mundo,IBGE Malha de Setores Censitários 2022 — atributos territoriais CD_BAIRRO/NM_BAIRRO e correlatos,Bairro IBGE 2022,5108402051
510840205000299,5108402,Várzea Grande,Novo Mundo,IBGE Malha de Setores Censitários 2022 — atributos territoriais CD_BAIRRO/NM_BAIRRO e correlatos,Bairro IBGE 2022,5108402051
510840205000300,5108402,Várzea Grande,Vitória Régia,IBGE Malha de Setores Censitários 2022 — atributos territoriais CD_BAIRRO/NM_BAIRRO e correlatos,Bairro IBGE 2022,5108402057
510840205000301,5108402,Várzea Grande,Jardim dos Estados,IBGE Malha de Setores Censitários 2022 — atributos territoriais CD_BAIRRO/NM_BAIRRO e correlatos,Bairro IBGE 2022,5108402050
510840205000302,5108402,Várzea Grande,São Simão,IBGE Malha de Setores Censitários 2022 — atributos territoriais CD_BAIRRO/NM_BAIRRO e correlatos,Bairro IBGE 2022,5108402067
510840205000303,5108402,Várzea Grande,São Matheus,IBGE Malha de Setores Censitários 2022 — atributos territoriais CD_BAIRRO/NM_BAIRRO e correlatos,Bairro IBGE 2022,5108402053
510840205000304,5108402,Várzea Grande,São Simão,IBGE Malha de Setores Censitários 2022 — atributos territoriais CD_BAIRRO/NM_BAIRRO e correlatos,Bairro IBGE 2022,5108402067
510840205000305,5108402,Várzea Grande,Novo Mundo,IBGE Malha de Setores Censitários 2022 — atributos territoriais CD_BAIRRO/NM_BAIRRO e correlatos,Bairro IBGE 2022,5108402051
510840205000306,5108402,Várzea Grande,Jardim dos Estados,IBGE Malha de Setores Censitários 2022 — atributos territoriais CD_BAIRRO/NM_BAIRRO e correlatos,Bairro IBGE 2022,5108402050
510840205000307,5108402,Várzea Grande,Jardim dos Estados,IBGE Malha de Setores Censitários 2022 — atributos territoriais CD_BAIRRO/NM_BAIRRO e correlatos,Bairro IBGE 2022,5108402050
510840205000308,5108402,Várzea Grande,Ikaray,IBGE Malha de Setores Censitários 2022 — atributos territoriais CD_BAIRRO/NM_BAIRRO e correlatos,Bairro IBGE 2022,5108402055
510840205000309,5108402,Várzea Grande,São Matheus,IBGE Malha de Setores Censitários 2022 — atributos territoriais CD_BAIRRO/NM_BAIRRO e correlatos,Bairro IBGE 2022,5108402053
510840205000310,5108402,Várzea Grande,Primavera,IBGE Malha de Setores Censitários 2022 — atributos territoriais CD_BAIRRO/NM_BAIRRO e correlatos,Bairro IBGE 2022,5108402054
510840205000311,5108402,Várzea Grande,Vitória Régia,IBGE Malha de Setores Censitários 2022 — atributos territoriais CD_BAIRRO/NM_BAIRRO e correlatos,Bairro IBGE 2022,5108402057
510840205000312,5108402,Várzea Grande,Vitória Régia,IBGE Malha de Setores Censitários 2022 — atributos territoriais CD_BAIRRO/NM_BAIRRO e correlatos,Bairro IBGE 2022,5108402057
510840205000313,5108402,Várzea Grande,Costa Verde,IBGE Malha de Setores Censitários 2022 — atributos territoriais CD_BAIRRO/NM_BAIRRO e correlatos,Bairro IBGE 2022,5108402056
510840205000314,5108402,Várzea Grande,Parque do Lago,IBGE Malha de Setores Censitários 2022 — atributos territoriais CD_BAIRRO/NM_BAIRRO e correlatos,Bairro IBGE 2022,5108402064
510840205000315,5108402,Várzea Grande,Parque do Lago,IBGE Malha de Setores Censitários 2022 — atributos territoriais CD_BAIRRO/NM_BAIRRO e correlatos,Bairro IBGE 2022,5108402064
510840205000316,5108402,Várzea Grande,Parque do Lago,IBGE Malha de Setores Censitários 2022 — atributos territoriais CD_BAIRRO/NM_BAIRRO e correlatos,Bairro IBGE 2022,5108402064
510840205000317,5108402,Várzea Grande,23 de Setembro,IBGE Malha de Setores Censitários 2022 — atributos territoriais CD_BAIRRO/NM_BAIRRO e correlatos,Bairro IBGE 2022,5108402047
510840205000318,5108402,Várzea Grande,São Matheus,IBGE Malha de Setores Censitários 2022 — atributos territoriais CD_BAIRRO/NM_BAIRRO e correlatos,Bairro IBGE 2022,5108402053
510840205000321,5108402,Várzea Grande,Petrópolis,IBGE Malha de Setores Censitários 2022 — atributos territoriais CD_BAIRRO/NM_BAIRRO e correlatos,Bairro IBGE 2022,5108402052
510840205000322,5108402,Várzea Grande,Petrópolis,IBGE Malha de Setores Censitários 2022 — atributos territoriais CD_BAIRRO/NM_BAIRRO e correlatos,Bairro IBGE 2022,5108402052
510840205000323,5108402,Várzea Grande,Petrópolis,IBGE Malha de Setores Censitários 2022 — atributos territoriais CD_BAIRRO/NM_BAIRRO e correlatos,Bairro IBGE 2022,5108402052
510840205000324,5108402,Várzea Grande,Petrópolis,IBGE Malha de Setores Censitários 2022 — atributos territoriais CD_BAIRRO/NM_BAIRRO e correlatos,Bairro IBGE 2022,5108402052
510840205000325,5108402,Várzea Grande,Petrópolis,IBGE Malha de Setores Censitários 2022 — atributos territoriais CD_BAIRRO/NM_BAIRRO e correlatos,Bairro IBGE 2022,5108402052
510840205000326,5108402,Várzea Grande,Petrópolis,IBGE Malha de Setores Censitários 2022 — atributos territoriais CD_BAIRRO/NM_BAIRRO e correlatos,Bairro IBGE 2022,5108402052
510840205000327,5108402,Várzea Grande,Novo Mundo,IBGE Malha de Setores Censitários 2022 — atributos territoriais CD_BAIRRO/NM_BAIRRO e correlatos,Bairro IBGE 2022,5108402051
510840205000328,5108402,Várzea Grande,Novo Mundo,IBGE Malha de Setores Censitários 2022 — atributos territoriais CD_BAIRRO/NM_BAIRRO e correlatos,Bairro IBGE 2022,5108402051
510840205000329,5108402,Várzea Grande,Costa Verde,IBGE Malha de Setores Censitários 2022 — atributos territoriais CD_BAIRRO/NM_BAIRRO e correlatos,Bairro IBGE 2022,5108402056
510840205000331,5108402,Várzea Grande,Costa Verde,IBGE Malha de Setores Censitários 2022 — atributos territoriais CD_BAIRRO/NM_BAIRRO e correlatos,Bairro IBGE 2022,5108402056
510840205000332,5108402,Várzea Grande,Costa Verde,IBGE Malha de Setores Censitários 2022 — atributos territoriais CD_BAIRRO/NM_BAIRRO e correlatos,Bairro IBGE 2022,5108402056
510840205000333,5108402,Várzea Grande,Ikaray,IBGE Malha de Setores Censitários 2022 — atributos territoriais CD_BAIRRO/NM_BAIRRO e correlatos,Bairro IBGE 2022,5108402055
510840205000334,5108402,Várzea Grande,Ikaray,IBGE Malha de Setores Censitários 2022 — atributos territoriais CD_BAIRRO/NM_BAIRRO e correlatos,Bairro IBGE 2022,5108402055
510840205000335,5108402,Várzea Grande,Jardim dos Estados,IBGE Malha de Setores Censitários 2022 — atributos territoriais CD_BAIRRO/NM_BAIRRO e correlatos,Bairro IBGE 2022,5108402050
510840205000336,5108402,Várzea Grande,Jardim dos Estados,IBGE Malha de Setores Censitários 2022 — atributos territoriais CD_BAIRRO/NM_BAIRRO e correlatos,Bairro IBGE 2022,5108402050
510840205000338,5108402,Várzea Grande,Paiaguás,IBGE Malha de Setores Censitários 2022 — atributos territoriais CD_BAIRRO/NM_BAIRRO e correlatos,Bairro IBGE 2022,5108402059
510840205000341,5108402,Várzea Grande,Ikaray,IBGE Malha de Setores Censitários 2022 — atributos territoriais CD_BAIRRO/NM_BAIRRO e correlatos,Bairro IBGE 2022,5108402055
510840205000342,5108402,Várzea Grande,Ikaray,IBGE Malha de Setores Censitários 2022 — atributos territoriais CD_BAIRRO/NM_BAIRRO e correlatos,Bairro IBGE 2022,5108402055
510840205000343,5108402,Várzea Grande,Primavera,IBGE Malha de Setores Censitários 2022 — atributos territoriais CD_BAIRRO/NM_BAIRRO e correlatos,Bairro IBGE 2022,5108402054
510840205000344,5108402,Várzea Grande,Primavera,IBGE Malha de Setores Censitários 2022 — atributos territoriais CD_BAIRRO/NM_BAIRRO e correlatos,Bairro IBGE 2022,5108402054
510840205000345,5108402,Várzea Grande,Santa Izabel,IBGE Malha de Setores Censitários 2022 — atributos territoriais CD_BAIRRO/NM_BAIRRO e correlatos,Bairro IBGE 2022,5108402068
510840205000346,5108402,Várzea Grande,Santa Izabel,IBGE Malha de Setores Censitários 2022 — atributos territoriais CD_BAIRRO/NM_BAIRRO e correlatos,Bairro IBGE 2022,5108402068
510840205000347,5108402,Várzea Grande,Centro Norte,IBGE Malha de Setores Censitários 2022 — atributos territoriais CD_BAIRRO/NM_BAIRRO e correlatos,Bairro IBGE 2022,5108402060
510840205000348,5108402,Várzea Grande,Centro Norte,IBGE Malha de Setores Censitários 2022 — atributos territoriais CD_BAIRRO/NM_BAIRRO e correlatos,Bairro IBGE 2022,5108402060
510840205000349,5108402,Várzea Grande,Costa Verde,IBGE Malha de Setores Censitários 2022 — atributos territoriais CD_BAIRRO/NM_BAIRRO e correlatos,Bairro IBGE 2022,5108402056
510840205000350,5108402,Várzea Grande,Costa Verde,IBGE Malha de Setores Censitários 2022 — atributos territoriais CD_BAIRRO/NM_BAIRRO e correlatos,Bairro IBGE 2022,5108402056
510840205000351,5108402,Várzea Grande,São Matheus,IBGE Malha de Setores Censitários 2022 — atributos territoriais CD_BAIRRO/NM_BAIRRO e correlatos,Bairro IBGE 2022,5108402053
510840205000352,5108402,Várzea Grande,São Matheus,IBGE Malha de Setores Censitários 2022 — atributos territoriais CD_BAIRRO/NM_BAIRRO e correlatos,Bairro IBGE 2022,5108402053
510840205000353,5108402,Várzea Grande,Mapim,IBGE Malha de Setores Censitários 2022 — atributos territoriais CD_BAIRRO/NM_BAIRRO e correlatos,Bairro IBGE 2022,5108402049
510840205000354,5108402,Várzea Grande,Mapim,IBGE Malha de Setores Censitários 2022 — atributos territoriais CD_BAIRRO/NM_BAIRRO e correlatos,Bairro IBGE 2022,5108402049
510840205000355,5108402,Várzea Grande,Mapim,IBGE Malha de Setores Censitários 2022 — atributos territoriais CD_BAIRRO/NM_BAIRRO e correlatos,Bairro IBGE 2022,5108402049
510840205000356,5108402,Várzea Grande,Mapim,IBGE Malha de Setores Censitários 2022 — atributos territoriais CD_BAIRRO/NM_BAIRRO e correlatos,Bairro IBGE 2022,5108402049
510840205000357,5108402,Várzea Grande,Marajoara,IBGE Malha de Setores Censitários 2022 — atributos territoriais CD_BAIRRO/NM_BAIRRO e correlatos,Bairro IBGE 2022,5108402065
510840205000358,5108402,Várzea Grande,Marajoara,IBGE Malha de Setores Censitários 2022 — atributos territoriais CD_BAIRRO/NM_BAIRRO e correlatos,Bairro IBGE 2022,5108402065
510840205000359,5108402,Várzea Grande,Petrópolis,IBGE Malha de Setores Censitários 2022 — atributos territoriais CD_BAIRRO/NM_BAIRRO e correlatos,Bairro IBGE 2022,5108402052
510840205000360,5108402,Várzea Grande,Petrópolis,IBGE Malha de Setores Censitários 2022 — atributos territoriais CD_BAIRRO/NM_BAIRRO e correlatos,Bairro IBGE 2022,5108402052
510840205000361,5108402,Várzea Grande,Petrópolis,IBGE Malha de Setores Censitários 2022 — atributos territoriais CD_BAIRRO/NM_BAIRRO e correlatos,Bairro IBGE 2022,5108402052
510840205000362,5108402,Várzea Grande,Petrópolis,IBGE Malha de Setores Censitários 2022 — atributos territoriais CD_BAIRRO/NM_BAIRRO e correlatos,Bairro IBGE 2022,5108402052
510840205000363,5108402,Várzea Grande,Santa Izabel,IBGE Malha de Setores Censitários 2022 — atributos territoriais CD_BAIRRO/NM_BAIRRO e correlatos,Bairro IBGE 2022,5108402068
510840205000364,5108402,Várzea Grande,Santa Izabel,IBGE Malha de Setores Censitários 2022 — atributos territoriais CD_BAIRRO/NM_BAIRRO e correlatos,Bairro IBGE 2022,5108402068
510840205000365,5108402,Várzea Grande,Canelas,IBGE Malha de Setores Censitários 2022 — atributos territoriais CD_BAIRRO/NM_BAIRRO e correlatos,Bairro IBGE 2022,5108402066
510840205000366,5108402,Várzea Grande,Canelas,IBGE Malha de Setores Censitários 2022 — atributos territoriais CD_BAIRRO/NM_BAIRRO e correlatos,Bairro IBGE 2022,5108402066
510840205000367,5108402,Várzea Grande,Canelas,IBGE Malha de Setores Censitários 2022 — atributos territoriais CD_BAIRRO/NM_BAIRRO e correlatos,Bairro IBGE 2022,5108402066
510840205000368,5108402,Várzea Grande,Canelas,IBGE Malha de Setores Censitários 2022 — atributos territoriais CD_BAIRRO/NM_BAIRRO e correlatos,Bairro IBGE 2022,5108402066
510840205000369,5108402,Várzea Grande,Costa Verde,IBGE Malha de Setores Censitários 2022 — atributos territoriais CD_BAIRRO/NM_BAIRRO e correlatos,Bairro IBGE 2022,5108402056
510840205000370,5108402,Várzea Grande,Costa Verde,IBGE Malha de Setores Censitários 2022 — atributos territoriais CD_BAIRRO/NM_BAIRRO e correlatos,Bairro IBGE 2022,5108402056
510840205000371,5108402,Várzea Grande,Novo Mundo,IBGE Malha de Setores Censitários 2022 — atributos territoriais CD_BAIRRO/NM_BAIRRO e correlatos,Bairro IBGE 2022,5108402051
510840205000372,5108402,Várzea Grande,Novo Mundo,IBGE Malha de Setores Censitários 2022 — atributos territoriais CD_BAIRRO/NM_BAIRRO e correlatos,Bairro IBGE 2022,5108402051
510840205000373,5108402,Várzea Grande,Canelas,IBGE Malha de Setores Censitários 2022 — atributos territoriais CD_BAIRRO/NM_BAIRRO e correlatos,Bairro IBGE 2022,5108402066
510840205000374,5108402,Várzea Grande,Canelas,IBGE Malha de Setores Censitários 2022 — atributos territoriais CD_BAIRRO/NM_BAIRRO e correlatos,Bairro IBGE 2022,5108402066
510840205000375,5108402,Várzea Grande,Paiaguás,IBGE Malha de Setores Censitários 2022 — atributos territoriais CD_BAIRRO/NM_BAIRRO e correlatos,Bairro IBGE 2022,5108402059
510840205000376,5108402,Várzea Grande,Paiaguás,IBGE Malha de Setores Censitários 2022 — atributos territoriais CD_BAIRRO/NM_BAIRRO e correlatos,Bairro IBGE 2022,5108402059
510840205000377,5108402,Várzea Grande,Paiaguás,IBGE Malha de Setores Censitários 2022 — atributos territoriais CD_BAIRRO/NM_BAIRRO e correlatos,Bairro IBGE 2022,5108402059
510840205000378,5108402,Várzea Grande,Paiaguás,IBGE Malha de Setores Censitários 2022 — atributos territoriais CD_BAIRRO/NM_BAIRRO e correlatos,Bairro IBGE 2022,5108402059
510840205000379,5108402,Várzea Grande,Paiaguás,IBGE Malha de Setores Censitários 2022 — atributos territoriais CD_BAIRRO/NM_BAIRRO e correlatos,Bairro IBGE 2022,5108402059
510840205000380,5108402,Várzea Grande,Paiaguás,IBGE Malha de Setores Censitários 2022 — atributos territoriais CD_BAIRRO/NM_BAIRRO e correlatos,Bairro IBGE 2022,5108402059
510840205000381,5108402,Várzea Grande,Paiaguás,IBGE Malha de Setores Censitários 2022 — atributos territoriais CD_BAIRRO/NM_BAIRRO e correlatos,Bairro IBGE 2022,5108402059
510840205000382,5108402,Várzea Grande,Paiaguás,IBGE Malha de Setores Censitários 2022 — atributos territoriais CD_BAIRRO/NM_BAIRRO e correlatos,Bairro IBGE 2022,5108402059
510840205000383,5108402,Várzea Grande,Capão do Pequi,IBGE Malha de Setores Censitários 2022 — atributos territoriais CD_BAIRRO/NM_BAIRRO e correlatos,Bairro IBGE 2022,5108402058
510840205000384,5108402,Várzea Grande,Capão do Pequi,IBGE Malha de Setores Censitários 2022 — atributos territoriais CD_BAIRRO/NM_BAIRRO e correlatos,Bairro IBGE 2022,5108402058
510840205000385,5108402,Várzea Grande,Primavera,IBGE Malha de Setores Censitários 2022 — atributos territoriais CD_BAIRRO/NM_BAIRRO e correlatos,Bairro IBGE 2022,5108402054
510840205000386,5108402,Várzea Grande,Primavera,IBGE Malha de Setores Censitários 2022 — atributos territoriais CD_BAIRRO/NM_BAIRRO e correlatos,Bairro IBGE 2022,5108402054
510840205000387,5108402,Várzea Grande,Primavera,IBGE Malha de Setores Censitários 2022 — atributos territoriais CD_BAIRRO/NM_BAIRRO e correlatos,Bairro IBGE 2022,5108402054
510840205000388,5108402,Várzea Grande,Novo Mundo,IBGE Malha de Setores Censitários 2022 — atributos territoriais CD_BAIRRO/NM_BAIRRO e correlatos,Bairro IBGE 2022,5108402051
510840205000389,5108402,Várzea Grande,Novo Mundo,IBGE Malha de Setores Censitários 2022 — atributos territoriais CD_BAIRRO/NM_BAIRRO e correlatos,Bairro IBGE 2022,5108402051
510840205000390,5108402,Várzea Grande,Primavera,IBGE Malha de Setores Censitários 2022 — atributos territoriais CD_BAIRRO/NM_BAIRRO e correlatos,Bairro IBGE 2022,5108402054
510840205000391,5108402,Várzea Grande,Primavera,IBGE Malha de Setores Censitários 2022 — atributos territoriais CD_BAIRRO/NM_BAIRRO e correlatos,Bairro IBGE 2022,5108402054
510840205000392,5108402,Várzea Grande,Mapim,IBGE Malha de Setores Censitários 2022 — atributos territoriais CD_BAIRRO/NM_BAIRRO e correlatos,Bairro IBGE 2022,5108402049
510840205000393,5108402,Várzea Grande,Mapim,IBGE Malha de Setores Censitários 2022 — atributos territoriais CD_BAIRRO/NM_BAIRRO e correlatos,Bairro IBGE 2022,5108402049
510840205000394,5108402,Várzea Grande,Petrópolis,IBGE Malha de Setores Censitários 2022 — atributos territoriais CD_BAIRRO/NM_BAIRRO e correlatos,Bairro IBGE 2022,5108402052
510840205000395,5108402,Várzea Grande,Petrópolis,IBGE Malha de Setores Censitários 2022 — atributos territoriais CD_BAIRRO/NM_BAIRRO e correlatos,Bairro IBGE 2022,5108402052
510840210000001,5108402,Várzea Grande,Bom Sucesso,IBGE Malha de Setores Censitários 2022 — atributos territoriais CD_BAIRRO/NM_BAIRRO e correlatos,Distrito IBGE 2022,510840210
510840210000002,5108402,Várzea Grande,Bom Sucesso,IBGE Malha de Setores Censitários 2022 — atributos territoriais CD_BAIRRO/NM_BAIRRO e correlatos,Distrito IBGE 2022,510840210
510840210000003,5108402,Várzea Grande,Bom Sucesso,IBGE Malha de Setores Censitários 2022 — atributos territoriais CD_BAIRRO/NM_BAIRRO e correlatos,Distrito IBGE 2022,510840210
510840210000004,5108402,Várzea Grande,Praia Grande,IBGE Malha de Setores Censitários 2022 — atributos territoriais CD_BAIRRO/NM_BAIRRO e correlatos,Aglomerado rural IBGE 2022,510840200003
510840210000005,5108402,Várzea Grande,Bom Sucesso,IBGE Malha de Setores Censitários 2022 — atributos territoriais CD_BAIRRO/NM_BAIRRO e correlatos,Distrito IBGE 2022,510840210
510840210000006,5108402,Várzea Grande,Bom Sucesso,IBGE Malha de Setores Censitários 2022 — atributos territoriais CD_BAIRRO/NM_BAIRRO e correlatos,Distrito IBGE 2022,510840210
510840210000007,5108402,Várzea Grande,Bom Sucesso,IBGE Malha de Setores Censitários 2022 — atributos territoriais CD_BAIRRO/NM_BAIRRO e correlatos,Distrito IBGE 2022,510840210
510840210000008,5108402,Várzea Grande,Bom Sucesso,IBGE Malha de Setores Censitários 2022 — atributos territoriais CD_BAIRRO/NM_BAIRRO e correlatos,Distrito IBGE 2022,510840210
510840210000009,5108402,Várzea Grande,Bom Sucesso,IBGE Malha de Setores Censitários 2022 — atributos territoriais CD_BAIRRO/NM_BAIRRO e correlatos,Distrito IBGE 2022,510840210
510840210000010,5108402,Várzea Grande,Bom Sucesso,IBGE Malha de Setores Censitários 2022 — atributos territoriais CD_BAIRRO/NM_BAIRRO e correlatos,Distrito IBGE 2022,510840210
510840210000011,5108402,Várzea Grande,Bom Sucesso,IBGE Malha de Setores Censitários 2022 — atributos territoriais CD_BAIRRO/NM_BAIRRO e correlatos,Distrito IBGE 2022,510840210
510840210000012,5108402,Várzea Grande,Comunidade Souza Lima,IBGE Malha de Setores Censitários 2022 — atributos territoriais CD_BAIRRO/NM_BAIRRO e correlatos,Núcleo urbano IBGE 2022,5108402003
510840215000001,5108402,Várzea Grande,Passagem da Conceição,IBGE Malha de Setores Censitários 2022 — atributos territoriais CD_BAIRRO/NM_BAIRRO e correlatos,Distrito IBGE 2022,510840215
510840215000003,5108402,Várzea Grande,Passagem da Conceição,IBGE Malha de Setores Censitários 2022 — atributos territoriais CD_BAIRRO/NM_BAIRRO e correlatos,Distrito IBGE 2022,510840215
510840215000004,5108402,Várzea Grande,Passagem da Conceição,IBGE Malha de Setores Censitários 2022 — atributos territoriais CD_BAIRRO/NM_BAIRRO e correlatos,Distrito IBGE 2022,510840215
510840215000007,5108402,Várzea Grande,Passagem da Conceição,IBGE Malha de Setores Censitários 2022 — atributos territoriais CD_BAIRRO/NM_BAIRRO e correlatos,Distrito IBGE 2022,510840215
510840215000010,5108402,Várzea Grande,Passagem da Conceição,IBGE Malha de Setores Censitários 2022 — atributos territoriais CD_BAIRRO/NM_BAIRRO e correlatos,Distrito IBGE 2022,510840215
510840215000014,5108402,Várzea Grande,Passagem da Conceição,IBGE Malha de Setores Censitários 2022 — atributos territoriais CD_BAIRRO/NM_BAIRRO e correlatos,Distrito IBGE 2022,510840215
510840215000015,5108402,Várzea Grande,Passagem da Conceição,IBGE Malha de Setores Censitários 2022 — atributos territoriais CD_BAIRRO/NM_BAIRRO e correlatos,Distrito IBGE 2022,510840215
510840220000001,5108402,Várzea Grande,Ponte Nova,IBGE Malha de Setores Censitários 2022 — atributos territoriais CD_BAIRRO/NM_BAIRRO e correlatos,Bairro IBGE 2022,5108402062
510840220000002,5108402,Várzea Grande,Ponte Nova,IBGE Malha de Setores Censitários 2022 — atributos territoriais CD_BAIRRO/NM_BAIRRO e correlatos,Bairro IBGE 2022,5108402062
510840220000005,5108402,Várzea Grande,Ponte Nova,IBGE Malha de Setores Censitários 2022 — atributos territoriais CD_BAIRRO/NM_BAIRRO e correlatos,Bairro IBGE 2022,5108402062
510840220000006,5108402,Várzea Grande,Ponte Nova,IBGE Malha de Setores Censitários 2022 — atributos territoriais CD_BAIRRO/NM_BAIRRO e correlatos,Bairro IBGE 2022,5108402062
510840220000007,5108402,Várzea Grande,Ponte Nova,IBGE Malha de Setores Censitários 2022 — atributos territoriais CD_BAIRRO/NM_BAIRRO e correlatos,Bairro IBGE 2022,5108402062
510840220000008,5108402,Várzea Grande,Ponte Nova,IBGE Malha de Setores Censitários 2022 — atributos territoriais CD_BAIRRO/NM_BAIRRO e correlatos,Bairro IBGE 2022,5108402062
510840220000009,5108402,Várzea Grande,Ponte Nova,IBGE Malha de Setores Censitários 2022 — atributos territoriais CD_BAIRRO/NM_BAIRRO e correlatos,Bairro IBGE 2022,5108402062
510840220000010,5108402,Várzea Grande,Ponte Nova,IBGE Malha de Setores Censitários 2022 — atributos territoriais CD_BAIRRO/NM_BAIRRO e correlatos,Bairro IBGE 2022,5108402062
510840220000011,5108402,Várzea Grande,Ponte Nova,IBGE Malha de Setores Censitários 2022 — atributos territoriais CD_BAIRRO/NM_BAIRRO e correlatos,Bairro IBGE 2022,5108402062
510840220000012,5108402,Várzea Grande,Ponte Nova,IBGE Malha de Setores Censitários 2022 — atributos territoriais CD_BAIRRO/NM_BAIRRO e correlatos,Bairro IBGE 2022,5108402062
510840220000013,5108402,Várzea Grande,Ponte Nova,IBGE Malha de Setores Censitários 2022 — atributos territoriais CD_BAIRRO/NM_BAIRRO e correlatos,Bairro IBGE 2022,5108402062
510840220000014,5108402,Várzea Grande,Ponte Nova,IBGE Malha de Setores Censitários 2022 — atributos territoriais CD_BAIRRO/NM_BAIRRO e correlatos,Bairro IBGE 2022,5108402062
510840220000015,5108402,Várzea Grande,Ponte Nova,IBGE Malha de Setores Censitários 2022 — atributos territoriais CD_BAIRRO/NM_BAIRRO e correlatos,Bairro IBGE 2022,5108402062
510840220000016,5108402,Várzea Grande,Ponte Nova,IBGE Malha de Setores Censitários 2022 — atributos territoriais CD_BAIRRO/NM_BAIRRO e correlatos,Bairro IBGE 2022,5108402062
510840220000017,5108402,Várzea Grande,Ponte Nova,IBGE Malha de Setores Censitários 2022 — atributos territoriais CD_BAIRRO/NM_BAIRRO e correlatos,Bairro IBGE 2022,5108402062
510840220000018,5108402,Várzea Grande,Cristo Rei,IBGE Malha de Setores Censitários 2022 — atributos territoriais CD_BAIRRO/NM_BAIRRO e correlatos,Bairro IBGE 2022,5108402063
510840220000019,5108402,Várzea Grande,Cristo Rei,IBGE Malha de Setores Censitários 2022 — atributos territoriais CD_BAIRRO/NM_BAIRRO e correlatos,Bairro IBGE 2022,5108402063
510840220000020,5108402,Várzea Grande,Cristo Rei,IBGE Malha de Setores Censitários 2022 — atributos territoriais CD_BAIRRO/NM_BAIRRO e correlatos,Bairro IBGE 2022,5108402063
510840220000021,5108402,Várzea Grande,Cristo Rei,IBGE Malha de Setores Censitários 2022 — atributos territoriais CD_BAIRRO/NM_BAIRRO e correlatos,Bairro IBGE 2022,5108402063
510840220000022,5108402,Várzea Grande,Cristo Rei,IBGE Malha de Setores Censitários 2022 — atributos territoriais CD_BAIRRO/NM_BAIRRO e correlatos,Bairro IBGE 2022,5108402063
510840220000023,5108402,Várzea Grande,Cristo Rei,IBGE Malha de Setores Censitários 2022 — atributos territoriais CD_BAIRRO/NM_BAIRRO e correlatos,Bairro IBGE 2022,5108402063
510840220000024,5108402,Várzea Grande,Cristo Rei,IBGE Malha de Setores Censitários 2022 — atributos territoriais CD_BAIRRO/NM_BAIRRO e correlatos,Bairro IBGE 2022,5108402063
510840220000025,5108402,Várzea Grande,Cristo Rei,IBGE Malha de Setores Censitários 2022 — atributos territoriais CD_BAIRRO/NM_BAIRRO e correlatos,Bairro IBGE 2022,5108402063
510840220000026,5108402,Várzea Grande,Cristo Rei,IBGE Malha de Setores Censitários 2022 — atributos territoriais CD_BAIRRO/NM_BAIRRO e correlatos,Bairro IBGE 2022,5108402063
510840220000027,5108402,Várzea Grande,Cristo Rei,IBGE Malha de Setores Censitários 2022 — atributos territoriais CD_BAIRRO/NM_BAIRRO e correlatos,Bairro IBGE 2022,5108402063
510840220000028,5108402,Várzea Grande,Cristo Rei,IBGE Malha de Setores Censitários 2022 — atributos territoriais CD_BAIRRO/NM_BAIRRO e correlatos,Bairro IBGE 2022,5108402063
510840220000029,5108402,Várzea Grande,Cristo Rei,IBGE Malha de Setores Censitários 2022 — atributos territoriais CD_BAIRRO/NM_BAIRRO e correlatos,Bairro IBGE 2022,5108402063
510840220000030,5108402,Várzea Grande,Cristo Rei,IBGE Malha de Setores Censitários 2022 — atributos territoriais CD_BAIRRO/NM_BAIRRO e correlatos,Bairro IBGE 2022,5108402063
510840220000031,5108402,Várzea Grande,Cristo Rei,IBGE Malha de Setores Censitários 2022 — atributos territoriais CD_BAIRRO/NM_BAIRRO e correlatos,Bairro IBGE 2022,5108402063
510840220000032,5108402,Várzea Grande,Cristo Rei,IBGE Malha de Setores Censitários 2022 — atributos territoriais CD_BAIRRO/NM_BAIRRO e correlatos,Bairro IBGE 2022,5108402063
510840220000033,5108402,Várzea Grande,Cristo Rei,IBGE Malha de Setores Censitários 2022 — atributos territoriais CD_BAIRRO/NM_BAIRRO e correlatos,Bairro IBGE 2022,5108402063
510840220000034,5108402,Várzea Grande,Cristo Rei,IBGE Malha de Setores Censitários 2022 — atributos territoriais CD_BAIRRO/NM_BAIRRO e correlatos,Bairro IBGE 2022,5108402063
510840220000035,5108402,Várzea Grande,Cristo Rei,IBGE Malha de Setores Censitários 2022 — atributos territoriais CD_BAIRRO/NM_BAIRRO e correlatos,Bairro IBGE 2022,5108402063
510840220000036,5108402,Várzea Grande,Cristo Rei,IBGE Malha de Setores Censitários 2022 — atributos territoriais CD_BAIRRO/NM_BAIRRO e correlatos,Bairro IBGE 2022,5108402063
510840220000037,5108402,Várzea Grande,Cristo Rei,IBGE Malha de Setores Censitários 2022 — atributos territoriais CD_BAIRRO/NM_BAIRRO e correlatos,Bairro IBGE 2022,5108402063
510840220000038,5108402,Várzea Grande,Cristo Rei,IBGE Malha de Setores Censitários 2022 — atributos territoriais CD_BAIRRO/NM_BAIRRO e correlatos,Bairro IBGE 2022,5108402063
510840220000039,5108402,Várzea Grande,Cristo Rei,IBGE Malha de Setores Censitários 2022 — atributos territoriais CD_BAIRRO/NM_BAIRRO e correlatos,Bairro IBGE 2022,5108402063
510840220000040,5108402,Várzea Grande,Cristo Rei,IBGE Malha de Setores Censitários 2022 — atributos territoriais CD_BAIRRO/NM_BAIRRO e correlatos,Bairro IBGE 2022,5108402063
510840220000041,5108402,Várzea Grande,Cristo Rei,IBGE Malha de Setores Censitários 2022 — atributos territoriais CD_BAIRRO/NM_BAIRRO e correlatos,Bairro IBGE 2022,5108402063
510840220000042,5108402,Várzea Grande,Cristo Rei,IBGE Malha de Setores Censitários 2022 — atributos territoriais CD_BAIRRO/NM_BAIRRO e correlatos,Bairro IBGE 2022,5108402063
510840220000043,5108402,Várzea Grande,Cristo Rei,IBGE Malha de Setores Censitários 2022 — atributos territoriais CD_BAIRRO/NM_BAIRRO e correlatos,Bairro IBGE 2022,5108402063
510840220000044,5108402,Várzea Grande,Cristo Rei,IBGE Malha de Setores Censitários 2022 — atributos territoriais CD_BAIRRO/NM_BAIRRO e correlatos,Bairro IBGE 2022,5108402063
510840220000045,5108402,Várzea Grande,Cristo Rei,IBGE Malha de Setores Censitários 2022 — atributos territoriais CD_BAIRRO/NM_BAIRRO e correlatos,Bairro IBGE 2022,5108402063
510840220000046,5108402,Várzea Grande,Cristo Rei,IBGE Malha de Setores Censitários 2022 — atributos territoriais CD_BAIRRO/NM_BAIRRO e correlatos,Bairro IBGE 2022,5108402063
510840220000047,5108402,Várzea Grande,Cristo Rei,IBGE Malha de Setores Censitários 2022 — atributos territoriais CD_BAIRRO/NM_BAIRRO e correlatos,Bairro IBGE 2022,5108402063
510840220000048,5108402,Várzea Grande,Cristo Rei,IBGE Malha de Setores Censitários 2022 — atributos territoriais CD_BAIRRO/NM_BAIRRO e correlatos,Bairro IBGE 2022,5108402063
510840220000049,5108402,Várzea Grande,Parque do Lago,IBGE Malha de Setores Censitários 2022 — atributos territoriais CD_BAIRRO/NM_BAIRRO e correlatos,Bairro IBGE 2022,5108402064
510840220000050,5108402,Várzea Grande,Parque do Lago,IBGE Malha de Setores Censitários 2022 — atributos territoriais CD_BAIRRO/NM_BAIRRO e correlatos,Bairro IBGE 2022,5108402064
510840220000051,5108402,Várzea Grande,Parque do Lago,IBGE Malha de Setores Censitários 2022 — atributos territoriais CD_BAIRRO/NM_BAIRRO e correlatos,Bairro IBGE 2022,5108402064
510840220000052,5108402,Várzea Grande,Parque do Lago,IBGE Malha de Setores Censitários 2022 — atributos territoriais CD_BAIRRO/NM_BAIRRO e correlatos,Bairro IBGE 2022,5108402064
510840220000053,5108402,Várzea Grande,Parque do Lago,IBGE Malha de Setores Censitários 2022 — atributos territoriais CD_BAIRRO/NM_BAIRRO e correlatos,Bairro IBGE 2022,5108402064
510840220000054,5108402,Várzea Grande,Parque do Lago,IBGE Malha de Setores Censitários 2022 — atributos territoriais CD_BAIRRO/NM_BAIRRO e correlatos,Bairro IBGE 2022,5108402064
510840220000055,5108402,Várzea Grande,Parque do Lago,IBGE Malha de Setores Censitários 2022 — atributos territoriais CD_BAIRRO/NM_BAIRRO e correlatos,Bairro IBGE 2022,5108402064
510840220000056,5108402,Várzea Grande,Parque do Lago,IBGE Malha de Setores Censitários 2022 — atributos territoriais CD_BAIRRO/NM_BAIRRO e correlatos,Bairro IBGE 2022,5108402064
510840220000057,5108402,Várzea Grande,Parque do Lago,IBGE Malha de Setores Censitários 2022 — atributos territoriais CD_BAIRRO/NM_BAIRRO e correlatos,Bairro IBGE 2022,5108402064
510840220000058,5108402,Várzea Grande,Parque do Lago,IBGE Malha de Setores Censitários 2022 — atributos territoriais CD_BAIRRO/NM_BAIRRO e correlatos,Bairro IBGE 2022,5108402064
510840220000059,5108402,Várzea Grande,Parque do Lago,IBGE Malha de Setores Censitários 2022 — atributos territoriais CD_BAIRRO/NM_BAIRRO e correlatos,Bairro IBGE 2022,5108402064
510840220000060,5108402,Várzea Grande,Parque do Lago,IBGE Malha de Setores Censitários 2022 — atributos territoriais CD_BAIRRO/NM_BAIRRO e correlatos,Bairro IBGE 2022,5108402064
510840220000061,5108402,Várzea Grande,Ponte Nova,IBGE Malha de Setores Censitários 2022 — atributos territoriais CD_BAIRRO/NM_BAIRRO e correlatos,Bairro IBGE 2022,5108402062
510840220000062,5108402,Várzea Grande,Ponte Nova,IBGE Malha de Setores Censitários 2022 — atributos territoriais CD_BAIRRO/NM_BAIRRO e correlatos,Bairro IBGE 2022,5108402062
510840220000063,5108402,Várzea Grande,Ponte Nova,IBGE Malha de Setores Censitários 2022 — atributos territoriais CD_BAIRRO/NM_BAIRRO e correlatos,Bairro IBGE 2022,5108402062
510840220000064,5108402,Várzea Grande,Ponte Nova,IBGE Malha de Setores Censitários 2022 — atributos territoriais CD_BAIRRO/NM_BAIRRO e correlatos,Bairro IBGE 2022,5108402062
510840220000065,5108402,Várzea Grande,Cristo Rei,IBGE Malha de Setores Censitários 2022 — atributos territoriais CD_BAIRRO/NM_BAIRRO e correlatos,Bairro IBGE 2022,5108402063
510840220000066,5108402,Várzea Grande,Cristo Rei,IBGE Malha de Setores Censitários 2022 — atributos territoriais CD_BAIRRO/NM_BAIRRO e correlatos,Bairro IBGE 2022,5108402063
510840220000067,5108402,Várzea Grande,Cristo Rei,IBGE Malha de Setores Censitários 2022 — atributos territoriais CD_BAIRRO/NM_BAIRRO e correlatos,Bairro IBGE 2022,5108402063
510840220000068,5108402,Várzea Grande,Parque do Lago,IBGE Malha de Setores Censitários 2022 — atributos territoriais CD_BAIRRO/NM_BAIRRO e correlatos,Bairro IBGE 2022,5108402064
510840220000069,5108402,Várzea Grande,Parque do Lago,IBGE Malha de Setores Censitários 2022 — atributos territoriais CD_BAIRRO/NM_BAIRRO e correlatos,Bairro IBGE 2022,5108402064
510840220000070,5108402,Várzea Grande,Parque do Lago,IBGE Malha de Setores Censitários 2022 — atributos territoriais CD_BAIRRO/NM_BAIRRO e correlatos,Bairro IBGE 2022,5108402064
510840220000071,5108402,Várzea Grande,Parque do Lago,IBGE Malha de Setores Censitários 2022 — atributos territoriais CD_BAIRRO/NM_BAIRRO e correlatos,Bairro IBGE 2022,5108402064
510840220000072,5108402,Várzea Grande,Ponte Nova,IBGE Malha de Setores Censitários 2022 — atributos territoriais CD_BAIRRO/NM_BAIRRO e correlatos,Bairro IBGE 2022,5108402062
510840220000073,5108402,Várzea Grande,Cristo Rei,IBGE Malha de Setores Censitários 2022 — atributos territoriais CD_BAIRRO/NM_BAIRRO e correlatos,Bairro IBGE 2022,5108402063
510840220000074,5108402,Várzea Grande,Cristo Rei,IBGE Malha de Setores Censitários 2022 — atributos territoriais CD_BAIRRO/NM_BAIRRO e correlatos,Bairro IBGE 2022,5108402063
510840220000075,5108402,Várzea Grande,Cristo Rei,IBGE Malha de Setores Censitários 2022 — atributos territoriais CD_BAIRRO/NM_BAIRRO e correlatos,Bairro IBGE 2022,5108402063
510840220000076,5108402,Várzea Grande,Cristo Rei,IBGE Malha de Setores Censitários 2022 — atributos territoriais CD_BAIRRO/NM_BAIRRO e correlatos,Bairro IBGE 2022,5108402063
510840220000077,5108402,Várzea Grande,Cristo Rei,IBGE Malha de Setores Censitários 2022 — atributos territoriais CD_BAIRRO/NM_BAIRRO e correlatos,Bairro IBGE 2022,5108402063
510840220000078,5108402,Várzea Grande,Parque do Lago,IBGE Malha de Setores Censitários 2022 — atributos territoriais CD_BAIRRO/NM_BAIRRO e correlatos,Bairro IBGE 2022,5108402064
510840220000079,5108402,Várzea Grande,Parque do Lago,IBGE Malha de Setores Censitários 2022 — atributos territoriais CD_BAIRRO/NM_BAIRRO e correlatos,Bairro IBGE 2022,5108402064
510840220000080,5108402,Várzea Grande,Parque do Lago,IBGE Malha de Setores Censitários 2022 — atributos territoriais CD_BAIRRO/NM_BAIRRO e correlatos,Bairro IBGE 2022,5108402064
510840220000081,5108402,Várzea Grande,Parque do Lago,IBGE Malha de Setores Censitários 2022 — atributos territoriais CD_BAIRRO/NM_BAIRRO e correlatos,Bairro IBGE 2022,5108402064
510840220000082,5108402,Várzea Grande,Cristo Rei,IBGE Malha de Setores Censitários 2022 — atributos territoriais CD_BAIRRO/NM_BAIRRO e correlatos,Bairro IBGE 2022,5108402063
510840220000083,5108402,Várzea Grande,Cristo Rei,IBGE Malha de Setores Censitários 2022 — atributos territoriais CD_BAIRRO/NM_BAIRRO e correlatos,Bairro IBGE 2022,5108402063
510840220000084,5108402,Várzea Grande,Cristo Rei,IBGE Malha de Setores Censitários 2022 — atributos territoriais CD_BAIRRO/NM_BAIRRO e correlatos,Bairro IBGE 2022,5108402063
510840220000085,5108402,Várzea Grande,Ponte Nova,IBGE Malha de Setores Censitários 2022 — atributos territoriais CD_BAIRRO/NM_BAIRRO e correlatos,Bairro IBGE 2022,5108402062
510840220000086,5108402,Várzea Grande,Cristo Rei,IBGE Malha de Setores Censitários 2022 — atributos territoriais CD_BAIRRO/NM_BAIRRO e correlatos,Bairro IBGE 2022,5108402063
510840220000087,5108402,Várzea Grande,Cristo Rei,IBGE Malha de Setores Censitários 2022 — atributos territoriais CD_BAIRRO/NM_BAIRRO e correlatos,Bairro IBGE 2022,5108402063
510840220000088,5108402,Várzea Grande,Ponte Nova,IBGE Malha de Setores Censitários 2022 — atributos territoriais CD_BAIRRO/NM_BAIRRO e correlatos,Bairro IBGE 2022,5108402062
510840220000089,5108402,Várzea Grande,Parque do Lago,IBGE Malha de Setores Censitários 2022 — atributos territoriais CD_BAIRRO/NM_BAIRRO e correlatos,Bairro IBGE 2022,5108402064
510840220000090,5108402,Várzea Grande,Cristo Rei,IBGE Malha de Setores Censitários 2022 — atributos territoriais CD_BAIRRO/NM_BAIRRO e correlatos,Bairro IBGE 2022,5108402063
510840220000091,5108402,Várzea Grande,Cristo Rei,IBGE Malha de Setores Censitários 2022 — atributos territoriais CD_BAIRRO/NM_BAIRRO e correlatos,Bairro IBGE 2022,5108402063
510840220000092,5108402,Várzea Grande,Ponte Nova,IBGE Malha de Setores Censitários 2022 — atributos territoriais CD_BAIRRO/NM_BAIRRO e correlatos,Bairro IBGE 2022,5108402062
510840220000093,5108402,Várzea Grande,Cristo Rei,IBGE Malha de Setores Censitários 2022 — atributos territoriais CD_BAIRRO/NM_BAIRRO e correlatos,Bairro IBGE 2022,5108402063
510840220000094,5108402,Várzea Grande,Cristo Rei,IBGE Malha de Setores Censitários 2022 — atributos territoriais CD_BAIRRO/NM_BAIRRO e correlatos,Bairro IBGE 2022,5108402063
510840220000095,5108402,Várzea Grande,Ponte Nova,IBGE Malha de Setores Censitários 2022 — atributos territoriais CD_BAIRRO/NM_BAIRRO e correlatos,Bairro IBGE 2022,5108402062
510840220000096,5108402,Várzea Grande,Ponte Nova,IBGE Malha de Setores Censitários 2022 — atributos territoriais CD_BAIRRO/NM_BAIRRO e correlatos,Bairro IBGE 2022,5108402062
510840220000097,5108402,Várzea Grande,Ponte Nova,IBGE Malha de Setores Censitários 2022 — atributos territoriais CD_BAIRRO/NM_BAIRRO e correlatos,Bairro IBGE 2022,5108402062
510840220000098,5108402,Várzea Grande,Ponte Nova,IBGE Malha de Setores Censitários 2022 — atributos territoriais CD_BAIRRO/NM_BAIRRO e correlatos,Bairro IBGE 2022,5108402062
510840220000099,5108402,Várzea Grande,Ponte Nova,IBGE Malha de Setores Censitários 2022 — atributos territoriais CD_BAIRRO/NM_BAIRRO e correlatos,Bairro IBGE 2022,5108402062
510840220000100,5108402,Várzea Grande,Ponte Nova,IBGE Malha de Setores Censitários 2022 — atributos territoriais CD_BAIRRO/NM_BAIRRO e correlatos,Bairro IBGE 2022,5108402062
510840220000101,5108402,Várzea Grande,Ponte Nova,IBGE Malha de Setores Censitários 2022 — atributos territoriais CD_BAIRRO/NM_BAIRRO e correlatos,Bairro IBGE 2022,5108402062
510840225000001,5108402,Várzea Grande,Capão Grande,IBGE Malha de Setores Censitários 2022 — atributos territoriais CD_BAIRRO/NM_BAIRRO e correlatos,Favela/Comunidade urbana IBGE 2022,51084020005
510840225000002,5108402,Várzea Grande,Capão Grande,IBGE Malha de Setores Censitários 2022 — atributos territoriais CD_BAIRRO/NM_BAIRRO e correlatos,Distrito IBGE 2022,510840225
510840225000003,5108402,Várzea Grande,Capão Grande,IBGE Malha de Setores Censitários 2022 — atributos territoriais CD_BAIRRO/NM_BAIRRO e correlatos,Distrito IBGE 2022,510840225
510840225000004,5108402,Várzea Grande,Capão Grande,IBGE Malha de Setores Censitários 2022 — atributos territoriais CD_BAIRRO/NM_BAIRRO e correlatos,Distrito IBGE 2022,510840225
510840225000006,5108402,Várzea Grande,São Mateus,IBGE Malha de Setores Censitários 2022 — atributos territoriais CD_BAIRRO/NM_BAIRRO e correlatos,Bairro IBGE 2022,5108402070
510840225000007,5108402,Várzea Grande,São Mateus,IBGE Malha de Setores Censitários 2022 — atributos territoriais CD_BAIRRO/NM_BAIRRO e correlatos,Bairro IBGE 2022,5108402070
510840225000008,5108402,Várzea Grande,São Mateus,IBGE Malha de Setores Censitários 2022 — atributos territoriais CD_BAIRRO/NM_BAIRRO e correlatos,Bairro IBGE 2022,5108402070
510840225000009,5108402,Várzea Grande,São Mateus,IBGE Malha de Setores Censitários 2022 — atributos territoriais CD_BAIRRO/NM_BAIRRO e correlatos,Bairro IBGE 2022,5108402070
510840225000010,5108402,Várzea Grande,São Mateus,IBGE Malha de Setores Censitários 2022 — atributos territoriais CD_BAIRRO/NM_BAIRRO e correlatos,Bairro IBGE 2022,5108402070
510840225000011,5108402,Várzea Grande,São Mateus,IBGE Malha de Setores Censitários 2022 — atributos territoriais CD_BAIRRO/NM_BAIRRO e correlatos,Bairro IBGE 2022,5108402070
510840225000012,5108402,Várzea Grande,São Mateus,IBGE Malha de Setores Censitários 2022 — atributos territoriais CD_BAIRRO/NM_BAIRRO e correlatos,Bairro IBGE 2022,5108402070
510840225000013,5108402,Várzea Grande,São Mateus,IBGE Malha de Setores Censitários 2022 — atributos territoriais CD_BAIRRO/NM_BAIRRO e correlatos,Bairro IBGE 2022,5108402070
510840225000014,5108402,Várzea Grande,São Mateus,IBGE Malha de Setores Censitários 2022 — atributos territoriais CD_BAIRRO/NM_BAIRRO e correlatos,Bairro IBGE 2022,5108402070
510840225000015,5108402,Várzea Grande,São Mateus,IBGE Malha de Setores Censitários 2022 — atributos territoriais CD_BAIRRO/NM_BAIRRO e correlatos,Bairro IBGE 2022,5108402070
510840225000016,5108402,Várzea Grande,São Mateus,IBGE Malha de Setores Censitários 2022 — atributos territoriais CD_BAIRRO/NM_BAIRRO e correlatos,Bairro IBGE 2022,5108402070
510840225000018,5108402,Várzea Grande,Capão Grande,IBGE Malha de Setores Censitários 2022 — atributos territoriais CD_BAIRRO/NM_BAIRRO e correlatos,Distrito IBGE 2022,510840225
510840225000019,5108402,Várzea Grande,Capão Grande,IBGE Malha de Setores Censitários 2022 — atributos territoriais CD_BAIRRO/NM_BAIRRO e correlatos,Favela/Comunidade urbana IBGE 2022,51084020005
510840225000020,5108402,Várzea Grande,Capão Grande,IBGE Malha de Setores Censitários 2022 — atributos territoriais CD_BAIRRO/NM_BAIRRO e correlatos,Distrito IBGE 2022,510840225
510840225000021,5108402,Várzea Grande,Penitenciária Ahmenon Lemos Dantas,IBGE Malha de Setores Censitários 2022 — atributos territoriais CD_BAIRRO/NM_BAIRRO e correlatos,Núcleo urbano IBGE 2022,5108402002
510850105000033,5108501,Vera,Agrovila do PA Alto Celeste,IBGE Malha de Setores Censitários 2022 — atributos territoriais CD_BAIRRO/NM_BAIRRO e correlatos,Aglomerado rural IBGE 2022,510850100007
510860005000002,5108600,Vila Rica,Cidade Jardim,IBGE Malha de Setores Censitários 2022 — atributos territoriais CD_BAIRRO/NM_BAIRRO e correlatos,Bairro IBGE 2022,5108600001
510860005000003,5108600,Vila Rica,Cidade Jardim,IBGE Malha de Setores Censitários 2022 — atributos territoriais CD_BAIRRO/NM_BAIRRO e correlatos,Bairro IBGE 2022,5108600001
510860005000009,5108600,Vila Rica,Bela Vista,IBGE Malha de Setores Censitários 2022 — atributos territoriais CD_BAIRRO/NM_BAIRRO e correlatos,Bairro IBGE 2022,5108600002
510860005000010,5108600,Vila Rica,Bela Vista,IBGE Malha de Setores Censitários 2022 — atributos territoriais CD_BAIRRO/NM_BAIRRO e correlatos,Bairro IBGE 2022,5108600002
510860005000011,5108600,Vila Rica,Vila Nova,IBGE Malha de Setores Censitários 2022 — atributos territoriais CD_BAIRRO/NM_BAIRRO e correlatos,Bairro IBGE 2022,5108600003
510860005000012,5108600,Vila Rica,Inconfidentes,IBGE Malha de Setores Censitários 2022 — atributos territoriais CD_BAIRRO/NM_BAIRRO e correlatos,Bairro IBGE 2022,5108600004
510860005000013,5108600,Vila Rica,Inconfidentes,IBGE Malha de Setores Censitários 2022 — atributos territoriais CD_BAIRRO/NM_BAIRRO e correlatos,Bairro IBGE 2022,5108600004
510860005000025,5108600,Vila Rica,Cidade Jardim,IBGE Malha de Setores Censitários 2022 — atributos territoriais CD_BAIRRO/NM_BAIRRO e correlatos,Bairro IBGE 2022,5108600001
510860005000029,5108600,Vila Rica,Vila Nova,IBGE Malha de Setores Censitários 2022 — atributos territoriais CD_BAIRRO/NM_BAIRRO e correlatos,Bairro IBGE 2022,5108600003
510860005000030,5108600,Vila Rica,Vila Nova,IBGE Malha de Setores Censitários 2022 — atributos territoriais CD_BAIRRO/NM_BAIRRO e correlatos,Bairro IBGE 2022,5108600003
510860005000031,5108600,Vila Rica,Inconfidentes,IBGE Malha de Setores Censitários 2022 — atributos territoriais CD_BAIRRO/NM_BAIRRO e correlatos,Bairro IBGE 2022,5108600004
510860005000032,5108600,Vila Rica,Inconfidentes,IBGE Malha de Setores Censitários 2022 — atributos territoriais CD_BAIRRO/NM_BAIRRO e correlatos,Bairro IBGE 2022,5108600004
510860005000035,5108600,Vila Rica,Inconfidentes,IBGE Malha de Setores Censitários 2022 — atributos territoriais CD_BAIRRO/NM_BAIRRO e correlatos,Bairro IBGE 2022,5108600004
510860005000053,5108600,Vila Rica,Agrovila do PA Carmelita,IBGE Malha de Setores Censitários 2022 — atributos territoriais CD_BAIRRO/NM_BAIRRO e correlatos,Aglomerado rural IBGE 2022,510860000004
510880805000006,5108808,Nova Guarita,Agrovila do PA Planalto,IBGE Malha de Setores Censitários 2022 — atributos territoriais CD_BAIRRO/NM_BAIRRO e correlatos,Aglomerado rural IBGE 2022,510880800001
510885705000009,5108857,Nova Marilândia,Centro,IBGE Malha de Setores Censitários 2022 — atributos territoriais CD_BAIRRO/NM_BAIRRO e correlatos,Bairro IBGE 2022,5108857001
510885705000010,5108857,Nova Marilândia,Renascer,IBGE Malha de Setores Censitários 2022 — atributos territoriais CD_BAIRRO/NM_BAIRRO e correlatos,Bairro IBGE 2022,5108857002
510885705000011,5108857,Nova Marilândia,Planalto,IBGE Malha de Setores Censitários 2022 — atributos territoriais CD_BAIRRO/NM_BAIRRO e correlatos,Bairro IBGE 2022,5108857003
510885705000013,5108857,Nova Marilândia,Planalto,IBGE Malha de Setores Censitários 2022 — atributos territoriais CD_BAIRRO/NM_BAIRRO e correlatos,Bairro IBGE 2022,5108857003
510890705000007,5108907,Nova Maringá,Brianorte,IBGE Malha de Setores Censitários 2022 — atributos territoriais CD_BAIRRO/NM_BAIRRO e correlatos,Aglomerado rural IBGE 2022,510890700001
510890705000034,5108907,Nova Maringá,Brianorte,IBGE Malha de Setores Censitários 2022 — atributos territoriais CD_BAIRRO/NM_BAIRRO e correlatos,Aglomerado rural IBGE 2022,510890700001
510895605000006,5108956,Nova Monte Verde,São José do Apuí,IBGE Malha de Setores Censitários 2022 — atributos territoriais CD_BAIRRO/NM_BAIRRO e correlatos,Aglomerado rural IBGE 2022,510895600002
510895605000007,5108956,Nova Monte Verde,Alto Paraíso,IBGE Malha de Setores Censitários 2022 — atributos territoriais CD_BAIRRO/NM_BAIRRO e correlatos,Aglomerado rural IBGE 2022,510895600001
