municipio,codigo_ibge,cnes,nome_unidade,tipo_unidade,bairro,logradouro,latitude,longitude,fonte,observacao_validacao,coordenada_valida,qtd_esf,qtd_esb,ines_vinculados
Acorizal,5100102,2390981,CENTRO DE SAUDE DE ACORIZAL,UBS / Centro de Saúde,CENTRO,AVN HONORATO PEDROSO DE BARROS,-15.19972,-56.36567,Dados Abertos SUS - CNES Estabelecimentos,"Validar funcionamento, localização e vínculo territorial com APS municipal/ERS.",True,2,1,0000445282; 0000445290; 0001976265; 0002177005; 0002489848
Acorizal,5100102,2391015,POSTO DE SAUDE DE BAUS,Posto de Saúde,ZONA RURAL,BAUS,-15.235251,-56.295097,Dados Abertos SUS - CNES Estabelecimentos,"Validar funcionamento, localização e vínculo territorial com APS municipal/ERS.",True,0,0,
Acorizal,5100102,2391007,POSTO DE SAUDE DE CHAPEU DE SOL,Posto de Saúde,ZONA RURAL,CHAPEU DE SOL,-15.056223,-56.32548,Dados Abertos SUS - CNES Estabelecimentos,"Validar funcionamento, localização e vínculo territorial com APS municipal/ERS.",True,0,0,
Acorizal,5100102,2391023,POSTO DE SAUDE DE ENGENHO,Posto de Saúde,ZONA RURAL,ENGENHO,-15.155809,-56.414213,Dados Abertos SUS - CNES Estabelecimentos,"Validar funcionamento, localização e vínculo territorial com APS municipal/ERS.",True,0,0,
Alta Floresta,5100250,6220061,NUCLEO DE APOIO A SAUDE DA FAMILIA DE ALTA FLORESTA,USF / Saúde da Família,CANTEIRO CENTRAL,RUA DF,-9.8822860631,-56.0864120722,Dados Abertos SUS - CNES Estabelecimentos,"Validar funcionamento, localização e vínculo territorial com APS municipal/ERS.",True,0,0,
Alta Floresta,5100250,9538585,POSTO DE SAUDE CLAUDENIR FONTES,Posto de Saúde,PISTA DO CABECA,COMUNIDADE NOVO CRUZEIRO,-9.88176815,-56.0813426971,Dados Abertos SUS - CNES Estabelecimentos,"Validar funcionamento, localização e vínculo territorial com APS municipal/ERS.",True,0,0,
Alta Floresta,5100250,2471418,POSTO DE SAUDE JACAMINHO,Posto de Saúde,ZONA RURAL,COM SAO MATEUS,-9.897157219,-56.0975646973,Dados Abertos SUS - CNES Estabelecimentos,"Validar funcionamento, localização e vínculo territorial com APS municipal/ERS.",True,0,0,
Alta Floresta,5100250,2471469,POSTO DE SAUDE MUNDO NOVO,Posto de Saúde,ZONA RURAL,TERCEIRA LESTE,-9.899524704,-56.0876083374,Dados Abertos SUS - CNES Estabelecimentos,"Validar funcionamento, localização e vínculo territorial com APS municipal/ERS.",True,0,0,
Alta Floresta,5100250,2471531,POSTO DE SAUDE NOVA ALIANCA,Posto de Saúde,ZONA RURAL,COMUN NOVA ALIANCA,-9.8996938095,-56.0869216919,Dados Abertos SUS - CNES Estabelecimentos,"Validar funcionamento, localização e vínculo territorial com APS municipal/ERS.",True,0,0,
Alta Floresta,5100250,2471523,POSTO DE SAUDE NOVA ALVORADA,Posto de Saúde,COMUN NOVA ALVORADA,4 LESTE,-9.9045978289,-56.0713005066,Dados Abertos SUS - CNES Estabelecimentos,"Validar funcionamento, localização e vínculo territorial com APS municipal/ERS.",True,0,0,
Alta Floresta,5100250,2471388,POSTO DE SAUDE OUROLANDA,Posto de Saúde,ZONA RURAL,PISTA DO CABEAACOM OUROLANDA,-9.9086562723,-56.0572242737,Dados Abertos SUS - CNES Estabelecimentos,"Validar funcionamento, localização e vínculo territorial com APS municipal/ERS.",True,0,0,
Alta Floresta,5100250,2471450,POSTO DE SAUDE RAMAL DO MOGNO,Posto de Saúde,ZONA RURAL,ESTRADA RAMAL DO MOGNO,-9.9086562723,-56.0558509827,Dados Abertos SUS - CNES Estabelecimentos,"Validar funcionamento, localização e vínculo territorial com APS municipal/ERS.",True,0,0,
Alta Floresta,5100250,2471566,POSTO DE SAUDE RIO VERDE,Posto de Saúde,ZONA RURAL,4 SUL,,,Dados Abertos SUS - CNES Estabelecimentos,"Validar funcionamento, localização e vínculo territorial com APS municipal/ERS.",False,0,0,
Alta Floresta,5100250,2471396,POSTO DE SAUDE SANTA MARIA,Posto de Saúde,ZONA RURAL,COMUNIDADE SANTA RITA,,,Dados Abertos SUS - CNES Estabelecimentos,"Validar funcionamento, localização e vínculo territorial com APS municipal/ERS.",False,0,0,
Alta Floresta,5100250,2471361,POSTO DE SAUDE SANTA RITA,Posto de Saúde,ZONA RURAL,COMUNIDADE SANTA RITA,-9.9096708753,-56.0563659668,Dados Abertos SUS - CNES Estabelecimentos,"Validar funcionamento, localização e vínculo territorial com APS municipal/ERS.",True,0,0,
Alta Floresta,5100250,3534766,PROGRAMA SAUDE DA FAMILIA IX BOM JESUS,USF / Saúde da Família,INDUSTRIAL,TRAVESSA 13 DE MAIO,-9.8627825061,-56.0786950218,Dados Abertos SUS - CNES Estabelecimentos,"Validar funcionamento, localização e vínculo territorial com APS municipal/ERS.",True,1,1,0000445495; 0001787780
Alta Floresta,5100250,3534715,PROGRAMA SAUDE DA FAMILIA VII ZONA RURAL,USF / Saúde da Família,ZONA RURAL,COM SANTA LUCIA OURO VERDE RIO VERDE,-11.3662837126,-57.4767975613,Dados Abertos SUS - CNES Estabelecimentos,"Validar funcionamento, localização e vínculo territorial com APS municipal/ERS.",True,1,0,0000445479
Alta Floresta,5100250,3534731,PROGRAMA SAUDE DA FAMILIA VIII BOA ESPERANCA,USF / Saúde da Família,JARDIM GUARANA,RUA NWF PREDIO NOVO,-9.8386251291,-56.0704281657,Dados Abertos SUS - CNES Estabelecimentos,"Validar funcionamento, localização e vínculo territorial com APS municipal/ERS.",True,1,1,0000445487; 0001787772
Alta Floresta,5100250,5742536,SAO LUCAS CENTRO DE SAUDE,UBS / Centro de Saúde,AQUARELA HAMOA BAIRR,MARAGOGI,-9.9104935,-56.0634249,Dados Abertos SUS - CNES Estabelecimentos,"Validar funcionamento, localização e vínculo territorial com APS municipal/ERS.",True,0,0,
Alto Araguaia,5100300,2396939,CENTRO DE SAUDE LAURINDO PIRES DE MORAES,UBS / Centro de Saúde,CENTRO,RUA QUINTINO BOCAIUVA,-17.315622259,-53.2193505764,Dados Abertos SUS - CNES Estabelecimentos,"Validar funcionamento, localização e vínculo territorial com APS municipal/ERS.",True,0,0,
Alto Boa Vista,5100359,2654679,CENTRO DE SAUDE USF MARIA MANSO,USF / Saúde da Família,VILA REAL,SEBASTIANA PERERIA PASSARINHO,-11.6747483053,-51.3736742735,Dados Abertos SUS - CNES Estabelecimentos,"Validar funcionamento, localização e vínculo territorial com APS municipal/ERS.",True,1,1,0000445622; 0002056704
Alto Boa Vista,5100359,6323138,USF ADELIA REZENDE AZEVEDO,USF / Saúde da Família,MAE MARIA,AV MOISES DORNELES MONTIEL,-11.666652637,-51.3776922226,Dados Abertos SUS - CNES Estabelecimentos,"Validar funcionamento, localização e vínculo territorial com APS municipal/ERS.",True,1,1,0000445630; 0002056658
Alto Garças,5100409,5875285,CENTRO DE SAUDE ALTO GARCAS,UBS / Centro de Saúde,CENTRO,AVENIDA MANOEL CARVALHO BASTOS,-16.9429,-53.52914,Dados Abertos SUS - CNES Estabelecimentos,"Validar funcionamento, localização e vínculo territorial com APS municipal/ERS.",True,0,0,
Alto Garças,5100409,2767325,UNIDADE DE SAUDE DA FAMILIA EQ 01 DR MIGUEL JOSE DA SILVA,USF / Saúde da Família,CENTRO,RUA DOM JOSE SELVA,-16.95189,-53.52855,Dados Abertos SUS - CNES Estabelecimentos,"Validar funcionamento, localização e vínculo territorial com APS municipal/ERS.",True,1,1,0000445649; 0002051710
Alto Garças,5100409,3458334,UNIDADE DE SAUDE DA FAMILIA EQ 03 ARCEU P DE OLIVEIRA,USF / Saúde da Família,MANGUEIRA,AV JACIARA,-16.952182,-53.536687,Dados Abertos SUS - CNES Estabelecimentos,"Validar funcionamento, localização e vínculo territorial com APS municipal/ERS.",True,1,1,0000445665; 0002050250; 0002430398
Alto Garças,5100409,3078736,UNIDADE DE SAUDE DA FAMILIA EQUIPE 2 GERALDA MOREIRA CAJANGO,USF / Saúde da Família,VILA MORENA,AV 8,-16.932711,-53.531399,Dados Abertos SUS - CNES Estabelecimentos,"Validar funcionamento, localização e vínculo territorial com APS municipal/ERS.",True,1,1,0000445657; 0002054973
Alto Garças,5100409,4460812,UNIDADE DE SAUDE DA FAMILIA EQUIPE 4,USF / Saúde da Família,BOA ESPERANCA,RUA SAO PAULO,-16.951463,-53.522832,Dados Abertos SUS - CNES Estabelecimentos,"Validar funcionamento, localização e vínculo territorial com APS municipal/ERS.",True,1,0,0002429543
Alto Paraguai,5100508,7218729,CENTRO DE SAUDE CENTRAL,UBS / Centro de Saúde,BELA VISTA,RUA GETULIO VARGAS,,,Dados Abertos SUS - CNES Estabelecimentos,"Validar funcionamento, localização e vínculo territorial com APS municipal/ERS.",False,0,0,
Alto Paraguai,5100508,7918968,POSTO DE SAUDE DE AGUA SANTA,Posto de Saúde,AGUA SANTA,DISTRITO AGUA SANTA,-14.901692,-56.733831,Dados Abertos SUS - CNES Estabelecimentos,"Validar funcionamento, localização e vínculo territorial com APS municipal/ERS.",True,0,0,0002492547
Alto Paraguai,5100508,2397889,POSTO DE SAUDE DE TIRA SENTIDO,Posto de Saúde,ZONA RURAL,TIRA SENTIDO,-14.836244,-56.810848,Dados Abertos SUS - CNES Estabelecimentos,"Validar funcionamento, localização e vínculo territorial com APS municipal/ERS.",True,0,0,0002492539
Alto Taquari,5100607,9042261,UNIDADE BASICA DE SAUDE DA FAMILIA DE ALTO TAQUARI III,USF / Saúde da Família,PARQUE ALTO TAQUARI,RUA ONDINO RODRIGUES DE LIMA,-17.8256589021,-53.2815241814,Dados Abertos SUS - CNES Estabelecimentos,"Validar funcionamento, localização e vínculo territorial com APS municipal/ERS.",True,1,1,0001611879; 0001869183
Alto Taquari,5100607,2397064,UNIDADE DE SAUDE DA FAMILIA DE ALTO TAQUARI 13 PONTOS,USF / Saúde da Família,13 PONTOS,RUA DOS PIONEIROS,-17.841059,-53.283213,Dados Abertos SUS - CNES Estabelecimentos,"Validar funcionamento, localização e vínculo territorial com APS municipal/ERS.",True,1,1,0000445703; 0001869256
Alto Taquari,5100607,6906842,UNIDADE DE SAUDE DA FAMILIA DE ALTO TAQUARI CENTRAL,USF / Saúde da Família,CENTRO,RUA VER ITAMIR MARTINS CARDOSO,-17.8261287349,-53.2810091972,Dados Abertos SUS - CNES Estabelecimentos,"Validar funcionamento, localização e vínculo territorial com APS municipal/ERS.",True,1,1,0000445711; 0001869280
Apiacás,5100805,5312574,CENTRO DE SAUDE PROGRAMA DE SAUDE DA FAMILIA II,USF / Saúde da Família,UNIAO,AVENIDA GOVERNADOR JAIME CAMPOS,-9.558777,-57.393945,Dados Abertos SUS - CNES Estabelecimentos,"Validar funcionamento, localização e vínculo territorial com APS municipal/ERS.",True,1,1,0000445746; 0001939912
Apiacás,5100805,2655640,CENTRO DE SAUDE PROGRAMA SAUDE DA FAMILIA I,USF / Saúde da Família,BOM JESUS,AVENIDA MATO GROSSO,-9.5678422,-57.394852,Dados Abertos SUS - CNES Estabelecimentos,"Validar funcionamento, localização e vínculo territorial com APS municipal/ERS.",True,1,1,0000445738; 0001498487; 0001939459
Apiacás,5100805,9342435,CENTRO DE SAUDE PROGRAMA SAUDE DA FAMILIA III,USF / Saúde da Família,PIONEIRO,AVENIDA SANTOS DUMONT LOTE LP 02 02,-9.5190947,-57.439956,Dados Abertos SUS - CNES Estabelecimentos,"Validar funcionamento, localização e vínculo territorial com APS municipal/ERS.",True,1,1,0001633724; 0002320320
Araguaiana,5101001,2395630,UNIDADE SAUDE DA FAMILIA RENASCER DE ARAGUAIANA MT,USF / Saúde da Família,CENTRO,RUA JOSE DA LUZ,-15.73012,-51.8342,Dados Abertos SUS - CNES Estabelecimentos,"Validar funcionamento, localização e vínculo territorial com APS municipal/ERS.",True,1,1,0000445754; 0001491318; 0002011476
Araguainha,5101209,2396238,CENTRO DE SAUDE DE ARAGUAINHA,UBS / Centro de Saúde,CENTRO,AVENIDA ARAGUAIA,-16.8599997576,-53.0333822966,Dados Abertos SUS - CNES Estabelecimentos,"Validar funcionamento, localização e vínculo territorial com APS municipal/ERS.",True,1,1,0000445762; 0002157810; 0002351595
Araputanga,5101258,4206010,CENTRO DE APOIO A SAUDE DA FAMILIA ARAPUTANGA,USF / Saúde da Família,CENTRO,RUA ARTHUR FRANCISCO XAVIER,-15.4678267845,-58.3507211477,Dados Abertos SUS - CNES Estabelecimentos,"Validar funcionamento, localização e vínculo territorial com APS municipal/ERS.",True,0,0,
Araputanga,5101258,9036024,ESF EQUIPE DE SAUDE DA FAMILIA RURAL,USF / Saúde da Família,ZONA RURAL,ZONA RURAL,-15.47099,-58.35298,Dados Abertos SUS - CNES Estabelecimentos,"Validar funcionamento, localização e vínculo territorial com APS municipal/ERS.",True,1,0,0000445770
Araputanga,5101258,2394383,POSTO DE SAUDE DAS BOTAS,Posto de Saúde,ZONA RURAL,RUA PRINCIPAL,-15.471,-58.353,Dados Abertos SUS - CNES Estabelecimentos,"Validar funcionamento, localização e vínculo territorial com APS municipal/ERS.",True,0,0,
Araputanga,5101258,2394375,POSTO DE SAUDE DE CACHOEIRINHA,Posto de Saúde,ZONA RURAL,AVENIDA PRINCIPAL,,,Dados Abertos SUS - CNES Estabelecimentos,"Validar funcionamento, localização e vínculo territorial com APS municipal/ERS.",False,0,0,
Araputanga,5101258,2394391,POSTO DE SAUDE DE FARINOPOLIS,Posto de Saúde,ZONA RURAL,AVENIDA PRINCIPAL,,,Dados Abertos SUS - CNES Estabelecimentos,"Validar funcionamento, localização e vínculo territorial com APS municipal/ERS.",False,0,0,
Araputanga,5101258,9036253,UNIDADE BASICA DE SAUDE CIDADE ALTA,UBS / Centro de Saúde,CIDADE ALTA,AV ORIDIA PIMENTA DA CONCEICAO DE CARVALHO,-15.476511,-58.352508,Dados Abertos SUS - CNES Estabelecimentos,"Validar funcionamento, localização e vínculo territorial com APS municipal/ERS.",True,1,1,0001680633; 0001775197
Araputanga,5101258,9928642,UNIDADE DE SAUDE DA FAMILIA CENTRAL,USF / Saúde da Família,CENTRO,RUA ARTHUR FRANCISCO XAVIER,-15.470928,-58.353002,Dados Abertos SUS - CNES Estabelecimentos,"Validar funcionamento, localização e vínculo territorial com APS municipal/ERS.",True,1,1,0001706217; 0001768271
Araputanga,5101258,2394405,UNIDADE DE SAUDE DA FAMILIA JOSEILTON DOS SANTOS CARAPIA,USF / Saúde da Família,SAO SEBASTIAO,RUA LIMIRO ROSA PEREIRA,-15.4677020749,-58.3565425873,Dados Abertos SUS - CNES Estabelecimentos,"Validar funcionamento, localização e vínculo territorial com APS municipal/ERS.",True,1,1,0000445789; 0001765299
Aripuanã,5101407,2393107,POSTO DE SAUDE CIDADE MORENA,Posto de Saúde,ZONA RURAL,CIDADE MORENA,,,Dados Abertos SUS - CNES Estabelecimentos,"Validar funcionamento, localização e vínculo territorial com APS municipal/ERS.",False,0,0,
Aripuanã,5101407,2393131,POSTO DE SAUDE DE AR 02,Posto de Saúde,ZONA RURAL,RODOVIA AR02,,,Dados Abertos SUS - CNES Estabelecimentos,"Validar funcionamento, localização e vínculo territorial com APS municipal/ERS.",False,0,0,
Aripuanã,5101407,7856199,POSTO DE SAUDE INDIGENA AREIAO ARIPUANA,Posto de Saúde,ALDEIA,ALDEIA AREIAO,-10.1413854259,-59.3928223084,Dados Abertos SUS - CNES Estabelecimentos,"Validar funcionamento, localização e vínculo territorial com APS municipal/ERS.",True,0,0,
Aripuanã,5101407,7856202,POSTO DE SAUDE INDIGENA BOA ESPERANCA ARIPUANA,Posto de Saúde,ALDEIA,ALDEIA BOA ESPERANCA,-10.4878118821,-59.7875976562,Dados Abertos SUS - CNES Estabelecimentos,"Validar funcionamento, localização e vínculo territorial com APS municipal/ERS.",True,0,0,
Aripuanã,5101407,7856210,POSTO DE SAUDE INDIGENA CACHOEIRINHA ARIPUANA,Posto de Saúde,ALDEIA,ALDEIA CACHOEIRINHA,-10.2150467129,-59.505747555,Dados Abertos SUS - CNES Estabelecimentos,"Validar funcionamento, localização e vínculo territorial com APS municipal/ERS.",True,0,0,
Aripuanã,5101407,7856229,POSTO DE SAUDE INDIGENA FLOR DA SELVA ARIPUANA,Posto de Saúde,ALDEIA,ALDEIA FLOR DA SELVA,-10.1218041106,-59.2120396325,Dados Abertos SUS - CNES Estabelecimentos,"Validar funcionamento, localização e vínculo territorial com APS municipal/ERS.",True,0,0,
Aripuanã,5101407,9140670,POSTO DE SAUDE INDIGENA FLOR DO PRADO ARIPUANA,Posto de Saúde,ALDEIA,ALDEIA FLOR DO PRADO,-10.7146859,-60.4012596,Dados Abertos SUS - CNES Estabelecimentos,"Validar funcionamento, localização e vínculo territorial com APS municipal/ERS.",True,0,0,
Aripuanã,5101407,7856237,POSTO DE SAUDE INDIGENA PARALELO 10 ARIPUANA,Posto de Saúde,ALDEIA,ALDEIA PARALELO 10,-10.0268306048,-59.2890352293,Dados Abertos SUS - CNES Estabelecimentos,"Validar funcionamento, localização e vínculo territorial com APS municipal/ERS.",True,0,0,
Aripuanã,5101407,7856245,POSTO DE SAUDE INDIGENA PONTE NOVA ARIPUANA,Posto de Saúde,ALDEIA,ALDEIA PONTE NOVA,-10.1690939228,-59.457321167,Dados Abertos SUS - CNES Estabelecimentos,"Validar funcionamento, localização e vínculo territorial com APS municipal/ERS.",True,0,0,
Aripuanã,5101407,7856261,POSTO DE SAUDE INDIGENA TAQUARAL ARIPUANA,Posto de Saúde,ALDEIA,ALDEIA TAQUARAL,-10.4164953,-59.7105047,Dados Abertos SUS - CNES Estabelecimentos,"Validar funcionamento, localização e vínculo territorial com APS municipal/ERS.",True,0,0,
Aripuanã,5101407,7856253,POSTO DE SAUDE INDIGENA VOLTA GRANDE ARIPUANA,Posto de Saúde,ALDEIA,ALDEIA VOLTA GRANDE,-9.8845312855,-59.298551535,Dados Abertos SUS - CNES Estabelecimentos,"Validar funcionamento, localização e vínculo territorial com APS municipal/ERS.",True,0,0,
Aripuanã,5101407,2393158,POSTO DE SAUDE LONTRA,Posto de Saúde,ZONA RURAL,ZONA RURAL,,,Dados Abertos SUS - CNES Estabelecimentos,"Validar funcionamento, localização e vínculo territorial com APS municipal/ERS.",False,0,0,
Aripuanã,5101407,4069102,POSTO DE SAUDE NOVA UNIAO,Posto de Saúde,ZONA RURAL,ASSENTAMENTO NOVA UNIAO,,,Dados Abertos SUS - CNES Estabelecimentos,"Validar funcionamento, localização e vínculo territorial com APS municipal/ERS.",False,0,0,
Aripuanã,5101407,2393166,POSTO DE SAUDE RIO BRANCO,Posto de Saúde,ZONA RURAL,ZONA RURAL,,,Dados Abertos SUS - CNES Estabelecimentos,"Validar funcionamento, localização e vínculo territorial com APS municipal/ERS.",False,0,0,
Aripuanã,5101407,2393115,POSTO DE SAUDE VALE DO SONHO,Posto de Saúde,ZONA RURAL,ZONA RURAL,,,Dados Abertos SUS - CNES Estabelecimentos,"Validar funcionamento, localização e vínculo territorial com APS municipal/ERS.",False,0,0,
Aripuanã,5101407,4153871,UNIDADE BASICA DE SAUDE MANOEL CORREIA DE OLIVEIRA,UBS / Centro de Saúde,VILA OPERARIO,AVENDIDA E ESQUINA COM RUA B,-10.1826319361,-59.4479227066,Dados Abertos SUS - CNES Estabelecimentos,"Validar funcionamento, localização e vínculo territorial com APS municipal/ERS.",True,1,1,0002317281; 0002320924
Aripuanã,5101407,3521583,UNIDADE BASICA SAUDE CIDADE ALTA ARIPUANA,UBS / Centro de Saúde,CIDADE ALTA,RUA 1 DE MAIO,-10.1748597928,-59.4407129288,Dados Abertos SUS - CNES Estabelecimentos,"Validar funcionamento, localização e vínculo territorial com APS municipal/ERS.",True,1,0,0000445878
Aripuanã,5101407,2393085,UNIDADE BASICA SAUDE CLEUZA ALVES DE OLIVEIRA,UBS / Centro de Saúde,MODULO 01,RUA AMADEU VENANCIO NANTES,-10.1739093818,-59.4562482834,Dados Abertos SUS - CNES Estabelecimentos,"Validar funcionamento, localização e vínculo territorial com APS municipal/ERS.",True,1,1,0000445835; 0002011557; 0002354497
Aripuanã,5101407,2604191,UNIDADE BASICA SAUDE DA FAMILIA VALDIR KLAT,USF / Saúde da Família,JARDIM PLANALTO,RUA JP 20,-10.1838331166,-59.4322344661,Dados Abertos SUS - CNES Estabelecimentos,"Validar funcionamento, localização e vínculo territorial com APS municipal/ERS.",True,1,1,0000445843; 0002305828
Aripuanã,5101407,4269357,UNIDADE BASICA SAUDE JARDIM PARANA ARIPUANA,UBS / Centro de Saúde,JARDIM PLANALTO,RUA JP 20,-10.1838991154,-59.432258606,Dados Abertos SUS - CNES Estabelecimentos,"Validar funcionamento, localização e vínculo territorial com APS municipal/ERS.",True,1,1,0002377845; 0002526271
Aripuanã,5101407,2604205,UNIDADE BASICA SAUDE LUCIA HELENA DO NASCIMENTO,UBS / Centro de Saúde,ZONA RURAL,RUA 10 DE JANEIRO,-10.1617333113,-59.4538450241,Dados Abertos SUS - CNES Estabelecimentos,"Validar funcionamento, localização e vínculo territorial com APS municipal/ERS.",True,1,1,0000445851; 0002011565
Barra do Bugres,5101704,9468021,POSTO DE SAUDE ANTONIO CONSELHEIRO BARRA DO BUGRES,Posto de Saúde,AREA RURAL,ESTRADA PRINCIPAL,-14.996193729,-57.2923278809,Dados Abertos SUS - CNES Estabelecimentos,"Validar funcionamento, localização e vínculo territorial com APS municipal/ERS.",True,0,0,
Barra do Bugres,5101704,9468056,POSTO DE SAUDE BAIXIUS BARRA DO BUGRES,Posto de Saúde,COMUNIDADE BAIXIUS,ESTRADA PRINCIPAL,-15.1664178218,-57.0901107788,Dados Abertos SUS - CNES Estabelecimentos,"Validar funcionamento, localização e vínculo territorial com APS municipal/ERS.",True,0,0,
Barra do Bugres,5101704,9468064,POSTO DE SAUDE CABACAS BARRA DO BUGRES,Posto de Saúde,ASSENTAMENTO CABACAS,ESTRADA PRINCIPAL ANEXO A ANTIGA SEDE,-15.0960739532,-57.2749900818,Dados Abertos SUS - CNES Estabelecimentos,"Validar funcionamento, localização e vínculo territorial com APS municipal/ERS.",True,0,0,
Barra do Bugres,5101704,2472600,POSTO DE SAUDE CURRUPIRA BARRA DO BUGRES,Posto de Saúde,CURRIPIRA,RUA PRINCIPAL,-15.1437181132,-56.7965698242,Dados Abertos SUS - CNES Estabelecimentos,"Validar funcionamento, localização e vínculo territorial com APS municipal/ERS.",True,0,0,0002281066
Barra do Bugres,5101704,2472473,POSTO DE SAUDE DE NOVO FERNANDOPOLIS BARRA DO BUGRES,Posto de Saúde,CENTRO,RUA PRINCIPAL,-14.9500921661,-57.6232910156,Dados Abertos SUS - CNES Estabelecimentos,"Validar funcionamento, localização e vínculo territorial com APS municipal/ERS.",True,0,0,
Barra do Bugres,5101704,7478089,UNIDADE BASICA DE SAUDE INDIGENA ALDEIA UMUTINA,UBS / Centro de Saúde,ZONA RURAL,ALDEIA UMUTINA,-14.9964424515,-57.041734457,Dados Abertos SUS - CNES Estabelecimentos,"Validar funcionamento, localização e vínculo territorial com APS municipal/ERS.",True,0,0,
Barra do Garças,5101803,4938755,CENNA CENTRO DE SAUDE,UBS / Centro de Saúde,SETOR SUL II,INDEPENDENCIA,-15.8961897,-52.262679,Dados Abertos SUS - CNES Estabelecimentos,"Validar funcionamento, localização e vínculo territorial com APS municipal/ERS.",True,0,0,
Barra do Garças,5101803,2395711,CENTRO DE SAUDE INDIANOPOLIS,UBS / Centro de Saúde,DISTRITO DE INDIANOP,AVENIDA PRINCIPAL,-15.035115281,-52.2369432449,Dados Abertos SUS - CNES Estabelecimentos,"Validar funcionamento, localização e vínculo territorial com APS municipal/ERS.",True,0,0,
Barra do Garças,5101803,2395649,CENTRO DE SAUDE TORICUEIJE,UBS / Centro de Saúde,TORICOEJE,DISTRITO DE TORICUEIJE,-15.2510749009,-53.0553093553,Dados Abertos SUS - CNES Estabelecimentos,"Validar funcionamento, localização e vínculo territorial com APS municipal/ERS.",True,0,0,
Barra do Garças,5101803,2395657,CENTRO DE SAUDE VALE DOS SONHOS,UBS / Centro de Saúde,DISTRITO VALE DOS SO,AVENIDA MINISTRO JOAO ALBERTO,-15.3863652524,-52.201961875,Dados Abertos SUS - CNES Estabelecimentos,"Validar funcionamento, localização e vínculo territorial com APS municipal/ERS.",True,0,0,
Barra do Garças,5101803,2395673,CENTRO DE SAUDE VOADEIRA,UBS / Centro de Saúde,DISTRITO VOADEIRA,RUA PRINCIPAL,-15.8101956684,-52.3532009125,Dados Abertos SUS - CNES Estabelecimentos,"Validar funcionamento, localização e vínculo territorial com APS municipal/ERS.",True,0,0,
Barra do Garças,5101803,7645120,UBS CARVALHO I E II,UBS / Centro de Saúde,RESIDENCIAL CARVALHO,RUA 17,,,Dados Abertos SUS - CNES Estabelecimentos,"Validar funcionamento, localização e vínculo territorial com APS municipal/ERS.",False,0,0,
Barra do Garças,5101803,7756844,UBS CENTRO SAO BENEDITO,UBS / Centro de Saúde,SAO BENEDITO,RUA PIO XII,,,Dados Abertos SUS - CNES Estabelecimentos,"Validar funcionamento, localização e vínculo territorial com APS municipal/ERS.",False,0,0,
Barra do Garças,5101803,7645139,UBS JARDIM NOVA BARRA II,UBS / Centro de Saúde,JARDIM NOVA BARRA,ITAPAJO,-15.903961,-52.3107463,Dados Abertos SUS - CNES Estabelecimentos,"Validar funcionamento, localização e vínculo territorial com APS municipal/ERS.",True,1,1,0001709445; 0001767844; 0002450224
Barra do Garças,5101803,2395754,UBS JARDIM PIRACEMA,UBS / Centro de Saúde,JD PIRACEMA,AVENIDA PRINCIPAL ESQUINA COM RUA PAULO DELMONDES,-15.8837591636,-52.2863119841,Dados Abertos SUS - CNES Estabelecimentos,"Validar funcionamento, localização e vínculo territorial com APS municipal/ERS.",True,1,1,0001630547; 0001768018
Barra do Garças,5101803,7645171,UBS SANTO ANTONIO III,UBS / Centro de Saúde,SANTO ANTONIO,RUA JOSE ANDRE VARJAO ESQ C RUA 28,-15.8742291592,-52.264816761,Dados Abertos SUS - CNES Estabelecimentos,"Validar funcionamento, localização e vínculo territorial com APS municipal/ERS.",True,1,1,0001687204; 0001767186
Barra do Garças,5101803,3894703,UBS SAO JOSE,UBS / Centro de Saúde,SAO JOSE,RUA PRIMAVERA,-15.8817572294,-52.3164761066,Dados Abertos SUS - CNES Estabelecimentos,"Validar funcionamento, localização e vínculo territorial com APS municipal/ERS.",True,1,1,0002463504; 0002500221
Barra do Garças,5101803,7645163,UBSI NAMUNKURA,UBS / Centro de Saúde,OUTROS,ALDEIA INDIGENA NAMUCURA,-15.18412,-52.8700358,Dados Abertos SUS - CNES Estabelecimentos,"Validar funcionamento, localização e vínculo territorial com APS municipal/ERS.",True,0,0,
Barra do Garças,5101803,9344624,UBSI NOSSA SENHORA DA GUIA,UBS / Centro de Saúde,ALDEIA SAO MARCOS,ESTRADA RURAL ALDEIA NOSSA SENHORA DA GUIA,-15.3569115,-52.8501054,Dados Abertos SUS - CNES Estabelecimentos,"Validar funcionamento, localização e vínculo territorial com APS municipal/ERS.",True,0,0,
Barra do Garças,5101803,9328912,UBSI NOSSA SENHORA DE FATIMA,UBS / Centro de Saúde,ALDEIA SAO MARCOS,ESTRADA RURAL ALDEIA NOSSA SENHORA DE FATIMA,-15.4203837,-52.8618276,Dados Abertos SUS - CNES Estabelecimentos,"Validar funcionamento, localização e vínculo territorial com APS municipal/ERS.",True,0,0,
Barra do Garças,5101803,9330836,UBSI NOSSA SENHORA DE GUARDALUPE,UBS / Centro de Saúde,ALDEIA SAO MARCOS,ESTRADA RURAL ALDEIA NOSSA SSENHORA GUARDALUPE,-15.4203837,-52.938022,Dados Abertos SUS - CNES Estabelecimentos,"Validar funcionamento, localização e vínculo territorial com APS municipal/ERS.",True,0,0,
Barra do Garças,5101803,7757697,UBSI SAO MARCOS,UBS / Centro de Saúde,ZONA RURAL,ESTRADA RURAL ALDEIA SAO MARCOS,-15.3767558,-52.9052777,Dados Abertos SUS - CNES Estabelecimentos,"Validar funcionamento, localização e vínculo territorial com APS municipal/ERS.",True,0,0,
Barão de Melgaço,5101605,4270940,CENTRO DE IMUNIZACAO UBSI ALDEIA PERIGARA,UBS / Centro de Saúde,ZONA RURAL,PANTANAL,-16.8610624585,-56.1978149414,Dados Abertos SUS - CNES Estabelecimentos,"Validar funcionamento, localização e vínculo territorial com APS municipal/ERS.",True,0,0,
Barão de Melgaço,5101605,2391309,CENTRO DE SAUDE DA FAMILIA BARAO DE MELGACO PSF URBANO,USF / Saúde da Família,CENTRO,RUA ALIPIO DUARTE,-16.1991590653,-55.9680461884,Dados Abertos SUS - CNES Estabelecimentos,"Validar funcionamento, localização e vínculo territorial com APS municipal/ERS.",True,1,1,0000445886; 0001949608; 0002430886
Barão de Melgaço,5101605,2699702,POSTO DE SAUDE BOCA DAS CONCHAS,Posto de Saúde,ZONA RURAL,BOCA DAS CONCHAS,,,Dados Abertos SUS - CNES Estabelecimentos,"Validar funcionamento, localização e vínculo territorial com APS municipal/ERS.",False,0,0,
Barão de Melgaço,5101605,2391317,POSTO DE SAUDE DE CAPOEIRINHA,Posto de Saúde,ZONA RURAL,CAPOEIRINHA,-16.469011702,-55.9396362305,Dados Abertos SUS - CNES Estabelecimentos,"Validar funcionamento, localização e vínculo territorial com APS municipal/ERS.",True,0,0,
Barão de Melgaço,5101605,2391376,POSTO DE SAUDE DE ESTIRAO COMPRIDO,Posto de Saúde,ESTIRAO COMPRIDO,ESTIRAO COMPRIDO,,,Dados Abertos SUS - CNES Estabelecimentos,"Validar funcionamento, localização e vínculo territorial com APS municipal/ERS.",False,0,0,
Barão de Melgaço,5101605,2391333,POSTO DE SAUDE DE PORTO BRANDAO,Posto de Saúde,PORTO BRANDAO,PORTO BRANDAO,-16.2965795646,-55.9669303894,Dados Abertos SUS - CNES Estabelecimentos,"Validar funcionamento, localização e vínculo territorial com APS municipal/ERS.",True,0,0,
Barão de Melgaço,5101605,2391384,POSTO DE SAUDE DE VILA RECREIO,Posto de Saúde,CENTRO,EUGENIO DA SILVA TAQUES,-16.1940075593,-55.94830513,Dados Abertos SUS - CNES Estabelecimentos,"Validar funcionamento, localização e vínculo territorial com APS municipal/ERS.",True,0,0,
Barão de Melgaço,5101605,2699400,POSTO DE SAUDE MUCAMBO,Posto de Saúde,ZONA RURAL,MUCAMBO,,,Dados Abertos SUS - CNES Estabelecimentos,"Validar funcionamento, localização e vínculo territorial com APS municipal/ERS.",False,0,0,
Barão de Melgaço,5101605,2699427,POSTO DE SAUDE PIMENTEIRA,Posto de Saúde,ZONA RURAL,PIMENTEIRA,,,Dados Abertos SUS - CNES Estabelecimentos,"Validar funcionamento, localização e vínculo territorial com APS municipal/ERS.",False,0,0,
Barão de Melgaço,5101605,2391341,POSTO DE SAUDE PIRIGARA,Posto de Saúde,PIRIGARA,PIRAGARA,,,Dados Abertos SUS - CNES Estabelecimentos,"Validar funcionamento, localização e vínculo territorial com APS municipal/ERS.",False,0,0,
Barão de Melgaço,5101605,7795939,UNIDADE BASICA DE SAUDE INDIGENA PERIGARA,UBS / Centro de Saúde,ZONA RURAL,PANTANAL,-16.9209336855,-56.2263965607,Dados Abertos SUS - CNES Estabelecimentos,"Validar funcionamento, localização e vínculo territorial com APS municipal/ERS.",True,0,0,
Barão de Melgaço,5101605,2391325,UNIDADE DE SAUDE DA FAMILIA DE JOSELANDIA PSF RURAL,USF / Saúde da Família,JOSELANDIA,SAO PEDRO DE JOSELANDIA,-16.5470252178,-56.1619377136,Dados Abertos SUS - CNES Estabelecimentos,"Validar funcionamento, localização e vínculo territorial com APS municipal/ERS.",True,1,1,0000445894; 0001949721
Barão de Melgaço,5101605,9415165,UNIDADE DE SAUDE DA FAMILIA RIBEIRINHO,USF / Saúde da Família,CENTRO,RUA ALIPIO DUARTE,-16.1992054283,-55.9678584337,Dados Abertos SUS - CNES Estabelecimentos,"Validar funcionamento, localização e vínculo territorial com APS municipal/ERS.",True,1,0,0001647938
Boa Esperança do Norte,5101837,5554314,USF ANATALIO PANISSAN LODI,USF / Saúde da Família,CENTRO,RUA DOS CEDROS,-13.5066755832,-55.1508897543,Dados Abertos SUS - CNES Estabelecimentos,"Validar funcionamento, localização e vínculo territorial com APS municipal/ERS.",True,2,1,0002521881; 0002521903; 0002556464
Bom Jesus do Araguaia,5101852,2654903,CENTRO DE SAUDE DE BOM JESUSUNIDADE SAUDE DA FAMILIA,USF / Saúde da Família,CENTRO,RUA GARCES,-12.1763326158,-51.5067601204,Dados Abertos SUS - CNES Estabelecimentos,"Validar funcionamento, localização e vínculo territorial com APS municipal/ERS.",True,1,1,0000446165; 0001837575; 0002363259
Bom Jesus do Araguaia,5101852,7825293,UBS RURAL BJA,UBS / Centro de Saúde,CENTRO,RUA GARCES,-12.1762801785,-51.5065026283,Dados Abertos SUS - CNES Estabelecimentos,"Validar funcionamento, localização e vínculo territorial com APS municipal/ERS.",True,1,1,0001588273; 0001838148
Bom Jesus do Araguaia,5101852,9390596,UBS VILA CAMPINAS,UBS / Centro de Saúde,VILA CAMPINA,RUA PRINCIPAL,-12.429483,-51.751801,Dados Abertos SUS - CNES Estabelecimentos,"Validar funcionamento, localização e vínculo territorial com APS municipal/ERS.",True,1,0,0002169126
Brasnorte,5101902,3167399,CENTRO DE SAUDE BRASNORTE,UBS / Centro de Saúde,CENTRO,RUA CASCAVEL,-12.1232921882,-58.005194664,Dados Abertos SUS - CNES Estabelecimentos,"Validar funcionamento, localização e vínculo territorial com APS municipal/ERS.",True,0,0,
Brasnorte,5101902,2471817,POSTO DE SAUDE AGUA DA PRATA BRASNORTE,Posto de Saúde,ZONA RURAL,RUA PARANA ESQ AMAZONAS 55 KM DE BRASNORTE,-12.1326487124,-58.1554412842,Dados Abertos SUS - CNES Estabelecimentos,"Validar funcionamento, localização e vínculo territorial com APS municipal/ERS.",True,0,0,
Brasnorte,5101902,2471841,POSTO DE SAUDE BOA ESPERANCA BRASNORTE,Posto de Saúde,ZONA RURAL,VILA BOA ESPERANCA,,,Dados Abertos SUS - CNES Estabelecimentos,"Validar funcionamento, localização e vínculo territorial com APS municipal/ERS.",False,0,0,
Brasnorte,5101902,3171256,POSTO DE SAUDE BOM FUTURO BRASNORTE,Posto de Saúde,ZONA RURAL,VILA BOM FUTURO,,,Dados Abertos SUS - CNES Estabelecimentos,"Validar funcionamento, localização e vínculo territorial com APS municipal/ERS.",False,0,0,
Brasnorte,5101902,2471930,POSTO DE SAUDE BRAGA BRASNORTE,Posto de Saúde,RURAL,COMUNIDADE BRAGA,,,Dados Abertos SUS - CNES Estabelecimentos,"Validar funcionamento, localização e vínculo territorial com APS municipal/ERS.",False,0,0,
Brasnorte,5101902,2471833,POSTO DE SAUDE DE VILA NOVA BRASNORTE,Posto de Saúde,ZONA RURAL,VILA NOVA,-12.1418370868,-57.9785442352,Dados Abertos SUS - CNES Estabelecimentos,"Validar funcionamento, localização e vínculo territorial com APS municipal/ERS.",True,0,0,
Brasnorte,5101902,2767597,POSTO DE SAUDE MUNDO NOVO BRASNORTE,Posto de Saúde,ZONA RURAL,COMUNIDADE MUNDO NOVO,-12.1593318821,-57.9915046692,Dados Abertos SUS - CNES Estabelecimentos,"Validar funcionamento, localização e vínculo territorial com APS municipal/ERS.",True,0,0,
Brasnorte,5101902,2767627,POSTO DE SAUDE SAO BENTO BRASNORTE,Posto de Saúde,ZONA RURAL,ASSENTAMENTO SAO BENTO,-12.1378513012,-58.0393981934,Dados Abertos SUS - CNES Estabelecimentos,"Validar funcionamento, localização e vínculo territorial com APS municipal/ERS.",True,0,0,
Brasnorte,5101902,2471868,POSTO DE SAUDE TOCA DA ONCA BRASNORTE,Posto de Saúde,ZONA RURAL,VILA TOCA DA ONCA,,,Dados Abertos SUS - CNES Estabelecimentos,"Validar funcionamento, localização e vínculo territorial com APS municipal/ERS.",False,0,0,
Brasnorte,5101902,2471914,POSTO DE SAUDE VALE DO PAPAGAIO BRASNORTE,Posto de Saúde,ZONA RURAL,VALE DO JURUENA,,,Dados Abertos SUS - CNES Estabelecimentos,"Validar funcionamento, localização e vínculo territorial com APS municipal/ERS.",False,0,0,
Brasnorte,5101902,9711112,UBSI DA ALDEIA BARRANCO VERMELHO,UBS / Centro de Saúde,RURAL,ALDEIA BARRANCO VERMELHO,-12.1655407894,-57.9793167114,Dados Abertos SUS - CNES Estabelecimentos,"Validar funcionamento, localização e vínculo territorial com APS municipal/ERS.",True,0,0,
Brasnorte,5101902,9759646,UBSI DA ALDEIA BEIRA RIO,UBS / Centro de Saúde,RURAL,ALDEIA BEIRA RIO,-11.3772241,-58.3147186,Dados Abertos SUS - CNES Estabelecimentos,"Validar funcionamento, localização e vínculo territorial com APS municipal/ERS.",True,0,0,
Brasnorte,5101902,9709185,UBSI DA ALDEIA CURVA,UBS / Centro de Saúde,RURAL,ALDEIA CURVA,-11.3299683707,-58.3274674416,Dados Abertos SUS - CNES Estabelecimentos,"Validar funcionamento, localização e vínculo territorial com APS municipal/ERS.",True,0,0,
Brasnorte,5101902,9709819,UBSI DA ALDEIA NOVA,UBS / Centro de Saúde,RURAL,ALDEIA NOVA,-11.4109589695,-58.3275318146,Dados Abertos SUS - CNES Estabelecimentos,"Validar funcionamento, localização e vínculo territorial com APS municipal/ERS.",True,0,0,
Brasnorte,5101902,9711651,UBSI DA ALDEIA PEDRA BONITA,UBS / Centro de Saúde,RURAL,ALDEIA PEDRA BONITA,-11.4529808398,-58.3122968674,Dados Abertos SUS - CNES Estabelecimentos,"Validar funcionamento, localização e vínculo territorial com APS municipal/ERS.",True,0,0,
Brasnorte,5101902,9707158,UBSI DA ALDEIA PRIMAVERA,UBS / Centro de Saúde,RURAL,ALDEIA PRIMAVERA,-11.393879233,-58.3428955078,Dados Abertos SUS - CNES Estabelecimentos,"Validar funcionamento, localização e vínculo territorial com APS municipal/ERS.",True,0,0,
Brasnorte,5101902,9708979,UBSI DA ALDEIA SEGUNDA,UBS / Centro de Saúde,RURAL,ALDEIA SEGUNDA,-11.3637558188,-58.3218026161,Dados Abertos SUS - CNES Estabelecimentos,"Validar funcionamento, localização e vínculo territorial com APS municipal/ERS.",True,0,0,
Brasnorte,5101902,7567375,UNIDADE BASICA DE SAUDE INDIGENA ALDEIA ASA BRANCA,UBS / Centro de Saúde,RURAL,RODOVIA MT 170 ALDEIA ASA BRANCA,-12.1544863166,-57.9789304733,Dados Abertos SUS - CNES Estabelecimentos,"Validar funcionamento, localização e vínculo territorial com APS municipal/ERS.",True,0,0,
Brasnorte,5101902,7567383,UNIDADE BASICA DE SAUDE INDIGENA ALDEIA CRAVARI,UBS / Centro de Saúde,RURAL,RODOVIA MT 170 ALDEIA CRAVARI,-12.1545702232,-57.9788661003,Dados Abertos SUS - CNES Estabelecimentos,"Validar funcionamento, localização e vínculo territorial com APS municipal/ERS.",True,0,0,
Brasnorte,5101902,7567405,UNIDADE BASICA DE SAUDE INDIGENA ALDEIA JAPUIRA,UBS / Centro de Saúde,RURAL,RODOVIA MT 170 ALDEIA JAPUIRA,-12.1558078432,-57.979080677,Dados Abertos SUS - CNES Estabelecimentos,"Validar funcionamento, localização e vínculo territorial com APS municipal/ERS.",True,0,0,
Brasnorte,5101902,7567413,UNIDADE BASICA DE SAUDE INDIGENA ALDEIA PAREDAO,UBS / Centro de Saúde,RURAL,RODOVIA MT 170 ALDEIA PAREDAO,-12.1546960832,-57.9786086082,Dados Abertos SUS - CNES Estabelecimentos,"Validar funcionamento, localização e vínculo territorial com APS municipal/ERS.",True,0,0,
Brasnorte,5101902,7567421,UNIDADE BASICA DE SAUDE INDIGENA ALDEIA PERDIZ,UBS / Centro de Saúde,RURAL,RODOVIA MT 170 ALDEIA PERDIZ,-12.1560176088,-57.9792737961,Dados Abertos SUS - CNES Estabelecimentos,"Validar funcionamento, localização e vínculo territorial com APS municipal/ERS.",True,0,0,
Brasnorte,5101902,7567448,UNIDADE BASICA DE SAUDE INDIGENA ALDEIA RECANTO DO ALIPIO,UBS / Centro de Saúde,RURAL,RODOVIA MT 170 ALDEIA RECANTO DO ALIPIO,-12.1557449135,-57.9799818993,Dados Abertos SUS - CNES Estabelecimentos,"Validar funcionamento, localização e vínculo territorial com APS municipal/ERS.",True,0,0,
Campinápolis,5102603,9587071,POSTO DE SAUDE INDIGENA ALDEIA CAMPINAS,Posto de Saúde,ZONA INDIGENA,ALDEIA CAMPINAS,-14.478113,-53.196709,Dados Abertos SUS - CNES Estabelecimentos,"Validar funcionamento, localização e vínculo territorial com APS municipal/ERS.",True,0,0,
Campinápolis,5102603,519251,POSTO DE SAUDE INDIGENA ALDEIA PALMEIRAS,Posto de Saúde,ZONA INDIGENA,ALDEIA PALMEIRAS,-14.45998,-53.10612,Dados Abertos SUS - CNES Estabelecimentos,"Validar funcionamento, localização e vínculo territorial com APS municipal/ERS.",True,0,0,
Campinápolis,5102603,728284,POSTO DE SAUDE INDIGENA ALDEIA SANTA CLARA,Posto de Saúde,AREA INDIGENA,ALDEIA SANTA CLARA,-14.3623738082,-52.8636574745,Dados Abertos SUS - CNES Estabelecimentos,"Validar funcionamento, localização e vínculo territorial com APS municipal/ERS.",True,0,0,
Campinápolis,5102603,9587268,POSTO DE SAUDE INDIGENA ALDEIA SAO PEDRO,Posto de Saúde,ZONA INDIGENA,ALDEIA SAO PEDRO,-14.5159163576,-52.8950071335,Dados Abertos SUS - CNES Estabelecimentos,"Validar funcionamento, localização e vínculo territorial com APS municipal/ERS.",True,0,0,
Campinápolis,5102603,9564640,POSTO DE SAUDE INDIGENA ALDEONA,Posto de Saúde,ZONA INDIGENA,ALDEIA ALDEOANA,-14.5159371303,-52.8948354721,Dados Abertos SUS - CNES Estabelecimentos,"Validar funcionamento, localização e vínculo territorial com APS municipal/ERS.",True,0,0,
Campinápolis,5102603,2395541,POSTO DE SAUDE SAO JOSE DO COUTO PEDRO ALVES DOS SANTOS,Posto de Saúde,DISTRITO,RUA PRINCIPAL,-13.804678,-53.085573,Dados Abertos SUS - CNES Estabelecimentos,"Validar funcionamento, localização e vínculo territorial com APS municipal/ERS.",True,1,1,0000446408; 0002110105
Campo Novo do Parecis,5102637,2471701,UBS CENTRO DE SAUDE,UBS / Centro de Saúde,CENTRO,AV BRASIL,-13.6648362372,-57.8847742081,Dados Abertos SUS - CNES Estabelecimentos,"Validar funcionamento, localização e vínculo territorial com APS municipal/ERS.",True,0,1,0002262924; 0002284723
Campo Novo do Parecis,5102637,9137912,UBS INDIGENA ALDEIA SACRE II,UBS / Centro de Saúde,ZONA RURAL,ALDEIA SACRE II,-13.597939005,-58.0284118652,Dados Abertos SUS - CNES Estabelecimentos,"Validar funcionamento, localização e vínculo territorial com APS municipal/ERS.",True,0,0,
Campo Novo do Parecis,5102637,9137955,UBS INDIGENA ALDEIA SERINGAL,UBS / Centro de Saúde,ZONA RURAL,ALDEIA SERINGAL,-13.5485463759,-58.186340332,Dados Abertos SUS - CNES Estabelecimentos,"Validar funcionamento, localização e vínculo territorial com APS municipal/ERS.",True,0,0,
Campo Novo do Parecis,5102637,9873902,UBS ITANORTE,UBS / Centro de Saúde,ITAMARATI NORTE,RUA ARGEU AUGUSTO DE MORAES,-13.6464872615,-57.9005241394,Dados Abertos SUS - CNES Estabelecimentos,"Validar funcionamento, localização e vínculo territorial com APS municipal/ERS.",True,0,1,0002262916; 0002262975
Campo Novo do Parecis,5102637,9704450,USF ALVORADA,USF / Saúde da Família,CENTRO,AVENIDA BRASIL,-13.6645026322,-57.884645462,Dados Abertos SUS - CNES Estabelecimentos,"Validar funcionamento, localização e vínculo territorial com APS municipal/ERS.",True,1,1,0001676776; 0002251191
Campo Novo do Parecis,5102637,2471736,USF AMAPA,USF / Saúde da Família,JARDIM DAS PALMEIRAS,AVENIDA AMAPA,-13.6483222233,-57.9061889648,Dados Abertos SUS - CNES Estabelecimentos,"Validar funcionamento, localização e vínculo territorial com APS municipal/ERS.",True,1,1,0000446432; 0002183021
Campo Novo do Parecis,5102637,7466463,USF BEIJA FLOR,USF / Saúde da Família,JARDIM DAS PALMEIRAS,AVENIDA MARANHAO ESQ COM AVENIDA CEARA,-13.6446522854,-57.9144287109,Dados Abertos SUS - CNES Estabelecimentos,"Validar funcionamento, localização e vínculo territorial com APS municipal/ERS.",True,2,1,0001620576; 0001918338; 0002546108
Campo Novo do Parecis,5102637,2772221,USF BOA ESPERANCA,USF / Saúde da Família,BOA ESPERANCA,RUA SAO THOMAS,-13.6662749034,-57.8983354568,Dados Abertos SUS - CNES Estabelecimentos,"Validar funcionamento, localização e vínculo territorial com APS municipal/ERS.",True,1,1,0000446467; 0001918400
Campo Novo do Parecis,5102637,4073703,USF DR JULIANO SANTANGELO LEINER ITALIA,USF / Saúde da Família,JARDIM ITALIA,RUA LUCCA,-13.6322658238,-57.9051589966,Dados Abertos SUS - CNES Estabelecimentos,"Validar funcionamento, localização e vínculo territorial com APS municipal/ERS.",True,1,1,0000446424; 0002443805
Campo Novo do Parecis,5102637,2471779,USF JARDIM DAS PALMEIRAS,USF / Saúde da Família,JARDIM DAS PALMEIRAS,AV MINAS GERAIS,-13.6502822804,-57.908270359,Dados Abertos SUS - CNES Estabelecimentos,"Validar funcionamento, localização e vínculo territorial com APS municipal/ERS.",True,2,2,0000446440; 0000446459; 0001918435; 0001918532
Campo Novo do Parecis,5102637,2472619,USF MARECHAL RONDON,USF / Saúde da Família,DISTRITO MARECHAL RO,AVENIDA RIO GRANDE DO SUL,-13.3005320527,-58.0402565002,Dados Abertos SUS - CNES Estabelecimentos,"Validar funcionamento, localização e vínculo territorial com APS municipal/ERS.",True,1,1,0001677195; 0001918265
Campo Novo do Parecis,5102637,3007626,USF NOSSA SENHORA APARECIDA,USF / Saúde da Família,NSA SRA APARECIDA,AVENIDA LIONS INTERNACIONAL ESQ R SEVERINO DE LIM,-13.6501571708,-57.8854179382,Dados Abertos SUS - CNES Estabelecimentos,"Validar funcionamento, localização e vínculo territorial com APS municipal/ERS.",True,1,1,0000446475; 0001918583
Campo Novo do Parecis,5102637,9040153,USF OLENKA,USF / Saúde da Família,OLENKA,RUA DAS GARCAS,-13.6465498172,-57.900159359,Dados Abertos SUS - CNES Estabelecimentos,"Validar funcionamento, localização e vínculo territorial com APS municipal/ERS.",True,1,1,0001643606; 0001918206
Campo Novo do Parecis,5102637,4717872,USF PARQUE DOS GIRASSOIS,USF / Saúde da Família,PARQUE DOS GIRASSOIS,RUA 21,-13.6673382597,-57.9098367691,Dados Abertos SUS - CNES Estabelecimentos,"Validar funcionamento, localização e vínculo territorial com APS municipal/ERS.",True,1,1,0001466984; 0002468409
Campo Verde,5102678,2396149,UNIDADE BASICA DE SAUDE 14 DE AGOSTO,UBS / Centro de Saúde,ZONA RURAL,ASSENTAMENTO 14 DE AGOSTO,,,Dados Abertos SUS - CNES Estabelecimentos,"Validar funcionamento, localização e vínculo territorial com APS municipal/ERS.",False,0,0,
Campo Verde,5102678,2396181,UNIDADE BASICA DE SAUDE 28 DE OUTUBRO,UBS / Centro de Saúde,ZONA RURAL,RODOVIA MT 140 KM 09,,,Dados Abertos SUS - CNES Estabelecimentos,"Validar funcionamento, localização e vínculo territorial com APS municipal/ERS.",False,0,0,
Campo Verde,5102678,2396157,UNIDADE BASICA DE SAUDE CAPIM BRANCO,UBS / Centro de Saúde,ZONA RURAL COMUNIDA,RODOVIA MT 344 KM 13,,,Dados Abertos SUS - CNES Estabelecimentos,"Validar funcionamento, localização e vínculo territorial com APS municipal/ERS.",False,0,0,
Campo Verde,5102678,2396203,UNIDADE DE SAUDE DA FAMILIA BENEDITO CAMPOS,USF / Saúde da Família,ZONA RURAL,AVENIDA RIO DA CASCA AGROVILA,-15.5866633733,-55.3621673584,Dados Abertos SUS - CNES Estabelecimentos,"Validar funcionamento, localização e vínculo territorial com APS municipal/ERS.",True,0,0,0002203472
Campo Verde,5102678,3865533,UNIDADE DE SAUDE DA FAMILIA CENTRAL,USF / Saúde da Família,ESTACAO DA LUZ,AV ARNALDO ECKERT,-15.5397817141,-55.1705932617,Dados Abertos SUS - CNES Estabelecimentos,"Validar funcionamento, localização e vínculo territorial com APS municipal/ERS.",True,1,1,0000446556; 0001960946
Campo Verde,5102678,5890152,UNIDADE DE SAUDE DA FAMILIA DOM OSORIO,USF / Saúde da Família,ZONA RURAL,ASSENTAMENTO DOM OSORIO,-15.4377959202,-54.934387207,Dados Abertos SUS - CNES Estabelecimentos,"Validar funcionamento, localização e vínculo territorial com APS municipal/ERS.",True,1,1,0001636421; 0001961187
Campo Verde,5102678,7574630,UNIDADE DE SAUDE DA FAMILIA JARDIM DAS AMERICAS,USF / Saúde da Família,JARDIM DAS AMERICAS,RUA JOAO ADELCIO ECKERT,-15.5339517667,-55.133728981,Dados Abertos SUS - CNES Estabelecimentos,"Validar funcionamento, localização e vínculo territorial com APS municipal/ERS.",True,1,1,0001609270; 0001961136
Campo Verde,5102678,2755386,UNIDADE DE SAUDE DA FAMILIA JUPIARA,USF / Saúde da Família,JUPIARA,RUA DO SABER,-15.5653323029,-55.1670956612,Dados Abertos SUS - CNES Estabelecimentos,"Validar funcionamento, localização e vínculo territorial com APS municipal/ERS.",True,1,1,0000446513; 0001959271
Campo Verde,5102678,2396173,UNIDADE DE SAUDE DA FAMILIA LIMEIRA,USF / Saúde da Família,ZONA RURAL,RODOVIA MT 140 KM 40 COMUNIDADE LIMEIRA,-15.3649773157,-55.1959991455,Dados Abertos SUS - CNES Estabelecimentos,"Validar funcionamento, localização e vínculo territorial com APS municipal/ERS.",True,0,1,0001961012; 0002203448
Campo Verde,5102678,2396122,UNIDADE DE SAUDE DA FAMILIA OLIMPIA MACARINI,USF / Saúde da Família,JARDIM CAMPO VERDE,AVENIDA TICO DE CAMPOS,-15.5527641248,-55.1620745659,Dados Abertos SUS - CNES Estabelecimentos,"Validar funcionamento, localização e vínculo territorial com APS municipal/ERS.",True,1,1,0000446491; 0001960296
Campo Verde,5102678,5878969,UNIDADE DE SAUDE DA FAMILIA PARQUE DAS ARARAS I,USF / Saúde da Família,JARDIM CAMPO VERDE,AV SAO JOAO BATISTA,-15.5494772542,-55.159907341,Dados Abertos SUS - CNES Estabelecimentos,"Validar funcionamento, localização e vínculo territorial com APS municipal/ERS.",True,1,1,0000446564; 0001960970
Campo Verde,5102678,9038779,UNIDADE DE SAUDE DA FAMILIA PARQUE DAS ARARAS II,USF / Saúde da Família,SAO LOURENCO,RUA AMAZONAS,-15.557415267,-55.1620745659,Dados Abertos SUS - CNES Estabelecimentos,"Validar funcionamento, localização e vínculo territorial com APS municipal/ERS.",True,1,1,0001668048; 0001961268
Campo Verde,5102678,3452670,UNIDADE DE SAUDE DA FAMILIA RECANTO DO BOSQUE,USF / Saúde da Família,RECANTO DO BOSQUE II,AV DOM AQUINO CORREA ESQ RUA DO SABER Q01,-15.5654149857,-55.1669883728,Dados Abertos SUS - CNES Estabelecimentos,"Validar funcionamento, localização e vínculo territorial com APS municipal/ERS.",True,1,1,0000446521; 0001960873
Campo Verde,5102678,2396165,UNIDADE DE SAUDE DA FAMILIA SANTO ANTONIO,USF / Saúde da Família,ZONA RURAL,ASSENTAMENTO SANTO ANTONIO DA FARTURA,-15.6865095726,-55.3518676758,Dados Abertos SUS - CNES Estabelecimentos,"Validar funcionamento, localização e vínculo territorial com APS municipal/ERS.",True,1,1,0001493086; 0001961098
Campo Verde,5102678,2396114,UNIDADE DE SAUDE DA FAMILIA SAO LOURENCO,USF / Saúde da Família,BOM CLIMA,RUA ACRE,-15.5583248114,-55.1618814468,Dados Abertos SUS - CNES Estabelecimentos,"Validar funcionamento, localização e vínculo territorial com APS municipal/ERS.",True,1,1,0000446483; 0001960121
Campo Verde,5102678,6927041,UNIDADE DE SAUDE DA FAMILIA SAO MIGUEL I,USF / Saúde da Família,SAO MIGUEL,RUA JOAO DE BARRO,-15.5529708444,-55.1497793198,Dados Abertos SUS - CNES Estabelecimentos,"Validar funcionamento, localização e vínculo territorial com APS municipal/ERS.",True,1,1,0000446572; 0001961063
Campo Verde,5102678,9981764,UNIDADE DE SAUDE DA FAMILIA SAO MIGUEL II,USF / Saúde da Família,SAO MIGUEL,RUA JOAO DE BARRO,-15.5528674846,-55.1498651505,Dados Abertos SUS - CNES Estabelecimentos,"Validar funcionamento, localização e vínculo territorial com APS municipal/ERS.",True,1,1,0001695215; 0001961276
Campo Verde,5102678,3568466,UNIDADE DE SAUDE DA FAMILIA ZACARIAS FURTADO DE LIMA,USF / Saúde da Família,VALE DO SOL,RUA TUPI,-15.5481335499,-55.1789832115,Dados Abertos SUS - CNES Estabelecimentos,"Validar funcionamento, localização e vínculo territorial com APS municipal/ERS.",True,1,1,0000446548; 0001960385
Campo Verde,5102678,836338,UNIDADE DE SAUDE DA FAMILIA ZACARIAS FURTADO DE LIMA 2,USF / Saúde da Família,VALE DO SOL,RUA TUPI,-15.5481542223,-55.1789832115,Dados Abertos SUS - CNES Estabelecimentos,"Validar funcionamento, localização e vínculo territorial com APS municipal/ERS.",True,0,0,
Campos de Júlio,5102686,6824498,USF 1 GOVERNADOR DANTE DE OLIVEIRA,USF / Saúde da Família,CENTRO,RUA ANDRE ANTONIO MAGGI,-13.8989098032,-59.1479229927,Dados Abertos SUS - CNES Estabelecimentos,"Validar funcionamento, localização e vínculo territorial com APS municipal/ERS.",True,1,1,0000446599; 0002048949
Campos de Júlio,5102686,6825060,USF 2 SENADOR JONAS PINHEIRO,USF / Saúde da Família,VILA NOVA,RUA NICO BARACAT,-13.7206198087,-59.2558389902,Dados Abertos SUS - CNES Estabelecimentos,"Validar funcionamento, localização e vínculo territorial com APS municipal/ERS.",True,1,1,0000446602; 0002052946
Campos de Júlio,5102686,2394332,USF 3 LUCAS LAZARETE ALMEIDA,USF / Saúde da Família,CENTRO,RUA VOLMIR TABORDA CAMARA,-13.8989306326,-59.1479229927,Dados Abertos SUS - CNES Estabelecimentos,"Validar funcionamento, localização e vínculo territorial com APS municipal/ERS.",True,1,1,0001525212; 0002291347
Canabrava do Norte,5102694,2654687,UNIDADE DE SAUDE DA FAMILIA I DE CANABRAVA DO NORTE,USF / Saúde da Família,CENTRO,AVENIDA ULISSES GUIMARAES,-11.0487856274,-51.8256425858,Dados Abertos SUS - CNES Estabelecimentos,"Validar funcionamento, localização e vínculo territorial com APS municipal/ERS.",True,1,1,0000446610; 0001912313
Canabrava do Norte,5102694,2654822,UNIDADE SAUDE DA FAMILIA II RURAL,USF / Saúde da Família,CENTRO,AVENIDA AUREA TAVARES DE AMORIM,-11.0540084461,-51.8335711956,Dados Abertos SUS - CNES Estabelecimentos,"Validar funcionamento, localização e vínculo territorial com APS municipal/ERS.",True,1,1,0000446629; 0001912666
Canarana,5102702,2604221,POSTO DE SAUDE DE CULUENE,Posto de Saúde,ZONA RURAL,CULUENE,-13.55,-52.166,Dados Abertos SUS - CNES Estabelecimentos,"Validar funcionamento, localização e vínculo territorial com APS municipal/ERS.",True,0,0,
Canarana,5102702,2472988,POSTO DE SAUDE GARAPU,Posto de Saúde,ZONA RURAL,GARAPU II,-13.2873832,-52.558994,Dados Abertos SUS - CNES Estabelecimentos,"Validar funcionamento, localização e vínculo territorial com APS municipal/ERS.",True,0,0,
Canarana,5102702,9583750,POSTO DE SAUDE INDIGENA ALDEIA BELEM,Posto de Saúde,ZONA RURAL,ZONA RURAL,-13.5495685403,-52.1657896042,Dados Abertos SUS - CNES Estabelecimentos,"Validar funcionamento, localização e vínculo territorial com APS municipal/ERS.",True,0,0,
Canarana,5102702,9583777,POSTO DE SAUDE INDIGENA ALDEIA CACULA,Posto de Saúde,RURAL,ALDEIA CACULA,-13.5495894008,-52.1658110619,Dados Abertos SUS - CNES Estabelecimentos,"Validar funcionamento, localização e vínculo territorial com APS municipal/ERS.",True,0,0,
Canarana,5102702,9583785,POSTO DE SAUDE INDIGENA ALDEIA TANGURO,Posto de Saúde,RURAL,ALDEIA TANGURO,-12.5981851,-52.9237359,Dados Abertos SUS - CNES Estabelecimentos,"Validar funcionamento, localização e vínculo territorial com APS municipal/ERS.",True,0,0,
Canarana,5102702,7710763,POSTO DE SAUDE INDIGENA KULUENE,Posto de Saúde,RURAL,ALDEIA KULUENE,-13.5509453263,-52.1671843529,Dados Abertos SUS - CNES Estabelecimentos,"Validar funcionamento, localização e vínculo territorial com APS municipal/ERS.",True,0,0,
Canarana,5102702,2472996,POSTO DE SAUDE SERRA DOURADA,Posto de Saúde,ZONA RURAL,SERRA DOURADA,-13.7044167,-52.0278019,Dados Abertos SUS - CNES Estabelecimentos,"Validar funcionamento, localização e vínculo territorial com APS municipal/ERS.",True,0,0,
Carlinda,5102793,2471183,CENTRO DE SAUDE SAO LUCAS,UBS / Centro de Saúde,CENTRO,AV TANCREDO DE ALMEIDA NEVES,-9.958,-55.832,Dados Abertos SUS - CNES Estabelecimentos,"Validar funcionamento, localização e vínculo territorial com APS municipal/ERS.",True,0,0,
Carlinda,5102793,2471159,POSTO DE SAUDE BELEM,Posto de Saúde,ZONA RURAL,LINHA 13 COMUN BELEM,-9.958,-55.832,Dados Abertos SUS - CNES Estabelecimentos,"Validar funcionamento, localização e vínculo territorial com APS municipal/ERS.",True,0,0,
Carlinda,5102793,2471094,POSTO DE SAUDE BOA SORTE,Posto de Saúde,ZONA RURAL,COMUNIDADE BOA SORTE ESTRADA F,-10.0601,-55.58521,Dados Abertos SUS - CNES Estabelecimentos,"Validar funcionamento, localização e vínculo territorial com APS municipal/ERS.",True,0,0,
Carlinda,5102793,2471116,POSTO DE SAUDE NAZARE,Posto de Saúde,ZONA RURAL,COMUNIDADE NAZARE,-9.9092725047,-55.7410260017,Dados Abertos SUS - CNES Estabelecimentos,"Validar funcionamento, localização e vínculo territorial com APS municipal/ERS.",True,0,0,
Carlinda,5102793,2471167,POSTO DE SAUDE PADRE GERALDO,Posto de Saúde,ZONA RURAL,ESTRADA A,-10.09661,-55.91271,Dados Abertos SUS - CNES Estabelecimentos,"Validar funcionamento, localização e vínculo territorial com APS municipal/ERS.",True,0,0,
Carlinda,5102793,2471140,POSTO DE SAUDE RIO JORDAO,Posto de Saúde,ZONA RURAL,COMUN RIO JORDAO ESTRADA D,,,Dados Abertos SUS - CNES Estabelecimentos,"Validar funcionamento, localização e vínculo territorial com APS municipal/ERS.",False,0,0,
Carlinda,5102793,2471132,POSTO DE SAUDE SANTA GLORIA,Posto de Saúde,ZONA RURAL,COMUN SANTA GLRIA,,,Dados Abertos SUS - CNES Estabelecimentos,"Validar funcionamento, localização e vínculo territorial com APS municipal/ERS.",False,0,0,
Carlinda,5102793,2471108,UNIDADE DE SAUDE DA FAMILIA CANA,USF / Saúde da Família,ZONA RURAL,LINHA 12 COMUNIDADE CANA,-9.8861651004,-55.8308029175,Dados Abertos SUS - CNES Estabelecimentos,"Validar funcionamento, localização e vínculo territorial com APS municipal/ERS.",True,1,1,0000446718; 0001728407
Carlinda,5102793,2471175,UNIDADE DE SAUDE DA FAMILIA DEL REY,USF / Saúde da Família,ZONA RURAL,SETOR DEL REY COMUN ESTRELA DO MAR,-10.1765,-55.81491,Dados Abertos SUS - CNES Estabelecimentos,"Validar funcionamento, localização e vínculo territorial com APS municipal/ERS.",True,1,0,0002456184
Carlinda,5102793,3449424,UNIDADE DE SAUDE DA FAMILIA SAO CAMILO,USF / Saúde da Família,CENTRO,RUA DAS PAINEIRAS,-9.94404,-55.83095,Dados Abertos SUS - CNES Estabelecimentos,"Validar funcionamento, localização e vínculo territorial com APS municipal/ERS.",True,1,1,0000446750; 0001728431
Carlinda,5102793,4679059,UNIDADE DE SAUDE DA FAMILIA SAO CAMILO II,USF / Saúde da Família,CENTRO,RUA DAS PAINEIRAS,-9.96586,-55.82473,Dados Abertos SUS - CNES Estabelecimentos,"Validar funcionamento, localização e vínculo territorial com APS municipal/ERS.",True,1,0,0002468840
Carlinda,5102793,2655543,UNIDADE DE SAUDE DA FAMILIA SAO PAULO APOSTOLO,USF / Saúde da Família,CENTRO,AVENIDA ANTONIO CASTILHO,-9.9676883,-55.82362,Dados Abertos SUS - CNES Estabelecimentos,"Validar funcionamento, localização e vínculo territorial com APS municipal/ERS.",True,1,1,0000446734; 0001728318; 0002469189
Castanheira,5102850,6297994,POSTO DE SAUDE NOVA CONQUISTA,Posto de Saúde,ZONA RURAL,P A VALE DO SERINGAL III ASSENTAMENTO,-10.842015,-58.474571,Dados Abertos SUS - CNES Estabelecimentos,"Validar funcionamento, localização e vínculo territorial com APS municipal/ERS.",True,0,0,
Castanheira,5102850,2393026,POSTO DE SAUDE NOVO HORIZONTE,Posto de Saúde,ZONA RURAL,DISTRITO NOVO HORIZONTE,,,Dados Abertos SUS - CNES Estabelecimentos,"Validar funcionamento, localização e vínculo territorial com APS municipal/ERS.",False,0,0,
Castanheira,5102850,2393387,UNIDADE BASICA DE SAUDE RURAL CASTANHEIRA,UBS / Centro de Saúde,BOSQUE DA SAUDE,RUA DAS GARCAS,-11.1364660823,-58.613755703,Dados Abertos SUS - CNES Estabelecimentos,"Validar funcionamento, localização e vínculo territorial com APS municipal/ERS.",True,1,0,0000446777
Castanheira,5102850,2393018,UNIDADE BASICA DE SAUDE URBANA CASTANHEIRA,UBS / Centro de Saúde,GUADALUPE,RUA PROJETADA,-11.1411083691,-58.6075437069,Dados Abertos SUS - CNES Estabelecimentos,"Validar funcionamento, localização e vínculo territorial com APS municipal/ERS.",True,1,1,0000446769; 0002040697
Castanheira,5102850,3317099,UNIDADE BASICA DE SAUDE VALE DO SERINGAL,UBS / Centro de Saúde,BOSQUE DA SAUDE,RUA DAS GARCAS,-11.1365292432,-58.6138254404,Dados Abertos SUS - CNES Estabelecimentos,"Validar funcionamento, localização e vínculo territorial com APS municipal/ERS.",True,1,1,0000446785; 0002041537
Chapada dos Guimarães,5103007,2390620,CENTRO DE SAUDE MATA GRANDE,UBS / Centro de Saúde,ZONA RURAL,MATA GRANDE,-15.213533,-55.272999,Dados Abertos SUS - CNES Estabelecimentos,"Validar funcionamento, localização e vínculo territorial com APS municipal/ERS.",True,1,0,0000446815
Chapada dos Guimarães,5103007,7606974,CENTRO DE SAUDE SANTA CRUZ,UBS / Centro de Saúde,SANTA CRUZ,RUA MILITAO GOMES,-15.460715,-55.741594,Dados Abertos SUS - CNES Estabelecimentos,"Validar funcionamento, localização e vínculo territorial com APS municipal/ERS.",True,1,0,0001588672
Chapada dos Guimarães,5103007,2390639,POSTO DE SAUDE ALDEIA VELHA,Posto de Saúde,ALDEIA VELHA,RUA DOS COROADOS,-15.443043,-55.759204,Dados Abertos SUS - CNES Estabelecimentos,"Validar funcionamento, localização e vínculo territorial com APS municipal/ERS.",True,0,0,
Chapada dos Guimarães,5103007,2390655,POSTO DE SAUDE RIO DA CASCA,Posto de Saúde,CASCA,AVENIDA PRINCIPAL,-15.221557,-55.272205,Dados Abertos SUS - CNES Estabelecimentos,"Validar funcionamento, localização e vínculo territorial com APS municipal/ERS.",True,0,0,
Chapada dos Guimarães,5103007,2390671,UNIDADE DA SAUDE DA FAMILIA CENTRO,USF / Saúde da Família,CENTRO,RUA HOMERO MOUSSER,-15.4619941795,-55.7497733831,Dados Abertos SUS - CNES Estabelecimentos,"Validar funcionamento, localização e vínculo territorial com APS municipal/ERS.",True,1,1,0000446823; 0002151766; 0002365634
Chapada dos Guimarães,5103007,2390612,UNIDADE DA SAUDE DA FAMILIA OLHO D AGUA,USF / Saúde da Família,VALE DA CHAPADA,RUA DO JASMIM,-15.4605878623,-55.7501220703,Dados Abertos SUS - CNES Estabelecimentos,"Validar funcionamento, localização e vínculo territorial com APS municipal/ERS.",True,1,1,0000446807; 0002161346
Chapada dos Guimarães,5103007,7934904,UNIDADE DA SAUDE DA FAMILIA OLHO DAGUA II,USF / Saúde da Família,VALE DA CHAPADA,RUA DO JASMIM,-15.474088,-55.731848,Dados Abertos SUS - CNES Estabelecimentos,"Validar funcionamento, localização e vínculo territorial com APS municipal/ERS.",True,1,1,0001600745; 0002161362
Chapada dos Guimarães,5103007,2390604,UNIDADE DE SAUDE DA FAMILIA AGUA FRIA,USF / Saúde da Família,AGUA FRIA,AV PRINCIPAL,-15.105114,-55.450425,Dados Abertos SUS - CNES Estabelecimentos,"Validar funcionamento, localização e vínculo territorial com APS municipal/ERS.",True,1,1,0000446793; 0002565536
Chapada dos Guimarães,5103007,2767333,UNIDADE DE SAUDE DA FAMILIA JOAO CARRO,USF / Saúde da Família,JOAO CARRO,COMUNIDADE,-15.051112,-55.392988,Dados Abertos SUS - CNES Estabelecimentos,"Validar funcionamento, localização e vínculo territorial com APS municipal/ERS.",True,1,1,0000446831; 0002565544
Cláudia,5103056,6458971,CENTRO DE SAUDE MUNICIPAL DE CLAUDIA,UBS / Centro de Saúde,CENTRO,AV GASPAR DUTRA,-11.506667,-54.8825,Dados Abertos SUS - CNES Estabelecimentos,"Validar funcionamento, localização e vínculo territorial com APS municipal/ERS.",True,0,0,
Colniza,5103254,2654431,CENTRO DE SAUDE DE COLNIZA RURAL 1,UBS / Centro de Saúde,CENTRO,AV DO CONTORNO,-9.4595708502,-59.2210614681,Dados Abertos SUS - CNES Estabelecimentos,"Validar funcionamento, localização e vínculo territorial com APS municipal/ERS.",True,1,0,0000447021
Colniza,5103254,885436,CENTRO DE SAUDE RURAL 2,UBS / Centro de Saúde,CENTRO,AVENIDA DO CONTORNO,-9.4588983,-59.217052,Dados Abertos SUS - CNES Estabelecimentos,"Validar funcionamento, localização e vínculo territorial com APS municipal/ERS.",True,0,0,
Colniza,5103254,2654466,POSTO DE SAUDE AGROVILA,Posto de Saúde,ZONA RURAL,AGROVILA ASSENT PERSEVERANCA PACUTING,,,Dados Abertos SUS - CNES Estabelecimentos,"Validar funcionamento, localização e vínculo territorial com APS municipal/ERS.",False,0,0,
Colniza,5103254,6433413,POSTO DE SAUDE TRES FRONTEIRAS,Posto de Saúde,RURAL,BR MT 170,-9.3427047994,-59.3893432617,Dados Abertos SUS - CNES Estabelecimentos,"Validar funcionamento, localização e vínculo territorial com APS municipal/ERS.",True,0,0,
Colniza,5103254,2654458,UNIDADE DE SAUDE DA FAMILIA DO GUARIBA,USF / Saúde da Família,URBANO,DISTRITO GUARIBA,-9.3505810796,-59.3308925629,Dados Abertos SUS - CNES Estabelecimentos,"Validar funcionamento, localização e vínculo territorial com APS municipal/ERS.",True,1,0,0000447056
Colniza,5103254,5032814,UNIDADE DE SAUDE DA FAMILIA ESF BELA VISTA COLNIZA,USF / Saúde da Família,BELA VISTA,RUA SAO DOMINGOS,-9.4570626835,-59.2096996307,Dados Abertos SUS - CNES Estabelecimentos,"Validar funcionamento, localização e vínculo territorial com APS municipal/ERS.",True,1,0,0000447072
Colniza,5103254,4137426,UNIDADE DE SAUDE DA FAMILIA ESF CIDADE ALTA,USF / Saúde da Família,CIDADE ALTA,AVENIDA JOSE TROVAO,-9.4458382,-59.2135845,Dados Abertos SUS - CNES Estabelecimentos,"Validar funcionamento, localização e vínculo territorial com APS municipal/ERS.",True,1,0,0002375400
Colniza,5103254,2654474,UNIDADE DE SAUDE DA FAMILIA ESF NOVA VIDA,USF / Saúde da Família,JARDIM BOM JESUS,AV 2000,-9.460584,-59.211822,Dados Abertos SUS - CNES Estabelecimentos,"Validar funcionamento, localização e vínculo territorial com APS municipal/ERS.",True,1,1,0000447064; 0002402629
Colíder,5103205,2392151,POSTO DE SAUDE CAFE NORTE,Posto de Saúde,ZONA RURAL,COMUNIDADE CAFE NORTE,-10.6265711226,-55.4544353485,Dados Abertos SUS - CNES Estabelecimentos,"Validar funcionamento, localização e vínculo territorial com APS municipal/ERS.",True,0,0,
Colíder,5103205,2392194,POSTO DE SAUDE MARCO DE CIMENTO,Posto de Saúde,ZONA RURAL,COMUNIDADE MARCO DO CIMENTO,-10.7338142944,-55.415725708,Dados Abertos SUS - CNES Estabelecimentos,"Validar funcionamento, localização e vínculo territorial com APS municipal/ERS.",True,0,0,
Colíder,5103205,2392127,POSTO DE SAUDE NOSSA SENHORA DE LURDES,Posto de Saúde,ZONA RURAL,COMUNIDADE NOSSA SENHORA DE LURDES,,,Dados Abertos SUS - CNES Estabelecimentos,"Validar funcionamento, localização e vínculo territorial com APS municipal/ERS.",False,0,0,
Colíder,5103205,2392119,POSTO DE SAUDE NOVO MEXICO,Posto de Saúde,ZONA RURAL,COMUNIDADE NOVO MEXICO,-10.358842,-55.615475,Dados Abertos SUS - CNES Estabelecimentos,"Validar funcionamento, localização e vínculo territorial com APS municipal/ERS.",True,0,0,
Colíder,5103205,2699443,POSTO DE SAUDE SAO JORGE,Posto de Saúde,ZONA RURAL,COMUNIDADE SAO JORGE,-10.461134,-55.488877,Dados Abertos SUS - CNES Estabelecimentos,"Validar funcionamento, localização e vínculo territorial com APS municipal/ERS.",True,0,0,
Colíder,5103205,2392143,POSTO DE SAUDE SAO LAZARO,Posto de Saúde,ZONA RURAL,COMUNIDADE SAO LAZARO,-10.7638338953,-55.4167556763,Dados Abertos SUS - CNES Estabelecimentos,"Validar funcionamento, localização e vínculo territorial com APS municipal/ERS.",True,0,0,
Colíder,5103205,2392135,POSTO DE SAUDE SAO VICENTE,Posto de Saúde,ZONA RURAL,COMUNIDADE SAO VICENTE,-10.485487,-55.510214,Dados Abertos SUS - CNES Estabelecimentos,"Validar funcionamento, localização e vínculo territorial com APS municipal/ERS.",True,0,0,
Colíder,5103205,2392186,POSTO DE SAUDE SOL NASCENTE,Posto de Saúde,ZONA RURAL,COMUNIDADE SOL NASCENTE,-10.427776,-55.589062,Dados Abertos SUS - CNES Estabelecimentos,"Validar funcionamento, localização e vínculo territorial com APS municipal/ERS.",True,0,0,
Colíder,5103205,2699486,POSTO DE SAUDE TREVO OURO VERDE,Posto de Saúde,ZONA RURAL,COMUNIDADE TREVO OURO VERDE,-10.5947368,-55.4041179,Dados Abertos SUS - CNES Estabelecimentos,"Validar funcionamento, localização e vínculo territorial com APS municipal/ERS.",True,0,0,
Colíder,5103205,2699451,POSTO DE SAUDE VERANEIO,Posto de Saúde,ZONA RURAL,COMUNIDADE VERANEIO,,,Dados Abertos SUS - CNES Estabelecimentos,"Validar funcionamento, localização e vínculo territorial com APS municipal/ERS.",False,0,0,
Colíder,5103205,8188041,UBS POLO RURAL,UBS / Centro de Saúde,CENTRO,RUA ROSALINA PROVASI RIBEIRO,-10.8018600507,-55.4571819305,Dados Abertos SUS - CNES Estabelecimentos,"Validar funcionamento, localização e vínculo territorial com APS municipal/ERS.",True,1,0,0002566117
Comodoro,5103304,6924867,ESTRATEGIA DE SAUDE DA FAMILIA CRISTO REI,USF / Saúde da Família,CRISTO REI,AVENIDA PARANA,-13.6543483043,-59.7911381721,Dados Abertos SUS - CNES Estabelecimentos,"Validar funcionamento, localização e vínculo territorial com APS municipal/ERS.",True,1,0,0000447153
Comodoro,5103304,2394006,POSTO DE SAUDE COLONIA DOS MINEIROS,Posto de Saúde,ZONA RURAL,GLEBA COLONIA DOS MINEIROS,,,Dados Abertos SUS - CNES Estabelecimentos,"Validar funcionamento, localização e vínculo territorial com APS municipal/ERS.",False,0,0,
Comodoro,5103304,2393964,POSTO DE SAUDE DA GLEBA GRANJA,Posto de Saúde,ZONA RURAL,GLEBA GRANJA,,,Dados Abertos SUS - CNES Estabelecimentos,"Validar funcionamento, localização e vínculo territorial com APS municipal/ERS.",False,0,0,
Comodoro,5103304,2393999,POSTO DE SAUDE DA GLEBA MACUCO,Posto de Saúde,ZONA RURAL,GLEBA MACUCO,-13.75444,-59.898083,Dados Abertos SUS - CNES Estabelecimentos,"Validar funcionamento, localização e vínculo territorial com APS municipal/ERS.",True,0,0,
Comodoro,5103304,2394022,POSTO DE SAUDE GLEBA LIMAO NOROAGRO,Posto de Saúde,ZONA RURAL,GLEBA LIMAO NOROAGRO,-13.428326,-60.105432,Dados Abertos SUS - CNES Estabelecimentos,"Validar funcionamento, localização e vínculo territorial com APS municipal/ERS.",True,0,0,
Comodoro,5103304,9669353,POSTO DE SAUDE INDIGENA ALDEIA AROEIRA CENTRAL,Posto de Saúde,ZONA RURAL,ALDEIA AROEIRA,-12.721,-59.786,Dados Abertos SUS - CNES Estabelecimentos,"Validar funcionamento, localização e vínculo territorial com APS municipal/ERS.",True,0,0,
Comodoro,5103304,799696,POSTO DE SAUDE INDIGENA ALDEIA HALATAIKWA,Posto de Saúde,ZONA RURAL,ALDEIA HALATAIKWA,-13.6543900067,-59.7768259048,Dados Abertos SUS - CNES Estabelecimentos,"Validar funcionamento, localização e vínculo territorial com APS municipal/ERS.",True,0,0,
Comodoro,5103304,9669361,POSTO DE SAUDE INDIGENA ALDEIA IQUE,Posto de Saúde,ZONA RURAL,ALDEIA IQUE,-13.663,-59.786,Dados Abertos SUS - CNES Estabelecimentos,"Validar funcionamento, localização e vínculo territorial com APS municipal/ERS.",True,0,0,
Comodoro,5103304,9669566,POSTO DE SAUDE INDIGENA ALDEIA MAMAINDE CABIXI,Posto de Saúde,ZONA RURAL,ALDEIA MAMAINDE CABIXI,-13.663,-59.786,Dados Abertos SUS - CNES Estabelecimentos,"Validar funcionamento, localização e vínculo territorial com APS municipal/ERS.",True,0,0,
Comodoro,5103304,9669418,POSTO DE SAUDE INDIGENA ALDEIA MAMAINDE CENTRAL,Posto de Saúde,ZONA RURAL,ALDEIA MAMAINDE CENTAL,-13.663,-59.786,Dados Abertos SUS - CNES Estabelecimentos,"Validar funcionamento, localização e vínculo territorial com APS municipal/ERS.",True,0,0,
Comodoro,5103304,2857693,POSTO DE SAUDE INDIGENA ALDEIA NAMBIKWARA 13 DE MAIO,Posto de Saúde,ZONA RURAL,ALDEIA 13 DE MAIO,-13.6206294653,-60.0910949707,Dados Abertos SUS - CNES Estabelecimentos,"Validar funcionamento, localização e vínculo territorial com APS municipal/ERS.",True,0,0,
Comodoro,5103304,642061,UNIDADE BASICA DE SAUDE INDIGEN ALDEIA MANAIRISU THAHAINTESU,UBS / Centro de Saúde,ZONA RURAL,ALDEIA MANAIRISU THAHAINTESU,-12.484863,-59.491821,Dados Abertos SUS - CNES Estabelecimentos,"Validar funcionamento, localização e vínculo territorial com APS municipal/ERS.",True,0,0,
Comodoro,5103304,3398676,UNIDADE BASICA DE SAUDE INDIGENA ALDEIA 13 DE MAIO,UBS / Centro de Saúde,ZONA RURAL,ALDEIA 13 DE MAIO,-13.440589,-59.779958725,Dados Abertos SUS - CNES Estabelecimentos,"Validar funcionamento, localização e vínculo territorial com APS municipal/ERS.",True,0,0,
Comodoro,5103304,641820,UNIDADE BASICA DE SAUDE INDIGENA ALDEIA ALANTESU CENTRAL,UBS / Centro de Saúde,ZONA RURAL,ALDEIA INDIGENA ALANTESU CENTRAL,-13.440589,-59.403307,Dados Abertos SUS - CNES Estabelecimentos,"Validar funcionamento, localização e vínculo territorial com APS municipal/ERS.",True,0,0,
Comodoro,5103304,624047,UNIDADE BASICA DE SAUDE INDIGENA ALDEIA BARRACAO QUEIMADO,UBS / Centro de Saúde,ZONA RURAL,ALDEIA CAMARERE BARRACAO QUEIMADO,-13.281728,-59.461128,Dados Abertos SUS - CNES Estabelecimentos,"Validar funcionamento, localização e vínculo territorial com APS municipal/ERS.",True,0,0,
Comodoro,5103304,624055,UNIDADE BASICA DE SAUDE INDIGENA ALDEIA BRANCA,UBS / Centro de Saúde,ZONA RURAL,ALDEIA NAMBIKUARA BRANCA,-13.663,-59.786,Dados Abertos SUS - CNES Estabelecimentos,"Validar funcionamento, localização e vínculo territorial com APS municipal/ERS.",True,0,0,
Confresa,5103353,2654938,POSTO DE SAUDE GAMELEIRA,Posto de Saúde,ZONA RURAL,R PRINCIPAL,,,Dados Abertos SUS - CNES Estabelecimentos,"Validar funcionamento, localização e vínculo territorial com APS municipal/ERS.",False,0,0,
Confresa,5103353,2311577,POSTO DE SAUDE INDIGENA ALDEIA URUBU BRANCO,Posto de Saúde,ZONA RURAL,ALDEIA URUBU BRANCO,,,Dados Abertos SUS - CNES Estabelecimentos,"Validar funcionamento, localização e vínculo territorial com APS municipal/ERS.",False,0,0,
Confresa,5103353,7924917,UBS NOVA SANTA LUZIA,UBS / Centro de Saúde,SANTA LUZIA,RUA SAO GONCALO ESQUINA COM A RUA 03,-10.6574553834,-51.563397646,Dados Abertos SUS - CNES Estabelecimentos,"Validar funcionamento, localização e vínculo territorial com APS municipal/ERS.",True,1,1,0001600966; 0001992708
Confresa,5103353,2699338,UNIDADE DE SAUDE DA FAMILIA DE VILA NOVA,USF / Saúde da Família,VILA NOVA,RUA TAPIRAPE,-10.6574870147,-51.5746468306,Dados Abertos SUS - CNES Estabelecimentos,"Validar funcionamento, localização e vínculo territorial com APS municipal/ERS.",True,1,1,0000447196; 0001992570; 0002442620
Confresa,5103353,3790940,UNIDADE DE SAUDE DA FAMILIA JARDIM PLANALTO,USF / Saúde da Família,JARDIM PLANALTO,RUA PORTO SEGURO,-10.64611535,-51.5741801262,Dados Abertos SUS - CNES Estabelecimentos,"Validar funcionamento, localização e vínculo territorial com APS municipal/ERS.",True,1,1,0000447242; 0001992627; 0002303876
Confresa,5103353,3205231,USF VILA DOIS MIL INDEPENDENTE,USF / Saúde da Família,SETOR DOS BURTIS,RUA ANSELMO BACKER,-10.6489042676,-51.5634566545,Dados Abertos SUS - CNES Estabelecimentos,"Validar funcionamento, localização e vínculo territorial com APS municipal/ERS.",True,2,1,0000447226; 0000447234; 0001910256; 0002334569
Conquista D'Oeste,5103361,808318,UNIDADE BASICA DE SAUDE INDIGENA ALDEI SARARE SERRA DA BORDA,UBS / Centro de Saúde,RURAL,RESERVA INDIGINA,-14.7692389282,-59.6306991577,Dados Abertos SUS - CNES Estabelecimentos,"Validar funcionamento, localização e vínculo territorial com APS municipal/ERS.",True,0,0,
Conquista D'Oeste,5103361,808326,UNIDADE BASICA DE SAUDE INDIGENA ALDEIA SARARE CENTRAL,UBS / Centro de Saúde,RURAL,RESERVA INDIGINA,-14.541,-59.548,Dados Abertos SUS - CNES Estabelecimentos,"Validar funcionamento, localização e vínculo territorial com APS municipal/ERS.",True,0,0,
Conquista D'Oeste,5103361,2654350,UNIDADE DE SAUDE DA FAMILIA PSF1,USF / Saúde da Família,CENTRO,RUA DOS CAJUEIROS,-14.5401152308,-59.540759325,Dados Abertos SUS - CNES Estabelecimentos,"Validar funcionamento, localização e vínculo territorial com APS municipal/ERS.",True,1,1,0000447269; 0001887653
Conquista D'Oeste,5103361,2393824,UNIDADE DE SAUDE DA FAMILIA PSF2,USF / Saúde da Família,CENTRO,RUA DOS CAJUEIROS,-14.5406370872,-59.540464282,Dados Abertos SUS - CNES Estabelecimentos,"Validar funcionamento, localização e vínculo territorial com APS municipal/ERS.",True,1,0,0001482106
Cotriguaçu,5103379,5694272,POSTO DE SAUDE OURO VERDE,Posto de Saúde,GLEBA OURO VERDE,GLEBA OURO VERDE,,,Dados Abertos SUS - CNES Estabelecimentos,"Validar funcionamento, localização e vínculo territorial com APS municipal/ERS.",False,0,0,
Cotriguaçu,5103379,5839858,POSTO DE SAUDE VALE VERDE,Posto de Saúde,VALE VERDE,VALE VERDE,-9.923292,-58.273425,Dados Abertos SUS - CNES Estabelecimentos,"Validar funcionamento, localização e vínculo territorial com APS municipal/ERS.",True,0,0,
Cotriguaçu,5103379,7888341,UBSI DA ALDEIA BABACU ESCONDIDO,UBS / Centro de Saúde,NAO COSNTA,ALDEIA BABACU ESCONDIDO,-9.670352,-58.721,Dados Abertos SUS - CNES Estabelecimentos,"Validar funcionamento, localização e vínculo territorial com APS municipal/ERS.",True,0,0,
Cotriguaçu,5103379,9053328,UNIDADE BASICA DE SAUDE ALICE LOHMANN,UBS / Centro de Saúde,PLANALTO II,AVENIDA BRASIL,-9.8924010589,-58.5673856735,Dados Abertos SUS - CNES Estabelecimentos,"Validar funcionamento, localização e vínculo territorial com APS municipal/ERS.",True,1,1,0000447293; 0002029596
Cotriguaçu,5103379,2654393,UNIDADE BASICA DE SAUDE ANTONIO JORGE,UBS / Centro de Saúde,NOVA UNIAO,PORTO SEGURO,-9.3694241447,-58.9558982849,Dados Abertos SUS - CNES Estabelecimentos,"Validar funcionamento, localização e vínculo territorial com APS municipal/ERS.",True,1,1,0000447307; 0002029626; 0002254735
Cotriguaçu,5103379,2392992,UNIDADE BASICA DE SAUDE DINARTE CASTANHA,UBS / Centro de Saúde,CENTRO,RUA FLORIANO OCHOA,-9.9051051371,-58.5639631748,Dados Abertos SUS - CNES Estabelecimentos,"Validar funcionamento, localização e vínculo territorial com APS municipal/ERS.",True,1,1,0000447285; 0001967002
Cotriguaçu,5103379,2392984,UNIDADE BASICA DE SAUDE MARIA DE JESUS PEREIRA,UBS / Centro de Saúde,MT 170,COMUNIDADE NOVA ESPERANCA,-9.650576,-58.956935,Dados Abertos SUS - CNES Estabelecimentos,"Validar funcionamento, localização e vínculo territorial com APS municipal/ERS.",True,1,0,0000447277
Cotriguaçu,5103379,4069331,UNIDADE BASICA DE SAUDE ONDINA PAVAN,UBS / Centro de Saúde,DISTRITO OURO VERDE,AGROVILA,-10.0672896976,-58.5576787591,Dados Abertos SUS - CNES Estabelecimentos,"Validar funcionamento, localização e vínculo territorial com APS municipal/ERS.",True,1,1,0000447315; 0001799010
Cuiabá,5103403,7321503,CENTRO DE SAUDE SAO JOSE,UBS / Centro de Saúde,PEDRA 90,NEWTON RABELLO DE CASTRO,-15.6336361,-55.954353,Dados Abertos SUS - CNES Estabelecimentos,"Validar funcionamento, localização e vínculo territorial com APS municipal/ERS.",True,0,0,
Cuiabá,5103403,9323732,NUCLEO DE APOIO A SAUDE DA FAMILIA NASF LESTE 1,USF / Saúde da Família,PRAEIRO,AV GENERAL MELLO,-15.596,-56.097,Dados Abertos SUS - CNES Estabelecimentos,"Validar funcionamento, localização e vínculo territorial com APS municipal/ERS.",True,0,0,
Cuiabá,5103403,9016651,NUCLEO DE APOIO A SAUDE DA FAMILIA NASF NORTE,USF / Saúde da Família,CPA I,RUA OBIDOS,-15.5538736,-56.0549955,Dados Abertos SUS - CNES Estabelecimentos,"Validar funcionamento, localização e vínculo territorial com APS municipal/ERS.",True,0,0,
Cuiabá,5103403,9901957,NUCLEO DE APOIO A SAUDE DA FAMILIA NASF OESTE I,USF / Saúde da Família,RIBEIAO DO LIPA,RUA ORIVALDO DE SOUZA,-15.596,-56.097,Dados Abertos SUS - CNES Estabelecimentos,"Validar funcionamento, localização e vínculo territorial com APS municipal/ERS.",True,0,0,
Cuiabá,5103403,3420426,POSTO DE SAUDE DA COMUNIDADE RURAL BARREIRO VELHO,Posto de Saúde,BARREIRO BRANCO,LINHA 02,,,Dados Abertos SUS - CNES Estabelecimentos,"Validar funcionamento, localização e vínculo territorial com APS municipal/ERS.",False,0,0,
Cuiabá,5103403,3009289,USF 1 DE MARCO,USF / Saúde da Família,1 DE MARCO,AV PRINCIPAL,-15.5492644257,-56.031975973,Dados Abertos SUS - CNES Estabelecimentos,"Validar funcionamento, localização e vínculo territorial com APS municipal/ERS.",True,1,1,0000447781; 0002132249
Cuiabá,5103403,2534290,USF AGUACU,USF / Saúde da Família,AGUACU,KM 55 ESTRADA DA GUIA,-15.281102276,-56.1296807978,Dados Abertos SUS - CNES Estabelecimentos,"Validar funcionamento, localização e vínculo territorial com APS municipal/ERS.",True,2,1,0000447471; 0001714694; 0002003066
Cuiabá,5103403,3094901,USF ALTOS DA SERRA I,USF / Saúde da Família,ALTOS DA SERRA,RUA RUI BARBOSA,-15.5764361,-56.0207635,Dados Abertos SUS - CNES Estabelecimentos,"Validar funcionamento, localização e vínculo territorial com APS municipal/ERS.",True,1,1,0000447870; 0002003244
Cuiabá,5103403,3959430,USF ALTOS DA SERRA II,USF / Saúde da Família,ALTOS DA SERRA,AVENIDA RUI BARBOSA,-15.6116282,-56.0332802,Dados Abertos SUS - CNES Estabelecimentos,"Validar funcionamento, localização e vínculo territorial com APS municipal/ERS.",True,1,1,0000447994; 0002003252
Cuiabá,5103403,2534355,USF ALVORADA,USF / Saúde da Família,ALVORADA,RUA PIRATININGA,-15.5794467355,-56.0813882798,Dados Abertos SUS - CNES Estabelecimentos,"Validar funcionamento, localização e vínculo territorial com APS municipal/ERS.",True,1,1,0000447501; 0002240378
Cuiabá,5103403,2604302,USF ANA POUPINA,USF / Saúde da Família,DOM AQUINO,AV CARMINDO DE CAMPOS,-15.6133643604,-56.0985801917,Dados Abertos SUS - CNES Estabelecimentos,"Validar funcionamento, localização e vínculo territorial com APS municipal/ERS.",True,1,0,0002469251
Cuiabá,5103403,2470985,USF AREAO,USF / Saúde da Família,AREAO,AV DESEMBARGADOR ANTONIO QUIRINO DE ARAUJO,-15.6022825141,-56.0835253202,Dados Abertos SUS - CNES Estabelecimentos,"Validar funcionamento, localização e vínculo territorial com APS municipal/ERS.",True,2,0,0000447390; 0002457873
Cuiabá,5103403,2655144,USF BELA VISTA,USF / Saúde da Família,BELA VISTA,AVENIDA OATOMO CANAVARROS,-15.576538,-56.0591339,Dados Abertos SUS - CNES Estabelecimentos,"Validar funcionamento, localização e vínculo territorial com APS municipal/ERS.",True,2,0,0000447692; 0001641077
Cuiabá,5103403,2655039,USF CAIC,USF / Saúde da Família,PEDRA 90 I CAIC,AV NILTON RABELO DE CASTRO,-15.5892145071,-56.0478665898,Dados Abertos SUS - CNES Estabelecimentos,"Validar funcionamento, localização e vínculo territorial com APS municipal/ERS.",True,2,2,0000447617; 0000447625; 0002003287; 0002003295
Cuiabá,5103403,2604248,USF CAMPO VELHO,USF / Saúde da Família,CAMPO VELHO,RUA PRESIDENTI MEDICI,-15.6181953752,-56.0822055988,Dados Abertos SUS - CNES Estabelecimentos,"Validar funcionamento, localização e vínculo territorial com APS municipal/ERS.",True,1,1,0001585231; 0002409410
Cuiabá,5103403,2534282,USF CIDADE ALTA,USF / Saúde da Família,CIDADE ALTA,AV JORNALISTA ALVES DE OLIVEIRA,-15.6097746,-56.1245628,Dados Abertos SUS - CNES Estabelecimentos,"Validar funcionamento, localização e vínculo territorial com APS municipal/ERS.",True,1,0,0001587757
Cuiabá,5103403,2494817,USF CIDADE VERDE,USF / Saúde da Família,CIDADE VERDE,RUA SANTA LUZIA,-15.610874218,-56.131943231,Dados Abertos SUS - CNES Estabelecimentos,"Validar funcionamento, localização e vínculo territorial com APS municipal/ERS.",True,1,0,0000447420; 0002379163
Cuiabá,5103403,6225845,USF CINTURAO VERDE,USF / Saúde da Família,PEDRA 90,AV NILTON RABELO DE CASTRO,-15.6362136691,-55.9470614895,Dados Abertos SUS - CNES Estabelecimentos,"Validar funcionamento, localização e vínculo territorial com APS municipal/ERS.",True,2,2,0000448052; 0000448060; 0002003023; 0002003031
Cuiabá,5103403,2470969,USF COHAB SAO GONCALO,USF / Saúde da Família,SAO GONCALO,AV B,-15.6473269195,-56.0450580001,Dados Abertos SUS - CNES Estabelecimentos,"Validar funcionamento, localização e vínculo territorial com APS municipal/ERS.",True,2,1,0000447374; 0002409399; 0002409488
Cuiabá,5103403,4712072,USF COXIPO DO OURO,USF / Saúde da Família,DISTRITO COXIPO DO O,BENEDITO DEMECIANO,-15.4585862153,-55.981666496,Dados Abertos SUS - CNES Estabelecimentos,"Validar funcionamento, localização e vínculo territorial com APS municipal/ERS.",True,1,0,0002457644
Cuiabá,5103403,2494825,USF CPA III,USF / Saúde da Família,CPIII SETOR 2,RUA 39 QD 2,-15.5645440128,-56.0396887213,Dados Abertos SUS - CNES Estabelecimentos,"Validar funcionamento, localização e vínculo territorial com APS municipal/ERS.",True,3,0,0000447439; 0002033763; 0002458756
Cuiabá,5103403,2659093,USF CPA IV,USF / Saúde da Família,CPA IV,AVENIDA CURIO,-15.55748454,-56.031157873,Dados Abertos SUS - CNES Estabelecimentos,"Validar funcionamento, localização e vínculo territorial com APS municipal/ERS.",True,3,2,0000447749; 0002193760; 0002380080; 0002460408; 0002462591; 0002462605
Cuiabá,5103403,2393441,USF DA GUIA,USF / Saúde da Família,NOSSA SRA GUIA,RUA VICENTE FIGUEIREDO,-15.6658245845,-56.1359449082,Dados Abertos SUS - CNES Estabelecimentos,"Validar funcionamento, localização e vínculo territorial com APS municipal/ERS.",True,3,1,0000447323; 0001714740; 0002003058; 0002457695
Cuiabá,5103403,2494868,USF DOM AQUINO,USF / Saúde da Família,DOM AQUINO,RUA IRMA ELVIRA PARIS,-15.6084120388,-56.093401192,Dados Abertos SUS - CNES Estabelecimentos,"Validar funcionamento, localização e vínculo territorial com APS municipal/ERS.",True,2,0,0002460998; 0002461005
Cuiabá,5103403,3078167,USF DR FABIO I,USF / Saúde da Família,DOUTOR FABIO,RUA RONDONOPOLIS,-15.6351092,-56.002831,Dados Abertos SUS - CNES Estabelecimentos,"Validar funcionamento, localização e vínculo territorial com APS municipal/ERS.",True,1,1,0000447854; 0002192306
Cuiabá,5103403,3078183,USF DR FABIO II,USF / Saúde da Família,DR FABIO,RUA RONDONOPOLIS,-15.6385011,-56.1573885,Dados Abertos SUS - CNES Estabelecimentos,"Validar funcionamento, localização e vínculo territorial com APS municipal/ERS.",True,1,1,0000447862; 0002192314
Cuiabá,5103403,2470977,USF DR JOSE EDUARDO FARIA,USF / Saúde da Família,RIBEIRAO DO LIPA,RUA ORIVALDO DE SOUZA,-15.5677372,-56.1067834,Dados Abertos SUS - CNES Estabelecimentos,"Validar funcionamento, localização e vínculo territorial com APS municipal/ERS.",True,1,1,0000447382; 0002236737; 0002378957
Cuiabá,5103403,2471078,USF ELDORADO,USF / Saúde da Família,JD ELDORADO,R1,-15.6643539,-56.0408509,Dados Abertos SUS - CNES Estabelecimentos,"Validar funcionamento, localização e vínculo territorial com APS municipal/ERS.",True,2,1,0002479281; 0002479303; 0002479672
Cuiabá,5103403,2655489,USF GRANDE TERCEIRO,USF / Saúde da Família,GRANDE TERCEIRO,RUA TELES PIRES,-15.6115046,-56.0879758,Dados Abertos SUS - CNES Estabelecimentos,"Validar funcionamento, localização e vínculo territorial com APS municipal/ERS.",True,1,0,0002461048
Cuiabá,5103403,311537,USF ILZA TEREZINHA PICOLLI,USF / Saúde da Família,RESID ILZA TEREZINH,RUA K,-15.5845984,-56.0479382,Dados Abertos SUS - CNES Estabelecimentos,"Validar funcionamento, localização e vínculo territorial com APS municipal/ERS.",True,0,0,
Cuiabá,5103403,2655098,USF JARDIM ARACA,USF / Saúde da Família,JD SANTA AMALIA,AV TANGARA,-15.6123858089,-55.9799622288,Dados Abertos SUS - CNES Estabelecimentos,"Validar funcionamento, localização e vínculo territorial com APS municipal/ERS.",True,1,0,0000447668
Cuiabá,5103403,2655152,USF JARDIM FLORIANOPOLIS,USF / Saúde da Família,JD FLORIANOPOLIS,RUA 19 QUADRA 52 LOTE11,-15.5458828588,-56.0804787301,Dados Abertos SUS - CNES Estabelecimentos,"Validar funcionamento, localização e vínculo territorial com APS municipal/ERS.",True,1,1,0000447706; 0002003260
Cuiabá,5103403,6225861,USF JARDIM FORTALEZA,USF / Saúde da Família,JARDIM FORTALEZA,RUA F12,-15.6174880621,-55.9959628416,Dados Abertos SUS - CNES Estabelecimentos,"Validar funcionamento, localização e vínculo territorial com APS municipal/ERS.",True,4,0,0000448087; 0000448095; 0002458063; 0002458101
Cuiabá,5103403,2534320,USF JARDIM IMPERIAL,USF / Saúde da Família,JD IMPERIAL,RUA GOIABA,-15.6165693886,-56.0256473733,Dados Abertos SUS - CNES Estabelecimentos,"Validar funcionamento, localização e vínculo territorial com APS municipal/ERS.",True,3,3,0001585223; 0002083337; 0002375737; 0002378825; 0002386216; 0002386224; 0002386232
Cuiabá,5103403,2534304,USF JARDIM INDEPENDENCIA,USF / Saúde da Família,JD INDEPENDENCIA,AV SAO SEBASTIAO,-15.6094039,-56.1200537,Dados Abertos SUS - CNES Estabelecimentos,"Validar funcionamento, localização e vínculo territorial com APS municipal/ERS.",True,2,1,0000447498; 0002003503; 0002457717
Cuiabá,5103403,6226159,USF JARDIM INDUSTRIARIO,USF / Saúde da Família,JARDIM INDUSTRIARIO,RUA 20,-15.650417799,-55.9803230867,Dados Abertos SUS - CNES Estabelecimentos,"Validar funcionamento, localização e vínculo territorial com APS municipal/ERS.",True,3,0,0000448206; 0000448214; 0002460963
Cuiabá,5103403,2655497,USF JARDIM LEBLON,USF / Saúde da Família,JARDIM LEBLON,RUA PROJETADA,-15.565671,-56.0911811,Dados Abertos SUS - CNES Estabelecimentos,"Validar funcionamento, localização e vínculo territorial com APS municipal/ERS.",True,1,0,0000447722
Cuiabá,5103403,7792123,USF JARDIM PASSAREDO,USF / Saúde da Família,SAO FRANCISCO,AV FERNANDO CORREA DA COSTA,-15.6439411563,-56.0153716868,Dados Abertos SUS - CNES Estabelecimentos,"Validar funcionamento, localização e vínculo territorial com APS municipal/ERS.",True,3,3,0002557126; 0002557134; 0002557142; 0002557150; 0002557169; 0002559684
Cuiabá,5103403,5520096,USF JARDIM SANTA AMALIA,USF / Saúde da Família,JARDIM SANTA AMALIA,AVENIDA TANGARA,-15.5955587875,-56.1390207956,Dados Abertos SUS - CNES Estabelecimentos,"Validar funcionamento, localização e vínculo territorial com APS municipal/ERS.",True,1,0,0000448028
Cuiabá,5103403,3023087,USF JARDIM UMUARAMA ALTOS DA GLORIA,USF / Saúde da Família,TRES BARRAS,RUA 29,-15.5572578407,-56.0250105257,Dados Abertos SUS - CNES Estabelecimentos,"Validar funcionamento, localização e vínculo territorial com APS municipal/ERS.",True,2,0,0000447838; 0002460416
Cuiabá,5103403,5520088,USF JARDIM UNIAO,USF / Saúde da Família,JARDIM FLORIANOPOLIS,RUA 19 QDR 52 LOTE 11,-15.5460609335,-56.0805450762,Dados Abertos SUS - CNES Estabelecimentos,"Validar funcionamento, localização e vínculo territorial com APS municipal/ERS.",True,1,1,0000448001; 0002003279
Cuiabá,5103403,2655500,USF JARDIM VITORIA I,USF / Saúde da Família,JD VITORIA,AV B,-15.5382054917,-56.0710944669,Dados Abertos SUS - CNES Estabelecimentos,"Validar funcionamento, localização e vínculo territorial com APS municipal/ERS.",True,2,1,0000447730; 0002409402; 0002457784
Cuiabá,5103403,2655462,USF JARDIM VITORIA II,USF / Saúde da Família,JARDIM VITORIA,AV B,-15.6111146,-56.0351074,Dados Abertos SUS - CNES Estabelecimentos,"Validar funcionamento, localização e vínculo territorial com APS municipal/ERS.",True,1,1,0000447714; 0002291908
Cuiabá,5103403,2393484,USF JARDIM VITORIA III,USF / Saúde da Família,JD VITORIA,AV B,-15.55748454,-56.0711605987,Dados Abertos SUS - CNES Estabelecimentos,"Validar funcionamento, localização e vínculo territorial com APS municipal/ERS.",True,1,1,0000447358; 0002280701
Cuiabá,5103403,3393909,USF JOAO BORRALHO,USF / Saúde da Família,DISPRAIADO,RUA PRESIDENTE AFONSO PENA,-15.5860356,-56.1000699,Dados Abertos SUS - CNES Estabelecimentos,"Validar funcionamento, localização e vínculo territorial com APS municipal/ERS.",True,4,2,0000447935; 0000447943; 0002003317; 0002003325; 0002460386; 0002460394
Cuiabá,5103403,3012816,USF JOAO BOSCO PINHEIRO,USF / Saúde da Família,1 DE MARCO,AVENIDA PRINCIPAL,-15.5494141246,-56.0319238474,Dados Abertos SUS - CNES Estabelecimentos,"Validar funcionamento, localização e vínculo territorial com APS municipal/ERS.",True,1,1,0000447803; 0002136600
Cuiabá,5103403,9903046,USF JOCKEY CLUB,USF / Saúde da Família,JARDIM JOCKEY CLUB,RUA BRITNEY SAN,-15.6542908406,-56.0469211135,Dados Abertos SUS - CNES Estabelecimentos,"Validar funcionamento, localização e vínculo territorial com APS municipal/ERS.",True,2,2,0001687980; 0001687999; 0002003333; 0002003341; 0002541769
Cuiabá,5103403,2655128,USF LIXEIRA,USF / Saúde da Família,LIXEIRA,AV PROF JOAO FELIX,-15.592154932,-56.0830830784,Dados Abertos SUS - CNES Estabelecimentos,"Validar funcionamento, localização e vínculo territorial com APS municipal/ERS.",True,2,2,0000447676; 0000447684; 0002280671; 0002280698
Cuiabá,5103403,2820978,USF NICO BARACAT ENF MIRIAM PINHEIRO,USF / Saúde da Família,OSMAR CABRAL,AV PRINCIPAL,-15.6426186,-56.0333609,Dados Abertos SUS - CNES Estabelecimentos,"Validar funcionamento, localização e vínculo territorial com APS municipal/ERS.",True,2,2,0002268639; 0002268787; 0002278855; 0002278863
Cuiabá,5103403,6225888,USF NOVA ESPERANCA,USF / Saúde da Família,NOVA ESPERANCA,TRAVESSA J,-15.6461014,-55.9734564,Dados Abertos SUS - CNES Estabelecimentos,"Validar funcionamento, localização e vínculo territorial com APS municipal/ERS.",True,3,0,0000448109; 0000448117; 0002458772
Cuiabá,5103403,3244938,USF NOVO COLORADO I,USF / Saúde da Família,NOVO COLORADO,AVENIDA TRES CRUZES,-15.5812345,-56.1119954,Dados Abertos SUS - CNES Estabelecimentos,"Validar funcionamento, localização e vínculo territorial com APS municipal/ERS.",True,1,1,0000447897; 0002003430
Cuiabá,5103403,3901076,USF NOVO COLORADO II,USF / Saúde da Família,NOVO COLORADO,AVENIDA JOAQUIM LOUZADA,-15.56456,-56.11717,Dados Abertos SUS - CNES Estabelecimentos,"Validar funcionamento, localização e vínculo territorial com APS municipal/ERS.",True,1,1,0000447986; 0002003449
Cuiabá,5103403,3313220,USF NOVO HORIZONTE,USF / Saúde da Família,NOVO HORIZONTE,RUA BRASILIA,-15.5769478,-56.0269658,Dados Abertos SUS - CNES Estabelecimentos,"Validar funcionamento, localização e vínculo territorial com APS municipal/ERS.",True,1,0,0000447927
Cuiabá,5103403,3310094,USF NOVO MATO GROSSO,USF / Saúde da Família,NOVO MATO GROSSO,RUA ANDRODINA,-15.5921446693,-56.0830733926,Dados Abertos SUS - CNES Estabelecimentos,"Validar funcionamento, localização e vínculo territorial com APS municipal/ERS.",True,1,0,0000447919
Cuiabá,5103403,6225659,USF NOVO MILLENIUM,USF / Saúde da Família,NOVO MILLENIUM,RUA 02 QDR 05,-15.6161628759,-56.0079863744,Dados Abertos SUS - CNES Estabelecimentos,"Validar funcionamento, localização e vínculo territorial com APS municipal/ERS.",True,2,0,0000448036; 0000448044
Cuiabá,5103403,2534371,USF NOVO PARAISO I,USF / Saúde da Família,NOVO PARAISO,RUA D,-15.5479836,-56.0550717,Dados Abertos SUS - CNES Estabelecimentos,"Validar funcionamento, localização e vínculo territorial com APS municipal/ERS.",True,1,1,0000447528; 0002120518
Cuiabá,5103403,2471043,USF NOVO PARAISO II,USF / Saúde da Família,NOVO PARAISO,RUA DANTE DE OLIVEIRA,-15.5447975,-56.0534853,Dados Abertos SUS - CNES Estabelecimentos,"Validar funcionamento, localização e vínculo territorial com APS municipal/ERS.",True,1,0,0000447412
Cuiabá,5103403,2494884,USF NOVO TERCEIRO,USF / Saúde da Família,NOVO TERCEIRO,RUA PROFESSOR FLORIANO SIQUEIRA DE CARVALHO,-15.6138206,-56.1282535,Dados Abertos SUS - CNES Estabelecimentos,"Validar funcionamento, localização e vínculo territorial com APS municipal/ERS.",True,4,2,0001709070; 0001709089; 0002003406; 0002003422; 0002458373; 0002458381
Cuiabá,5103403,2604345,USF OURO FINO,USF / Saúde da Família,JARDIM DAS AROEIRAS,AVENIDA A1,-15.5479447896,-56.0456853837,Dados Abertos SUS - CNES Estabelecimentos,"Validar funcionamento, localização e vínculo territorial com APS municipal/ERS.",True,1,0,0000447595
Cuiabá,5103403,2604310,USF PAIAGUAS,USF / Saúde da Família,RESIDENCIAL PAIAGUAS,AVENIDA A ESQUINA COM A RUA C,-15.6603773116,-56.0553434438,Dados Abertos SUS - CNES Estabelecimentos,"Validar funcionamento, localização e vínculo territorial com APS municipal/ERS.",True,2,0,0000447560; 0002460351
Cuiabá,5103403,6226124,USF PARQUE ATALAIA,USF / Saúde da Família,PARQUE ATALAIA,RUA D,-15.6603858193,-56.0553375038,Dados Abertos SUS - CNES Estabelecimentos,"Validar funcionamento, localização e vínculo territorial com APS municipal/ERS.",True,3,2,0000448176; 0000448184; 0002110520; 0002110539; 0002458578
Cuiabá,5103403,2393476,USF PARQUE CUIABA,USF / Saúde da Família,PARQUE CUIABA,RUA D 4,-15.6600185715,-56.0489100272,Dados Abertos SUS - CNES Estabelecimentos,"Validar funcionamento, localização e vínculo territorial com APS municipal/ERS.",True,3,2,0000447331; 0002029383; 0002033526; 0002033542; 0002459132
Cuiabá,5103403,179655,USF PARQUE OHARA,USF / Saúde da Família,PARQUE OHARA,RUA JOAO DE BARROA,-15.6286690148,-56.0481419262,Dados Abertos SUS - CNES Estabelecimentos,"Validar funcionamento, localização e vínculo territorial com APS municipal/ERS.",True,0,0,
Cuiabá,5103403,2655047,USF PEDRA 90,USF / Saúde da Família,PEDRA 90,AV INTEGRACAO III,-15.6304810305,-55.9621288579,Dados Abertos SUS - CNES Estabelecimentos,"Validar funcionamento, localização e vínculo territorial com APS municipal/ERS.",True,2,0,0000447633; 0000447641
Cuiabá,5103403,6225926,USF PEDREGAL,USF / Saúde da Família,PEDREGAL,RUA TAIAMA,-15.6000068,-56.0675816,Dados Abertos SUS - CNES Estabelecimentos,"Validar funcionamento, localização e vínculo territorial com APS municipal/ERS.",True,2,0,0000448141; 0000448168
Cuiabá,5103403,2471051,USF PICO DO AMOR,USF / Saúde da Família,PICO DO AMOR,R CAPITAO IPORA,-15.611199072,-56.0818342332,Dados Abertos SUS - CNES Estabelecimentos,"Validar funcionamento, localização e vínculo territorial com APS municipal/ERS.",True,2,0,0001586262; 0002457725
Cuiabá,5103403,2494841,USF PLANALTO,USF / Saúde da Família,PLANALTO,RUA MONTE AZUL,-15.5821045,-56.0381569,Dados Abertos SUS - CNES Estabelecimentos,"Validar funcionamento, localização e vínculo territorial com APS municipal/ERS.",True,1,0,0000447447
Cuiabá,5103403,2659131,USF PRAEIRO,USF / Saúde da Família,PRAEIRO,AV GENERAL MELLO,-15.6219768131,-56.0809072241,Dados Abertos SUS - CNES Estabelecimentos,"Validar funcionamento, localização e vínculo territorial com APS municipal/ERS.",True,2,0,0000447757; 0002377209; 0002458004
Cuiabá,5103403,2604337,USF QUILOMBO,USF / Saúde da Família,QUILOMBO,RUA AMERICO SALGADO,-15.5961384,-56.0861468,Dados Abertos SUS - CNES Estabelecimentos,"Validar funcionamento, localização e vínculo territorial com APS municipal/ERS.",True,1,0,0000447587
Cuiabá,5103403,6226132,USF RENASCER ADELAIDE ALVES DA SILVA,USF / Saúde da Família,PEDREGAL,RUA ROSARIO OESTE,-15.599333857,-56.0671880716,Dados Abertos SUS - CNES Estabelecimentos,"Validar funcionamento, localização e vínculo territorial com APS municipal/ERS.",True,1,1,0000448192; 0002003090
Cuiabá,5103403,8002487,USF RESIDENCIAL COXIPO I,USF / Saúde da Família,RES COXIPO,AVENIDA B,-15.6479760892,-56.0305630687,Dados Abertos SUS - CNES Estabelecimentos,"Validar funcionamento, localização e vínculo territorial com APS municipal/ERS.",True,1,0,0000448222
Cuiabá,5103403,2659158,USF RESIDENCIAL COXIPO II,USF / Saúde da Família,RES COXIPO,AVENIDA PRINCIPAL D,-15.6480411549,-56.0304716964,Dados Abertos SUS - CNES Estabelecimentos,"Validar funcionamento, localização e vínculo territorial com APS municipal/ERS.",True,2,0,0000447765; 0002458667
Cuiabá,5103403,2654296,USF RESIDENCIAL COXIPO III,USF / Saúde da Família,ITAPAJE,AVENIDA BACAI,-15.656118674,-56.0267215356,Dados Abertos SUS - CNES Estabelecimentos,"Validar funcionamento, localização e vínculo territorial com APS municipal/ERS.",True,1,0,0000447609
Cuiabá,5103403,2674920,USF RIBEIRAO DA PONTE,USF / Saúde da Família,RIBEIRAO DA PONTE,RUA EPITACIO AMANCIO DA FONSECA,-15.5818000522,-56.1165727838,Dados Abertos SUS - CNES Estabelecimentos,"Validar funcionamento, localização e vínculo territorial com APS municipal/ERS.",True,2,1,0000447773; 0002457709; 0002492725
Cuiabá,5103403,3040240,USF RIO DOS PEIXES,USF / Saúde da Família,RIO DOS PEIXES,RODOVIA EMANUAL PINHEIRO,-15.3955204198,-55.9909479409,Dados Abertos SUS - CNES Estabelecimentos,"Validar funcionamento, localização e vínculo territorial com APS municipal/ERS.",True,1,1,0000447846; 0002003368
Cuiabá,5103403,2604256,USF ROLAND GERALD TRECHAUD E CURVO,USF / Saúde da Família,OSMAR CABRAL,RUA UM QD 01,-15.6732748,-55.9528488,Dados Abertos SUS - CNES Estabelecimentos,"Validar funcionamento, localização e vínculo territorial com APS municipal/ERS.",True,2,2,0000447544; 0000447552; 0002236745; 0002236753
Cuiabá,5103403,2393492,USF SANTA ISABEL,USF / Saúde da Família,SANTA ISABEL,AVENIDA AGRICOLA PAES DE BARROS,-15.6039301981,-56.1328637712,Dados Abertos SUS - CNES Estabelecimentos,"Validar funcionamento, localização e vínculo territorial com APS municipal/ERS.",True,3,3,0000447366; 0000447455; 0000447579; 0001998781; 0002129310; 0002129329
Cuiabá,5103403,2604329,USF SANTA ISABEL II,USF / Saúde da Família,SANTA ISABEL,AVENIDA AGRICOLA PAES DE BARROS,-15.603783,-56.1301353,Dados Abertos SUS - CNES Estabelecimentos,"Validar funcionamento, localização e vínculo territorial com APS municipal/ERS.",True,0,0,
Cuiabá,5103403,2494876,USF SANTA ISABEL III,USF / Saúde da Família,SANTA ISABEL,AVENIDA AGRICOLA PAES DE BARROS,-15.603783,-56.1301353,Dados Abertos SUS - CNES Estabelecimentos,"Validar funcionamento, localização e vínculo territorial com APS municipal/ERS.",True,0,0,
Cuiabá,5103403,9998063,USF SANTA TEREZINHA,USF / Saúde da Família,SANTA TEREZINHA,RUA 38,-15.6476075,-56.0518732,Dados Abertos SUS - CNES Estabelecimentos,"Validar funcionamento, localização e vínculo territorial com APS municipal/ERS.",True,2,2,0001709003; 0001709011; 0002003376; 0002003384
Cuiabá,5103403,6225853,USF SERRA DOURADA,USF / Saúde da Família,OURO FINO,AV BRASIL,-15.6374759432,-55.9801153767,Dados Abertos SUS - CNES Estabelecimentos,"Validar funcionamento, localização e vínculo territorial com APS municipal/ERS.",True,1,0,0000448079
Cuiabá,5103403,2471027,USF SUCURI,USF / Saúde da Família,SUCURI,ESTRADA VELHA DA GUIA KM 08,-15.5480192386,-56.1585924758,Dados Abertos SUS - CNES Estabelecimentos,"Validar funcionamento, localização e vínculo territorial com APS municipal/ERS.",True,2,1,0000447404; 0002003074; 0002459035
Cuiabá,5103403,6225896,USF TERRA NOVA,USF / Saúde da Família,TERRA NOVA,AV SENEGAL,-15.5820785475,-56.0737060591,Dados Abertos SUS - CNES Estabelecimentos,"Validar funcionamento, localização e vínculo territorial com APS municipal/ERS.",True,2,2,0000448125; 0000448133; 0002499274; 0002559692
Cuiabá,5103403,2534398,USF TIJUCAL,USF / Saúde da Família,TIJUCAL,AVENIDA ESPIGAO,-15.6357604,-56.013425,Dados Abertos SUS - CNES Estabelecimentos,"Validar funcionamento, localização e vínculo territorial com APS municipal/ERS.",True,3,0,0000447536; 0002083892; 0002083906; 0002380471
Cuiabá,5103403,3019853,USF TRES BARRAS,USF / Saúde da Família,TRES BARRAS,RUA 29,-15.5738447,-56.0597532,Dados Abertos SUS - CNES Estabelecimentos,"Validar funcionamento, localização e vínculo territorial com APS municipal/ERS.",True,1,0,0000447811
Curvelândia,5103437,925365,POSTO DE SAUDE DE SANTA RITA,Posto de Saúde,ZONA RURAL,COMUNIDADE SANTA RITA,-15.6845640173,-57.8522239111,Dados Abertos SUS - CNES Estabelecimentos,"Validar funcionamento, localização e vínculo territorial com APS municipal/ERS.",True,0,0,
Curvelândia,5103437,925349,POSTO DE SAUDE VILA CABACAL,Posto de Saúde,ZONA RURAL,VILA CABACAL,-15.4765908498,-57.9019198793,Dados Abertos SUS - CNES Estabelecimentos,"Validar funcionamento, localização e vínculo territorial com APS municipal/ERS.",True,0,0,
Curvelândia,5103437,7957424,UBS MARIA ISABEL ALVES FREDERICO,UBS / Centro de Saúde,COHAB POR DO SOL,RUA SAO BERNARDO,-15.6162482979,-57.9222393036,Dados Abertos SUS - CNES Estabelecimentos,"Validar funcionamento, localização e vínculo territorial com APS municipal/ERS.",True,1,1,0001603574; 0002226367
Cáceres,5102504,2394812,CENTRO DE SAUDE REFERENCIAL,UBS / Centro de Saúde,SAO MIGUEL,AV CASTELO BRANCO,-15.4696825886,-58.3358563368,Dados Abertos SUS - CNES Estabelecimentos,"Validar funcionamento, localização e vínculo territorial com APS municipal/ERS.",True,0,1,0002266547; 0002266563; 0002277670
Cáceres,5102504,4085736,POSTO DE SAUDE DA PAIOL,Posto de Saúde,PAIOL,ESTRADA RURAL,-16.0716507704,-57.6748967171,Dados Abertos SUS - CNES Estabelecimentos,"Validar funcionamento, localização e vínculo territorial com APS municipal/ERS.",True,0,0,0001482610
Cáceres,5102504,2394901,POSTO DE SAUDE DE VILA APARECIDA,Posto de Saúde,VILA APARECIDA,EUA DAS MARAVILHAS,-16.0689084211,-57.6670861244,Dados Abertos SUS - CNES Estabelecimentos,"Validar funcionamento, localização e vínculo territorial com APS municipal/ERS.",True,0,0,0002239825
Cáceres,5102504,2394847,POSTO DE SAUDE DO DNER,Posto de Saúde,DNER,RUA LEOPOLDO AMBROSIO FILHO,,,Dados Abertos SUS - CNES Estabelecimentos,"Validar funcionamento, localização e vínculo territorial com APS municipal/ERS.",False,0,0,
Cáceres,5102504,3212149,POSTO DE SAUDE DO LIMAO,Posto de Saúde,DISTRITO LIMAO,BR 070,-16.2305,-57.436298,Dados Abertos SUS - CNES Estabelecimentos,"Validar funcionamento, localização e vínculo territorial com APS municipal/ERS.",True,0,0,0002399571
Cáceres,5102504,2394863,POSTO DE SAUDE HORIZONTE DOESTE,Posto de Saúde,ZONA RURAL,RUA 12 DE JANEIRO,-16.0698569071,-57.6732230186,Dados Abertos SUS - CNES Estabelecimentos,"Validar funcionamento, localização e vínculo territorial com APS municipal/ERS.",True,0,0,0002236672
Cáceres,5102504,2395088,POSTO DE SAUDE JD PADRE PAULO,Posto de Saúde,JARDIM PADRE PAULO,RUA DOS CRISANTEMOS,,,Dados Abertos SUS - CNES Estabelecimentos,"Validar funcionamento, localização e vínculo territorial com APS municipal/ERS.",False,0,0,
Cáceres,5102504,5132630,POSTO DE SAUDE LARANJEIRA 1,Posto de Saúde,LARANJEIRA 1,LARANJEIRA 1,,,Dados Abertos SUS - CNES Estabelecimentos,"Validar funcionamento, localização e vínculo territorial com APS municipal/ERS.",False,0,0,
Cáceres,5102504,9355014,POSTO DE SAUDE LARANJEIRAS,Posto de Saúde,COMUNIDADE DAS LARAN,ZONA RURAL,-16.0701455758,-57.6780724525,Dados Abertos SUS - CNES Estabelecimentos,"Validar funcionamento, localização e vínculo territorial com APS municipal/ERS.",True,0,0,0002420899
Cáceres,5102504,2654334,POSTO DE SAUDE MOQUEM,Posto de Saúde,ZONA RURAL,RUA PRINCIPAL,,,Dados Abertos SUS - CNES Estabelecimentos,"Validar funcionamento, localização e vínculo territorial com APS municipal/ERS.",False,0,0,
Cáceres,5102504,2394898,POSTO DE SAUDE PE DE ANTA,Posto de Saúde,ZONA RURAL,RODOVIA 364,,,Dados Abertos SUS - CNES Estabelecimentos,"Validar funcionamento, localização e vínculo territorial com APS municipal/ERS.",False,0,0,
Cáceres,5102504,4750292,POSTO DE SAUDE PROF VERA LYGIA BALDO FACAO,Posto de Saúde,ZONA RURAL,ASSENTAMENTO FACAO,-16.0703930059,-57.6706695557,Dados Abertos SUS - CNES Estabelecimentos,"Validar funcionamento, localização e vínculo territorial com APS municipal/ERS.",True,0,0,0002439182
Cáceres,5102504,2394944,UNID DE SAUDE DA FAMILIA MARAJOARA,USF / Saúde da Família,SANTA ISABEL,RUA ROUXINOL,-16.0691558526,-57.6799178123,Dados Abertos SUS - CNES Estabelecimentos,"Validar funcionamento, localização e vínculo territorial com APS municipal/ERS.",True,1,0,0000446270
Cáceres,5102504,2395096,UNID DE SAUDE DA FAMILIA VISTA ALEGRE,USF / Saúde da Família,VISTA ALEGRE,RUA DAS MARGARIDAS,-16.0523814,-57.6547828,Dados Abertos SUS - CNES Estabelecimentos,"Validar funcionamento, localização e vínculo territorial com APS municipal/ERS.",True,2,1,0000446297; 0001852906; 0002239833
Cáceres,5102504,2394928,UNID SAUDE DA FAMILIA VITORIA REGIA,USF / Saúde da Família,JARDIM POPULAR,RUA AMAZONAS,-16.105834175,-57.6740598679,Dados Abertos SUS - CNES Estabelecimentos,"Validar funcionamento, localização e vínculo territorial com APS municipal/ERS.",True,1,1,0000446262; 0001852817
Cáceres,5102504,411876,UNIDADE BASICA DE SAUDE DR ADEMAR ROCHA DE OLIVEIRA CAVALHAD,UBS / Centro de Saúde,CAVALHADA 1,RUA SAO PEDRO,-16.06233,-57.6836198,Dados Abertos SUS - CNES Estabelecimentos,"Validar funcionamento, localização e vínculo territorial com APS municipal/ERS.",True,0,0,
Cáceres,5102504,4828968,UNIDADE BASICA DE SAUDE JARDIM DAS OLIVEIRAS,UBS / Centro de Saúde,JARDIM DAS OLIVEIRAS,RUA JEQUITI,-16.0702486717,-57.6815056801,Dados Abertos SUS - CNES Estabelecimentos,"Validar funcionamento, localização e vínculo territorial com APS municipal/ERS.",True,1,0,0002248174
Cáceres,5102504,2699435,UNIDADE BASICA DE SAUDE SADIA,UBS / Centro de Saúde,ASSENTAMENTO SADIA,ESTRADA RURAL,-16.0727229569,-57.6806688309,Dados Abertos SUS - CNES Estabelecimentos,"Validar funcionamento, localização e vínculo territorial com APS municipal/ERS.",True,1,1,0002333104; 0002534320
Cáceres,5102504,9007997,UNIDADE BASICA DE SAUDE SANTA ISABEL,UBS / Centro de Saúde,SANTA ISABEL,RUA ROUXINOL,-16.0827135,-57.6805232,Dados Abertos SUS - CNES Estabelecimentos,"Validar funcionamento, localização e vínculo territorial com APS municipal/ERS.",True,1,1,0001606050; 0001853058
Cáceres,5102504,4439236,UNIDADE BASICA DE SAUDE SAO MIGUEL,UBS / Centro de Saúde,SAO MIGUEL,AV CASTELO BRANCO,-16.0787642071,-57.6806688309,Dados Abertos SUS - CNES Estabelecimentos,"Validar funcionamento, localização e vínculo territorial com APS municipal/ERS.",True,1,1,0000446246; 0002264293
Cáceres,5102504,9323775,UNIDADE BASICA DE SAUDE VILA IRENE,UBS / Centro de Saúde,CAVALHADA,SAO PEDRO,-16.0585572581,-57.6690387726,Dados Abertos SUS - CNES Estabelecimentos,"Validar funcionamento, localização e vínculo territorial com APS municipal/ERS.",True,1,1,0001631632; 0002226111
Cáceres,5102504,5544009,UNIDADE DE SAUDE DA FAMILIA COHAB NOVA,USF / Saúde da Família,COHAB NOVA,RUA DOS MARINHOS,-16.0466878,-57.6577586,Dados Abertos SUS - CNES Estabelecimentos,"Validar funcionamento, localização e vínculo territorial com APS municipal/ERS.",True,1,1,0000446343; 0001853023
Cáceres,5102504,2394952,UNIDADE DE SAUDE DA FAMILIA DO CAIC,USF / Saúde da Família,JAD CIDADE NOVA,RUA HERMES DA FONSECA,-16.0951138369,-57.6837158203,Dados Abertos SUS - CNES Estabelecimentos,"Validar funcionamento, localização e vínculo territorial com APS municipal/ERS.",True,1,1,0000446289; 0001851497
Cáceres,5102504,2395118,UNIDADE DE SAUDE DA FAMILIA DO RODEIO,USF / Saúde da Família,RODEIO,RUA MADRI,-16.0974843,-57.7006844,Dados Abertos SUS - CNES Estabelecimentos,"Validar funcionamento, localização e vínculo territorial com APS municipal/ERS.",True,1,1,0000446300; 0002417146
Cáceres,5102504,2395347,UNIDADE DE SAUDE DA FAMILIA JD PARAISO,USF / Saúde da Família,JDR PARAISO,RUA 31 DE MARCO,-16.0813103,-57.7010966,Dados Abertos SUS - CNES Estabelecimentos,"Validar funcionamento, localização e vínculo territorial com APS municipal/ERS.",True,1,1,0000446327; 0001852965
Cáceres,5102504,2395126,UNIDADE DE SAUDE DA FAMILIA VILA REAL,USF / Saúde da Família,VILA REAL,RUA AUSTRIA,-16.1109551,-57.6935474,Dados Abertos SUS - CNES Estabelecimentos,"Validar funcionamento, localização e vínculo territorial com APS municipal/ERS.",True,1,0,0000446319
Denise,5103452,6224547,ESTRATEGIA SAUDE DA FAMILIA JOSE LOURENCO FILHO,USF / Saúde da Família,CENTRO,AVENIDA SAO PAULO,-14.7303834817,-57.053643465,Dados Abertos SUS - CNES Estabelecimentos,"Validar funcionamento, localização e vínculo territorial com APS municipal/ERS.",True,1,1,0001548956; 0002318989
Denise,5103452,2472120,POSTO DE SAUDE COMUNIDADE NOSSA SENHORA DE FATIMA DENISE,Posto de Saúde,NOSSA SENHORA FATIMA,COMUNIDADE NOSSA SENHORA DE FATIMA,-14.735819,-56.838921,Dados Abertos SUS - CNES Estabelecimentos,"Validar funcionamento, localização e vínculo territorial com APS municipal/ERS.",True,0,0,
Denise,5103452,2654660,UBS SAMUEL TEIXEIRA,UBS / Centro de Saúde,CENTRO,RUA RIO GRANDE DO SUL,-14.7242303012,-57.0493412018,Dados Abertos SUS - CNES Estabelecimentos,"Validar funcionamento, localização e vínculo territorial com APS municipal/ERS.",True,1,1,0000448257; 0002026112
Diamantino,5103502,2655217,ESTRATEGIA SAUDE DA FAMILIA BAIRRO DA PONTE DE DIAMANTINO,USF / Saúde da Família,PONTE,RUA FREI MANOEL,-14.4072277393,-56.4538908005,Dados Abertos SUS - CNES Estabelecimentos,"Validar funcionamento, localização e vínculo territorial com APS municipal/ERS.",True,1,1,0000448311; 0001817361
Diamantino,5103502,2398109,ESTRATEGIA SAUDE DA FAMILIA BOM JESUS DE DIAMANTINO,USF / Saúde da Família,BOM JESUS,RUA PITOMBEIRAS,-14.3732451658,-56.3952255249,Dados Abertos SUS - CNES Estabelecimentos,"Validar funcionamento, localização e vínculo territorial com APS municipal/ERS.",True,1,1,0000448303; 0001819593
Diamantino,5103502,2398087,ESTRATEGIA SAUDE DA FAMILIA BURITI DE DIAMANTINO,USF / Saúde da Família,BURITI,RUA 1,-14.4131923422,-56.4376688004,Dados Abertos SUS - CNES Estabelecimentos,"Validar funcionamento, localização e vínculo territorial com APS municipal/ERS.",True,1,1,0000448273; 0001820052
Diamantino,5103502,2398060,ESTRATEGIA SAUDE DA FAMILIA CENTRAL DE DIAMANTINO,USF / Saúde da Família,CENTRO,AV MARECHAL RONDON,-14.4068744302,-56.4476895332,Dados Abertos SUS - CNES Estabelecimentos,"Validar funcionamento, localização e vínculo territorial com APS municipal/ERS.",True,1,0,0000448265
Diamantino,5103502,2655322,ESTRATEGIA SAUDE DA FAMILIA DECIOLANDIA DE DIAMANTINO,USF / Saúde da Família,ZONA RURAL,BR364,-14.1725287803,-57.4114608765,Dados Abertos SUS - CNES Estabelecimentos,"Validar funcionamento, localização e vínculo territorial com APS municipal/ERS.",True,1,1,0000448338; 0001807951
Diamantino,5103502,9589554,ESTRATEGIA SAUDE DA FAMILIA JARDIM ALVORADA DE DIAMANTINO,USF / Saúde da Família,JARDIM ALVORADA,RUA CUIABA,-14.3831390969,-56.37840271,Dados Abertos SUS - CNES Estabelecimentos,"Validar funcionamento, localização e vínculo territorial com APS municipal/ERS.",True,1,1,0001667416; 0002114259
Diamantino,5103502,6905838,ESTRATEGIA SAUDE DA FAMILIA PEDREGAL DE DIAMANTINO,USF / Saúde da Família,PEDREGAL,RUA 04,-14.4182216046,-56.4553070068,Dados Abertos SUS - CNES Estabelecimentos,"Validar funcionamento, localização e vínculo territorial com APS municipal/ERS.",True,1,1,0001533436; 0001813706
Diamantino,5103502,2682737,ESTRATEGIA SAUDE DA FAMILIA RURAL DE DIAMANTINO,USF / Saúde da Família,ZONA RURAL,ZONA RURAL,-14.3956955481,-56.3071337342,Dados Abertos SUS - CNES Estabelecimentos,"Validar funcionamento, localização e vínculo territorial com APS municipal/ERS.",True,1,1,0000448346; 0001818147
Diamantino,5103502,2398095,ESTRATEGIA SAUDE DA FAMILIA UNISAUDE DE DIAMANTINO,USF / Saúde da Família,NOVO DIAMANTINO,RUA ALEXANDRINA DALL AGNOL,-14.3775686181,-56.3875007629,Dados Abertos SUS - CNES Estabelecimentos,"Validar funcionamento, localização e vínculo territorial com APS municipal/ERS.",True,1,1,0000448281; 0001807587
Diamantino,5103502,2398079,POSTO DE SAUDE DA BOJUI,Posto de Saúde,ZONA RURAL,AGROVILA BOJUI,,,Dados Abertos SUS - CNES Estabelecimentos,"Validar funcionamento, localização e vínculo territorial com APS municipal/ERS.",False,0,0,
Dom Aquino,5103601,2395959,CENTRO DE SAUDE DE DOM AQUINO,UBS / Centro de Saúde,CENTRO,AV JULIO MULLER,-15.8104640652,-54.9232721329,Dados Abertos SUS - CNES Estabelecimentos,"Validar funcionamento, localização e vínculo territorial com APS municipal/ERS.",True,0,0,
Dom Aquino,5103601,2699346,UNIDADE DE SAUDE DA FAMILIA VILA ESPORTIVA EQUIPE 02,USF / Saúde da Família,VILA ESPORTIVA,AV JOAO FURTADO DE MENDONCA,-15.8073258655,-54.9325847626,Dados Abertos SUS - CNES Estabelecimentos,"Validar funcionamento, localização e vínculo territorial com APS municipal/ERS.",True,1,1,0000448370; 0002012324
Dom Aquino,5103601,2395967,UNIDADE DE SAUDE DA FAMILIA VILA PLANALTINA EQUIPE 01,USF / Saúde da Família,VILA PLANALTINA,AV DUQUE DE CAXIAS,-15.8140693218,-54.9175027013,Dados Abertos SUS - CNES Estabelecimentos,"Validar funcionamento, localização e vínculo territorial com APS municipal/ERS.",True,1,1,0000448354; 0001491326; 0002012111
Feliz Natal,5103700,248533,POSTO DE SAUDE ENA,Posto de Saúde,RURAL,RODOVIA MT 225,-12.221683,-54.254744,Dados Abertos SUS - CNES Estabelecimentos,"Validar funcionamento, localização e vínculo territorial com APS municipal/ERS.",True,0,0,
Feliz Natal,5103700,7717709,POSTO DE SAUDE INDIGENA GUARUJA,Posto de Saúde,RURAL,ALDEIA GUARUJA,-12.386,-54.92,Dados Abertos SUS - CNES Estabelecimentos,"Validar funcionamento, localização e vínculo territorial com APS municipal/ERS.",True,0,0,
Feliz Natal,5103700,7718241,POSTO DE SAUDE INDIGENA MORENA,Posto de Saúde,RURAL,ALDEIA MORENA,,,Dados Abertos SUS - CNES Estabelecimentos,"Validar funcionamento, localização e vínculo territorial com APS municipal/ERS.",False,0,0,
Feliz Natal,5103700,7718233,POSTO DE SAUDE INDIGENA SOBRADINHO,Posto de Saúde,RURAL,ALDEIA SOBRADINHO,-12.386,-54.92,Dados Abertos SUS - CNES Estabelecimentos,"Validar funcionamento, localização e vínculo territorial com APS municipal/ERS.",True,0,0,
Feliz Natal,5103700,7896018,UNIDADE BASICA DE SAUDE INDIGENA POLO PAVURU,UBS / Centro de Saúde,RURAL,POLO PAVURU,-12.386,-54.92,Dados Abertos SUS - CNES Estabelecimentos,"Validar funcionamento, localização e vínculo territorial com APS municipal/ERS.",True,0,0,
Feliz Natal,5103700,2398419,UNIDADE DE SAUDE DA FAMILIA I FELIZ NATAL,USF / Saúde da Família,CENTRO,RUA MILTON DOS REIS,-12.3819315,-54.935955,Dados Abertos SUS - CNES Estabelecimentos,"Validar funcionamento, localização e vínculo territorial com APS municipal/ERS.",True,1,1,0000448389; 0002124815
Feliz Natal,5103700,9027254,UNIDADE DE SAUDE DA FAMILIA II FELIZ NATAL,USF / Saúde da Família,CENTRO,RUA MILTON DOS REIS,-12.3878158783,-54.9349535195,Dados Abertos SUS - CNES Estabelecimentos,"Validar funcionamento, localização e vínculo territorial com APS municipal/ERS.",True,1,1,0001607979; 0001981374; 0002428385
Feliz Natal,5103700,6727433,UNIDADE DE SAUDE DA FAMILIA III NATALINO MATUDA FELIZ NATAL,USF / Saúde da Família,BELA VISTA,RUA DAS MARGARIDAS,-12.3818190147,-54.9391144977,Dados Abertos SUS - CNES Estabelecimentos,"Validar funcionamento, localização e vínculo territorial com APS municipal/ERS.",True,1,1,0000448400; 0001980483
Feliz Natal,5103700,2767341,UNIDADE DE SAUDE DA FAMILIA PSF II FELIZ NATAL,USF / Saúde da Família,CENTRO,RUA MILTON DOS REIS,,,Dados Abertos SUS - CNES Estabelecimentos,"Validar funcionamento, localização e vínculo territorial com APS municipal/ERS.",False,0,0,
Figueirópolis D'Oeste,5103809,9226893,CENTRO DE SAUDE SEBASTIAO DE PAULA COSTA,UBS / Centro de Saúde,CENTRO,RUA ALAGOAS,-15.4484903,-58.7384556,Dados Abertos SUS - CNES Estabelecimentos,"Validar funcionamento, localização e vínculo territorial com APS municipal/ERS.",True,0,0,
Figueirópolis D'Oeste,5103809,2393786,UNIDADE BASICA DE SAUDE JOAQUIM LUIZ DE CAMPOS,UBS / Centro de Saúde,CENTRO,RUA ALAGOAS,-15.447923,-58.738672,Dados Abertos SUS - CNES Estabelecimentos,"Validar funcionamento, localização e vínculo territorial com APS municipal/ERS.",True,1,1,0000448419; 0001640399; 0001856812
Gaúcha do Norte,5103858,7798482,POSTO DE SAUDE INDIGENA AWETI,Posto de Saúde,PARQUE XINGU,ALDEIA AWETI,-13.2474648168,-53.0800580978,Dados Abertos SUS - CNES Estabelecimentos,"Validar funcionamento, localização e vínculo territorial com APS municipal/ERS.",True,0,0,
Gaúcha do Norte,5103858,7798512,POSTO DE SAUDE INDIGENA KAMAYURA,Posto de Saúde,PARQUE XINGU,ALDEIA KAMAYURA,-13.2474230435,-53.0790710449,Dados Abertos SUS - CNES Estabelecimentos,"Validar funcionamento, localização e vínculo territorial com APS municipal/ERS.",True,0,0,
Gaúcha do Norte,5103858,7798091,POSTO DE SAUDE INDIGENA KUIKURO,Posto de Saúde,ZONA RURAL,ALDEIA KUIKURO,-13.2474439302,-53.0798864365,Dados Abertos SUS - CNES Estabelecimentos,"Validar funcionamento, localização e vínculo territorial com APS municipal/ERS.",True,0,0,
Gaúcha do Norte,5103858,7798539,POSTO DE SAUDE INDIGENA LAHATUA,Posto de Saúde,PARQUE XINGU,ALDEIA LAHATUA,-13.2472141766,-53.079199791,Dados Abertos SUS - CNES Estabelecimentos,"Validar funcionamento, localização e vínculo territorial com APS municipal/ERS.",True,0,0,
Gaúcha do Norte,5103858,7798490,POSTO DE SAUDE INDIGENA MATIPU,Posto de Saúde,PARQUE XINGU,ALDEIA MATIPU,-13.2474230435,-53.0780625343,Dados Abertos SUS - CNES Estabelecimentos,"Validar funcionamento, localização e vínculo territorial com APS municipal/ERS.",True,0,0,
Gaúcha do Norte,5103858,7798245,POSTO DE SAUDE INDIGENA MEHINAKO,Posto de Saúde,PARQUE XINGU,ALDEIA MEHINAKO,-13.2474648168,-53.0799293518,Dados Abertos SUS - CNES Estabelecimentos,"Validar funcionamento, localização e vínculo territorial com APS municipal/ERS.",True,0,0,
Gaúcha do Norte,5103858,7798504,POSTO DE SAUDE INDIGENA ULUPUENE,Posto de Saúde,PARQUE XINGU,ALDEIA ULUPUENE,-13.2474648168,-53.0784702301,Dados Abertos SUS - CNES Estabelecimentos,"Validar funcionamento, localização e vínculo territorial com APS municipal/ERS.",True,0,0,
Gaúcha do Norte,5103858,7798180,POSTO DE SAUDE INDIGENA UTAWANA,Posto de Saúde,PARQUE XINGU,ALDEIA UTAWANA,-13.2474021568,-53.0800151825,Dados Abertos SUS - CNES Estabelecimentos,"Validar funcionamento, localização e vínculo territorial com APS municipal/ERS.",True,0,0,
Gaúcha do Norte,5103858,7798520,POSTO DE SAUDE INDIGENA WAURA,Posto de Saúde,PARQUE XINGU,ALDEIA WAURA,-13.2474021568,-53.0773973465,Dados Abertos SUS - CNES Estabelecimentos,"Validar funcionamento, localização e vínculo territorial com APS municipal/ERS.",True,0,0,
Gaúcha do Norte,5103858,944165,UNIDADE BASICA DE SAUDE POLO LEONARDO,UBS / Centro de Saúde,PARQUE INDIGENA XING,POLO LEONARDO,-13.2421177704,-53.0796933174,Dados Abertos SUS - CNES Estabelecimentos,"Validar funcionamento, localização e vínculo territorial com APS municipal/ERS.",True,0,0,
Gaúcha do Norte,5103858,7898274,UNIDADE BASICA DE SAUDE POLO LEONARDO,UBS / Centro de Saúde,PARQUE INDIGENA XING,POLO LEONARDO,,,Dados Abertos SUS - CNES Estabelecimentos,"Validar funcionamento, localização e vínculo territorial com APS municipal/ERS.",False,0,0,
Gaúcha do Norte,5103858,2391031,UNIDADE DE SAUDE DA FAMILIA ERNESTO DOLEYS,USF / Saúde da Família,CENTRO,RUA PARANA,-13.1786126297,-53.2516336441,Dados Abertos SUS - CNES Estabelecimentos,"Validar funcionamento, localização e vínculo territorial com APS municipal/ERS.",True,1,1,0000448427; 0002040557; 0002556596
Gaúcha do Norte,5103858,2391058,UNIDADE DE SAUDE DA FAMILIA MARIO ALIEVI,USF / Saúde da Família,CENTRO,RUA MATO GROSSO,-13.1880666,-53.2605706,Dados Abertos SUS - CNES Estabelecimentos,"Validar funcionamento, localização e vínculo territorial com APS municipal/ERS.",True,1,1,0000448435; 0002040581; 0002512165
General Carneiro,5103908,7546769,POSTO DE SAUDE INDIGENA ALDEIA MORADA BORORO,Posto de Saúde,ZONA RURAL,ALDEIA MORADA BORORO,,,Dados Abertos SUS - CNES Estabelecimentos,"Validar funcionamento, localização e vínculo territorial com APS municipal/ERS.",False,0,0,
General Carneiro,5103908,2395371,UBS ACIDEMANDO GABRIEL DE MORAIS,UBS / Centro de Saúde,PAREDAO GRANDE,BR 070 KM 155,-15.3419,-53.2456,Dados Abertos SUS - CNES Estabelecimentos,"Validar funcionamento, localização e vínculo territorial com APS municipal/ERS.",True,1,1,0000448443; 0002096870
General Carneiro,5103908,7761449,UNIDADE BASICA DE SAUDE ACIDEMANDO GABRIEL DE MORAIS,UBS / Centro de Saúde,PAREDAO GRANDE,BR 070 KM 155,,,Dados Abertos SUS - CNES Estabelecimentos,"Validar funcionamento, localização e vínculo territorial com APS municipal/ERS.",False,0,0,
General Carneiro,5103908,7342454,UNIDADE BASICA DE SAUDE ANA SOARES LIMA,UBS / Centro de Saúde,VILA SAO JOSE,BR 70 KM 67,-15.70714,-52.76485,Dados Abertos SUS - CNES Estabelecimentos,"Validar funcionamento, localização e vínculo territorial com APS municipal/ERS.",True,1,1,0000448451; 0000473502; 0002096862
General Carneiro,5103908,7761376,UNIDADE BASICA DE SAUDE MARIO JURUNA,UBS / Centro de Saúde,VILA SAO JOSE,BR 070 KM 67,-15.7055558113,-52.7564871311,Dados Abertos SUS - CNES Estabelecimentos,"Validar funcionamento, localização e vínculo territorial com APS municipal/ERS.",True,0,0,
Glória D'Oeste,5103957,2394073,UNIDADE BASICA DE SAUDE DE GLORIA D OESTE,UBS / Centro de Saúde,BEJO,RUA CARLOS JUNIOR MARQUIORETTO,-15.7682801173,-58.3564138412,Dados Abertos SUS - CNES Estabelecimentos,"Validar funcionamento, localização e vínculo territorial com APS municipal/ERS.",True,1,1,0000448478; 0001589857; 0002115808
Glória D'Oeste,5103957,2394081,UNIDADE BASICA DE SAUDE MONTE CASTELO,UBS / Centro de Saúde,CENTRO,RUA ADELICIA DE FREITAS,-15.8114344197,-58.3417582512,Dados Abertos SUS - CNES Estabelecimentos,"Validar funcionamento, localização e vínculo territorial com APS municipal/ERS.",True,1,1,0001637797; 0002113600
Guarantã do Norte,5104104,3191060,POSTO DE SAUDE PROGRESSO,Posto de Saúde,LINHA PROGRESSO,COMUNIDADE NOSSA SENHORA APARECIDA,,,Dados Abertos SUS - CNES Estabelecimentos,"Validar funcionamento, localização e vínculo territorial com APS municipal/ERS.",False,0,0,
Guarantã do Norte,5104104,3191052,POSTO DE SAUDE SOL NASCENTE,Posto de Saúde,LINHA 38,COMUNIDADE SAO JOAO BATISTA,,,Dados Abertos SUS - CNES Estabelecimentos,"Validar funcionamento, localização e vínculo territorial com APS municipal/ERS.",False,0,0,
Guarantã do Norte,5104104,8015945,UNID DE SAUDE DA FAMILIA AEROPORTO PSF V,USF / Saúde da Família,AEROPORTO,AV LIONS INTERNACIONAL,-9.9583933,-54.909672,Dados Abertos SUS - CNES Estabelecimentos,"Validar funcionamento, localização e vínculo territorial com APS municipal/ERS.",True,1,1,0000448567; 0001961527
Guarantã do Norte,5104104,2699303,UNID SAUDE DA FAMILIA 13 DE MAIO PSF I,USF / Saúde da Família,13 DE MAIO,RUA DOS CEDROS,-9.9508225,-54.9294545,Dados Abertos SUS - CNES Estabelecimentos,"Validar funcionamento, localização e vínculo territorial com APS municipal/ERS.",True,1,1,0000448508; 0001942387
Guarantã do Norte,5104104,2699257,UNID SAUDE DA FAMILIA CENTRO PSF III,USF / Saúde da Família,CENTRO,RUA DAS AMESCLAS,-9.9513848,-54.90644795,Dados Abertos SUS - CNES Estabelecimentos,"Validar funcionamento, localização e vínculo territorial com APS municipal/ERS.",True,1,1,0000448494; 0001961896
Guarantã do Norte,5104104,5476577,UNID SAUDE DA FAMILIA CIDADE NOVA PSF II,USF / Saúde da Família,CIDADE NOVA,RUA DOS CAJUEIROS,-9.9481283531,-54.9186050892,Dados Abertos SUS - CNES Estabelecimentos,"Validar funcionamento, localização e vínculo territorial com APS municipal/ERS.",True,1,1,0000448516; 0001962337
Guarantã do Norte,5104104,8015953,UNID SAUDE DA FAMILIA JARDIM VITORIA PSF IV,USF / Saúde da Família,JARDIM VITORIA,AVENIDA CURITIBA,-9.9521756895,-54.9015569687,Dados Abertos SUS - CNES Estabelecimentos,"Validar funcionamento, localização e vínculo territorial com APS municipal/ERS.",True,1,1,0000448575; 0001962906
Guarantã do Norte,5104104,5502896,UNID SAUDE DA FAMILIA SAO CRISTOVAO PSF VII,USF / Saúde da Família,CIDADE NOVA,RUA CANJARANA FLAMBOYANTES,-9.9534437741,-54.9181008339,Dados Abertos SUS - CNES Estabelecimentos,"Validar funcionamento, localização e vínculo territorial com APS municipal/ERS.",True,1,1,0000448524; 0001963120
Guarantã do Norte,5104104,2392038,UNIDADE DE SAUDE DA FAMILIA COTREL,USF / Saúde da Família,COTREL,RUA ANDORINHAS,-9.9465220857,-54.9526906013,Dados Abertos SUS - CNES Estabelecimentos,"Validar funcionamento, localização e vínculo territorial com APS municipal/ERS.",True,1,1,0000448486; 0001942751
Guarantã do Norte,5104104,7116160,UNIDADE DE SAUDE DA FAMILIA IX RURAL,USF / Saúde da Família,CENTRO,RUA DAS AMESCLAS,-9.9511823531,-54.9061059952,Dados Abertos SUS - CNES Estabelecimentos,"Validar funcionamento, localização e vínculo territorial com APS municipal/ERS.",True,1,1,0000448559; 0001963333
Guarantã do Norte,5104104,5881692,UNIDADE DE SAUDE DA FAMILIA JARDIM ARAGUAIA,USF / Saúde da Família,JARDIM ARAGUAIA,RUA MINAS GERAIS,-9.9554078,-54.8935772,Dados Abertos SUS - CNES Estabelecimentos,"Validar funcionamento, localização e vínculo territorial com APS municipal/ERS.",True,1,1,0000448532; 0001963171
Guiratinga,5104203,2397641,CENTRO DE SAUDE MUNICIPAL DE GUIRATINGA,UBS / Centro de Saúde,SANTA MARIA BERTILA,RUA JOVINO LOPES,-16.3489676249,-53.7672615051,Dados Abertos SUS - CNES Estabelecimentos,"Validar funcionamento, localização e vínculo territorial com APS municipal/ERS.",True,0,0,
Guiratinga,5104203,3703517,USF ESTER ALVES DE SOUZA GUIRATINGA,USF / Saúde da Família,VALE RICO,RUA SAO SALVADOR,-16.3912909945,-54.1536015272,Dados Abertos SUS - CNES Estabelecimentos,"Validar funcionamento, localização e vínculo territorial com APS municipal/ERS.",True,1,1,0000448648; 0001835025
Guiratinga,5104203,2397617,USF GARCA BRANCA GUIRATINGA,USF / Saúde da Família,GARCA BRANCA,RUA 4 QUADRA 40,-16.3428316988,-53.7700295448,Dados Abertos SUS - CNES Estabelecimentos,"Validar funcionamento, localização e vínculo territorial com APS municipal/ERS.",True,1,1,0000448591; 0000448613; 0001834967
Guiratinga,5104203,2397625,USF GENOVEVA VIEIRA DE OLIVEIRA GUIRATINGA,USF / Saúde da Família,CENTRO,RUA SANTA RITA,-16.3484116932,-53.7562322617,Dados Abertos SUS - CNES Estabelecimentos,"Validar funcionamento, localização e vínculo territorial com APS municipal/ERS.",True,1,1,0000448605; 0001834940
Guiratinga,5104203,2767368,USF MARIO MORAES DA COSTA GUIRATINGA,USF / Saúde da Família,SAO SEBASTIAO,AV RIO DAS GARCAS,-16.3416786174,-53.7608456612,Dados Abertos SUS - CNES Estabelecimentos,"Validar funcionamento, localização e vínculo territorial com APS municipal/ERS.",True,1,1,0000448621; 0001835009
Guiratinga,5104203,2397587,USF SANTA MARIA BERTILA GUIRATINGA,USF / Saúde da Família,SANTA MARIA BERTILA,AVENIDA JOVINO LOPES,-16.3491117551,-53.7580990791,Dados Abertos SUS - CNES Estabelecimentos,"Validar funcionamento, localização e vínculo territorial com APS municipal/ERS.",True,1,1,0000448583; 0001834916
Indiavaí,5104500,2393794,UNIDADE BASICA DE SAUDE DA FAMILIA DE INDIAVAI,USF / Saúde da Família,CENTRO,AVENIDA GOVERNADOR JAIME CAMPOS,-15.494,-58.573,Dados Abertos SUS - CNES Estabelecimentos,"Validar funcionamento, localização e vínculo territorial com APS municipal/ERS.",True,1,1,0000448656; 0002097621
Itanhangá,5104542,7624360,NUCLEO DE APOIO A SAUDE DA FAMILIA NASF III ITANHANGA,USF / Saúde da Família,CENTRO,RUA FORTALEZA,-12.234329849,-56.6440728307,Dados Abertos SUS - CNES Estabelecimentos,"Validar funcionamento, localização e vínculo territorial com APS municipal/ERS.",True,0,0,0001559842
Itanhangá,5104542,2398478,POSTO DE SAUDE RURAL DE AGROVILA MONTE ALTO,Posto de Saúde,MONTE ALTO,AVENIDA PRINCIPAL,-12.172,-56.68,Dados Abertos SUS - CNES Estabelecimentos,"Validar funcionamento, localização e vínculo territorial com APS municipal/ERS.",True,0,0,
Itanhangá,5104542,2767619,POSTO DE SAUDE RURAL SIMIONI,Posto de Saúde,SIMIONE,RUA DAS FLORES,-12.172,-56.68,Dados Abertos SUS - CNES Estabelecimentos,"Validar funcionamento, localização e vínculo territorial com APS municipal/ERS.",True,0,0,
Itanhangá,5104542,2398532,PSF I UNIDADE SAUDE DA FAMILIA DE UNIAO DA VITORIA,USF / Saúde da Família,CENTRO,RUA FORTALEZA,-12.2343272277,-56.6440621018,Dados Abertos SUS - CNES Estabelecimentos,"Validar funcionamento, localização e vínculo territorial com APS municipal/ERS.",True,1,1,0000448680; 0002032023
Itanhangá,5104542,7934556,PSF II UNIDADE BASICA SAUDE DA FAMILIA,USF / Saúde da Família,NOVA CONQUISTA,AVENIDA DOS TRABALHADORES,-12.2349877928,-56.6379976273,Dados Abertos SUS - CNES Estabelecimentos,"Validar funcionamento, localização e vínculo territorial com APS municipal/ERS.",True,1,1,0001676229; 0002032031
Itanhangá,5104542,4229770,PSF III UNIDADE BASICA DE SAUDE DA FAMILIA,USF / Saúde da Família,NOVA CONQUISTA,AVENIDA DOS TRABALHADORES,-12.2350978869,-56.6382014751,Dados Abertos SUS - CNES Estabelecimentos,"Validar funcionamento, localização e vínculo territorial com APS municipal/ERS.",True,1,0,0002350122
Itaúba,5104559,2654601,POSTO DE SAUDE PSF,Posto de Saúde,CENTRO,RUA BARBARA MAX,-11.0087139761,-55.2438162026,Dados Abertos SUS - CNES Estabelecimentos,"Validar funcionamento, localização e vínculo territorial com APS municipal/ERS.",True,1,1,0000448699; 0001775456
Itaúba,5104559,2534002,UNIDADE BASICA DE SAUDE,UBS / Centro de Saúde,CENTRO,AVENIDA DA SAUDE,-11.062,-55.276,Dados Abertos SUS - CNES Estabelecimentos,"Validar funcionamento, localização e vínculo territorial com APS municipal/ERS.",True,0,0,
Itiquira,5104609,2396688,UNIDADE DE SAUDE DA FAMILIA ADROALDO GATTO,USF / Saúde da Família,OURO BRANCO,RUA ARAPONGAS,-17.2089351532,-54.149980545,Dados Abertos SUS - CNES Estabelecimentos,"Validar funcionamento, localização e vínculo territorial com APS municipal/ERS.",True,1,1,0000448729; 0002040808
Itiquira,5104609,2395924,UNIDADE DE SAUDE DA FAMILIA CENTRAL ANTONIO DA S MORAES,USF / Saúde da Família,CENTRO,RUA DOM WUNIBALDO,-17.2089714729,-54.1499376297,Dados Abertos SUS - CNES Estabelecimentos,"Validar funcionamento, localização e vínculo territorial com APS municipal/ERS.",True,1,1,0000448702; 0002040506; 0002516586
Itiquira,5104609,3752607,UNIDADE DE SAUDE DA FAMILIA ELISIO DE SOUZA BRITO,USF / Saúde da Família,JOAO DE BARRO,AV ALVARO JOSE MONTEIRO,-17.2089761473,-54.1499376297,Dados Abertos SUS - CNES Estabelecimentos,"Validar funcionamento, localização e vínculo territorial com APS municipal/ERS.",True,1,1,0000448737; 0002040689
Itiquira,5104609,7832680,UNIDADE DE SAUDE DA FAMILIA HOLMES LINS,USF / Saúde da Família,POXOREO,MT 370,-17.2053077,-54.1506164,Dados Abertos SUS - CNES Estabelecimentos,"Validar funcionamento, localização e vínculo territorial com APS municipal/ERS.",True,1,1,0001591460; 0001882236
Itiquira,5104609,2396661,UNIDADE DE SAUDE DA FAMILIA VOO LIVRE ZAMBONI,USF / Saúde da Família,OURO BRANCO,RUA JANDIR SUZIN QUADRA 37,-17.2089966443,-54.1480064392,Dados Abertos SUS - CNES Estabelecimentos,"Validar funcionamento, localização e vínculo territorial com APS municipal/ERS.",True,1,1,0000448710; 0002040999
Jaciara,5104807,5775191,UNIDADE DE SAUDE DA FAMILIA CENTRO,USF / Saúde da Família,CENTRO,AVENIDA PAJE,-15.962021,-54.966367,Dados Abertos SUS - CNES Estabelecimentos,"Validar funcionamento, localização e vínculo territorial com APS municipal/ERS.",True,1,1,0000448834; 0001843796; 0002365588; 0002437880
Jaciara,5104807,3100618,UNIDADE DE SAUDE DA FAMILIA JARDIM AEROPORTO,USF / Saúde da Família,JARDIM AEROPORTO,RUA PINTO MARTINS,-15.9393261,-54.9665808,Dados Abertos SUS - CNES Estabelecimentos,"Validar funcionamento, localização e vínculo territorial com APS municipal/ERS.",True,1,1,0000448818; 0001907549
Jaciara,5104807,5111528,UNIDADE DE SAUDE DA FAMILIA SANTA RITA,USF / Saúde da Família,SANTA RITA,AV PAJE ESQUINA COM RUA REIMA,-15.9696945444,-54.959256649,Dados Abertos SUS - CNES Estabelecimentos,"Validar funcionamento, localização e vínculo territorial com APS municipal/ERS.",True,1,1,0000448826; 0002077515
Jaciara,5104807,2397188,UNIDADE DE SAUDE DA FAMILIA SANTO ANTONIO 01,USF / Saúde da Família,SANTO ANTONIO,RUA JACIPORA,-15.9490136,-54.9741603,Dados Abertos SUS - CNES Estabelecimentos,"Validar funcionamento, localização e vínculo territorial com APS municipal/ERS.",True,1,1,0000448761; 0001843370
Jaciara,5104807,2397196,UNIDADE DE SAUDE DA FAMILIA SANTO ANTONIO 02,USF / Saúde da Família,SANTO ANTONIO,RUA TABAJARA,-15.9517150727,-54.9704790115,Dados Abertos SUS - CNES Estabelecimentos,"Validar funcionamento, localização e vínculo territorial com APS municipal/ERS.",True,1,1,0000448788; 0001906232
Jaciara,5104807,2397153,UNIDADE DE SAUDE DA FAMILIA SAO LOURENCO,USF / Saúde da Família,SAO LOURENCO,RUA 01 QUADRA 01,-15.97063318,-54.96719598,Dados Abertos SUS - CNES Estabelecimentos,"Validar funcionamento, localização e vínculo territorial com APS municipal/ERS.",True,1,1,0000448745; 0002044021
Jaciara,5104807,2397161,UNIDADE DE SAUDE DA FAMILIA SAO SEBASTIAO,USF / Saúde da Família,SAO SEBASTIAO,RUA GUARANIS,-15.9704277,-54.9655946,Dados Abertos SUS - CNES Estabelecimentos,"Validar funcionamento, localização e vínculo territorial com APS municipal/ERS.",True,1,1,0000448753; 0002077485
Jaciara,5104807,2397218,UNIDADE DE SAUDE DA FAMILIA VILA PLANALTO,USF / Saúde da Família,VILA PLANALTO,AVENIDA MARAJA,-15.9529534,-54.9799273,Dados Abertos SUS - CNES Estabelecimentos,"Validar funcionamento, localização e vínculo territorial com APS municipal/ERS.",True,1,1,0000448796; 0002077361; 0002286793
Jangada,5104906,4551001,UBS CRISTINO MILITINO DE OLIVEIRA,UBS / Centro de Saúde,CENTRO,RUA SANTA CRUZ,-15.2372144656,-56.4896178246,Dados Abertos SUS - CNES Estabelecimentos,"Validar funcionamento, localização e vínculo territorial com APS municipal/ERS.",True,0,0,
Jangada,5104906,2391120,UNIDADE BASICA SAUDE HELTON CARLOS SILVA PONCE,UBS / Centro de Saúde,CENTRO,RUA SANTA CRUZ,-15.2372144656,-56.4896178246,Dados Abertos SUS - CNES Estabelecimentos,"Validar funcionamento, localização e vínculo territorial com APS municipal/ERS.",True,1,1,0000448850; 0002143275
Jangada,5104906,6300197,UNIDADE BASICA SAUDE PATRICIO DE OLIVEIRA BASTOS,UBS / Centro de Saúde,ZONA RURAL,COMUNIDADE NOVO MATO GROSSO,-15.3744534511,-56.649928093,Dados Abertos SUS - CNES Estabelecimentos,"Validar funcionamento, localização e vínculo territorial com APS municipal/ERS.",True,1,1,0000448869; 0002143283
Jangada,5104906,6300200,UNIDADE DE SAUDE DA FAMILIA MUTUM,USF / Saúde da Família,ZONA RURAL,COMUNIDADE DO MUTUM,-15.3596804235,-56.6427612305,Dados Abertos SUS - CNES Estabelecimentos,"Validar funcionamento, localização e vínculo territorial com APS municipal/ERS.",True,1,1,0000448877; 0002143291
Jangada,5104906,9967826,UNIDADE DE SAUDE DA FAMILIA NOVA JANGADA,USF / Saúde da Família,CENTRO,RUA FEIRAO DO NORTE,-15.1827576178,-56.5186500549,Dados Abertos SUS - CNES Estabelecimentos,"Validar funcionamento, localização e vínculo territorial com APS municipal/ERS.",True,1,0,0002171538
Jauru,5105002,2394634,CENTRO DE SAUDE PADRE STEFANO GOBBI,UBS / Centro de Saúde,CENTRO,RUA MARECHAL DEODORO,-15.342698,-58.869154,Dados Abertos SUS - CNES Estabelecimentos,"Validar funcionamento, localização e vínculo territorial com APS municipal/ERS.",True,0,0,0000448885
Jauru,5105002,2394642,EQUIPE DE SAUDE DA FAMILIA I JAURU ENEIAS RODRIGUES,USF / Saúde da Família,VISTA ALEGRE,AV ANGELINA BERGAMACH,-15.3474722301,-58.8698637486,Dados Abertos SUS - CNES Estabelecimentos,"Validar funcionamento, localização e vínculo territorial com APS municipal/ERS.",True,1,1,0000448893; 0002042657
Jauru,5105002,2654318,EQUIPE DE SAUDE DA FAMILIA II JAURU ELIAS BARBOSA LOURO,USF / Saúde da Família,BOA ESPERANCA,RUA JOSE DE ALENCAR,-15.3354702593,-58.8767623901,Dados Abertos SUS - CNES Estabelecimentos,"Validar funcionamento, localização e vínculo territorial com APS municipal/ERS.",True,1,1,0000448915; 0002042665
Jauru,5105002,2394677,EQUIPE DE SAUDE DA FAMILIA RURAL DE LUCIALVA,USF / Saúde da Família,ZONA RURAL,RUA PRINCIPAL COMUNIDADE LUCIALVA,-15.1671944567,-58.8631045818,Dados Abertos SUS - CNES Estabelecimentos,"Validar funcionamento, localização e vínculo territorial com APS municipal/ERS.",True,1,1,0000448907; 0002042541
Jauru,5105002,2394669,POSTO DE SAUDE CORREGO DO OURO,Posto de Saúde,ZONA RURAL,RUA PRINCIPAL COMUNIDADE CORREGO DO OURO,-15.342,-58.866,Dados Abertos SUS - CNES Estabelecimentos,"Validar funcionamento, localização e vínculo territorial com APS municipal/ERS.",True,0,0,
Jauru,5105002,2394650,POSTO DE SAUDE DE ALTELANDIA,Posto de Saúde,CENTRO,AVN PRINCIPAL,,,Dados Abertos SUS - CNES Estabelecimentos,"Validar funcionamento, localização e vínculo territorial com APS municipal/ERS.",False,0,0,
Jauru,5105002,2394693,POSTO DE SAUDE DE BARREIRAO,Posto de Saúde,ZONA RURAL,FAZENDA BARREIRAO,,,Dados Abertos SUS - CNES Estabelecimentos,"Validar funcionamento, localização e vínculo territorial com APS municipal/ERS.",False,0,0,
Jauru,5105002,2394685,POSTO DE SAUDE RIO DOS PEIXES,Posto de Saúde,ZONA RURAL,RIO DOS PEIXES,,,Dados Abertos SUS - CNES Estabelecimentos,"Validar funcionamento, localização e vínculo territorial com APS municipal/ERS.",False,0,0,
Jauru,5105002,2394707,POSTO DE SAUDE SANTA ROSA,Posto de Saúde,ZONA RURAL,MIRASSOLZINHO,,,Dados Abertos SUS - CNES Estabelecimentos,"Validar funcionamento, localização e vínculo territorial com APS municipal/ERS.",False,0,0,
Juara,5105101,2392631,CENTRO DE SAUDE FRATER LUCAS FRANCISCO KISTNER DA COSTA,UBS / Centro de Saúde,CENTRO,AVENIDA MATO GROSSO,-11.2538583739,-57.505466938,Dados Abertos SUS - CNES Estabelecimentos,"Validar funcionamento, localização e vínculo territorial com APS municipal/ERS.",True,1,0,0000448923
Juara,5105101,891274,POSTO DE SAUDE ALDEIA NOVA MUNDURUKU,Posto de Saúde,ZONA RURAL,ALDEIA COMUNIDADE NOVA MUNDURUKU,-10.8831053416,-57.5545161303,Dados Abertos SUS - CNES Estabelecimentos,"Validar funcionamento, localização e vínculo territorial com APS municipal/ERS.",True,0,0,
Juara,5105101,3047873,POSTO DE SAUDE INDIGENA MATRINXA,Posto de Saúde,ZONA RURAL,ALDEIA MATRINXA,-11.2601113275,-57.5156673789,Dados Abertos SUS - CNES Estabelecimentos,"Validar funcionamento, localização e vínculo territorial com APS municipal/ERS.",True,0,0,
Juara,5105101,5653932,POSTO DE SAUDE KAYABI,Posto de Saúde,ALDEIA TATUI,ESTRADA AGUAS CLARAS KM 30,-11.0245056723,-57.6416282033,Dados Abertos SUS - CNES Estabelecimentos,"Validar funcionamento, localização e vínculo territorial com APS municipal/ERS.",True,0,0,
Juara,5105101,7888864,UBSI ALDEIA CEREJEIRA,UBS / Centro de Saúde,AREA RURAL,ALDEIA CEREJEIRA,-11.255,-57.52,Dados Abertos SUS - CNES Estabelecimentos,"Validar funcionamento, localização e vínculo territorial com APS municipal/ERS.",True,0,0,
Juara,5105101,891304,UBSI ALDEIA FIGUEIRINHA,UBS / Centro de Saúde,ZONA RURAL,ALDEIA COMUNIDADE FIGUEIRINHA,-11.2601928754,-57.5156727433,Dados Abertos SUS - CNES Estabelecimentos,"Validar funcionamento, localização e vínculo territorial com APS municipal/ERS.",True,0,0,
Juara,5105101,7889011,UBSI ALDEIA JATOBA,UBS / Centro de Saúde,AREA RURAL,ALDEIA JATOBA,-11.255,-57.52,Dados Abertos SUS - CNES Estabelecimentos,"Validar funcionamento, localização e vínculo territorial com APS municipal/ERS.",True,0,0,
Juara,5105101,891231,UBSI ALDEIA KAWAIP,UBS / Centro de Saúde,ZONA RURAL,COMUNIDADE KAWAIP,-11.2599745374,-57.5156995654,Dados Abertos SUS - CNES Estabelecimentos,"Validar funcionamento, localização e vínculo territorial com APS municipal/ERS.",True,0,0,
Juara,5105101,891258,UBSI ALDEIA MAYROBI,UBS / Centro de Saúde,ZONA RURAL,ALDEIA COMUNIDADE MAYROBI,-11.2603612324,-57.515745163,Dados Abertos SUS - CNES Estabelecimentos,"Validar funcionamento, localização e vínculo territorial com APS municipal/ERS.",True,0,0,
Juara,5105101,9789219,UBSI ALDEIA PE DE MUTUM,UBS / Centro de Saúde,AREA RURAL,ALDEIA PE DE MUTUM,-11.255,-57.52,Dados Abertos SUS - CNES Estabelecimentos,"Validar funcionamento, localização e vínculo territorial com APS municipal/ERS.",True,0,0,
Juara,5105101,7888953,UBSI ALDEIA SAO VICENTE ARINOS,UBS / Centro de Saúde,AREA RURAL,ALDEIA SAO VICENTE,-11.255,-57.52,Dados Abertos SUS - CNES Estabelecimentos,"Validar funcionamento, localização e vínculo territorial com APS municipal/ERS.",True,0,0,
Juara,5105101,5610877,UBSI ALDEIA TATUI,UBS / Centro de Saúde,ESTRADA AGUAS CLARAS,ALDEIA TATUI,-11.2506174123,-57.513320446,Dados Abertos SUS - CNES Estabelecimentos,"Validar funcionamento, localização e vínculo territorial com APS municipal/ERS.",True,0,0,
Juara,5105101,891266,UBSI ALDEIA YTU CACHOEIRA,UBS / Centro de Saúde,ZONA RURAL,COMUNIDADE YTU CACHOEIRA,-11.2602218118,-57.5157693028,Dados Abertos SUS - CNES Estabelecimentos,"Validar funcionamento, localização e vínculo territorial com APS municipal/ERS.",True,0,0,
Juruena,5105176,7446381,POSTO DE SAUDE LURIDIA DAMASIO SILVEIRA,Posto de Saúde,ZONA RURAL,VALE DO AMANHECER,,,Dados Abertos SUS - CNES Estabelecimentos,"Validar funcionamento, localização e vínculo territorial com APS municipal/ERS.",False,0,0,
Juruena,5105176,2392909,UNIDADE DE SAUDE DA FAMILIA JURUENA CLAUDIO DETZ,USF / Saúde da Família,CENTRO,RUA GOIAS,-10.3291648555,-58.4985675611,Dados Abertos SUS - CNES Estabelecimentos,"Validar funcionamento, localização e vínculo territorial com APS municipal/ERS.",True,1,1,0000449148; 0001820982
Juruena,5105176,3669718,UNIDADE DE SAUDE DA FAMILIA RURAL NEIDE UBIALI,USF / Saúde da Família,VILA NOVA,RUA BELEM COM A SAO CRISTOVAO,-10.331576816,-58.5076192858,Dados Abertos SUS - CNES Estabelecimentos,"Validar funcionamento, localização e vínculo territorial com APS municipal/ERS.",True,1,1,0000449164; 0001821229
Juruena,5105176,2393409,UNIDADE DE SAUDE DA FAMILIA VILA NOVA ANELISA NAZATTO,USF / Saúde da Família,NOBRE,RUA PRESIDENTE ITAMAR FRANCO,-10.3311335023,-58.5030050002,Dados Abertos SUS - CNES Estabelecimentos,"Validar funcionamento, localização e vínculo territorial com APS municipal/ERS.",True,1,1,0000449156; 0001819291
Juscimeira,5105200,2395991,ESTRATEGIA DE SAUDE DA FAMILIA I PASTOR JOAO BATISTA AZEVEDO,USF / Saúde da Família,CAJUS,RUA M,-16.0541496025,-54.8895674944,Dados Abertos SUS - CNES Estabelecimentos,"Validar funcionamento, localização e vínculo territorial com APS municipal/ERS.",True,1,1,0000449172; 0000449180; 0002054647
Juscimeira,5105200,2396076,ESTRATEGIA DE SAUDE DA FAMILIA II JULIA MARIA DA SILVA COSTA,USF / Saúde da Família,BEIRA RIO,RUA CAMPOS SALES,-16.051089962,-54.8826956749,Dados Abertos SUS - CNES Estabelecimentos,"Validar funcionamento, localização e vínculo territorial com APS municipal/ERS.",True,1,1,0000449202; 0002054655
Juscimeira,5105200,2396009,ESTRATEGIA DE SAUDE DA FAMILIA III WILSON LEMES DE MOURA,USF / Saúde da Família,SANTA ELVIRA,RUA MARCIA ELVIRA,-16.1636753417,-54.7973558307,Dados Abertos SUS - CNES Estabelecimentos,"Validar funcionamento, localização e vínculo territorial com APS municipal/ERS.",True,1,1,0000449199; 0002054671
Juscimeira,5105200,3427528,ESTRATEGIA DE SAUDE DA FAMILIA IV DARIO MOREIRA DE SOUZA,USF / Saúde da Família,DIST DE IRENOPOLIS,RUA CUIABA,-16.062326,-54.824512,Dados Abertos SUS - CNES Estabelecimentos,"Validar funcionamento, localização e vínculo territorial com APS municipal/ERS.",True,1,1,0000449210; 0002054663
Juscimeira,5105200,2396017,ESTRATEGIA DE SAUDE DA FAMILIA V VALDIVINO LUIZ P NASCIM,USF / Saúde da Família,DISTRITO DE FATIMA D,AVENIDA PONCE DE ARRUDA,-16.3126048189,-54.9354439974,Dados Abertos SUS - CNES Estabelecimentos,"Validar funcionamento, localização e vínculo territorial com APS municipal/ERS.",True,1,1,0002430495; 0002475928
Juscimeira,5105200,2396041,POSTO DE SAUDE GERALDO PEREIRA ANDRADE JUSCIMEIRA,Posto de Saúde,ZONA RURAL,ASSENTAMENTO GERALDO PEREIRA DE ANDRADE,-16.030995,-54.659237,Dados Abertos SUS - CNES Estabelecimentos,"Validar funcionamento, localização e vínculo territorial com APS municipal/ERS.",True,0,0,
Juscimeira,5105200,2934450,POSTO DE SAUDE SERAFIM PEREIRA DOS SANTOS BELEZA,Posto de Saúde,ASSENTAMENTO BELEZA,RUA PRINCIPAL,-16.2124589,-55.0332314,Dados Abertos SUS - CNES Estabelecimentos,"Validar funcionamento, localização e vínculo territorial com APS municipal/ERS.",True,0,0,
Juína,5105150,6560040,NUCLEO DE APOIO A SAUDE DA FAMILIA DE JUINA,USF / Saúde da Família,CENTRO,TRAVESSA EMANUEL,,,Dados Abertos SUS - CNES Estabelecimentos,"Validar funcionamento, localização e vínculo territorial com APS municipal/ERS.",False,0,0,
Juína,5105150,2393301,POSTO DE SAUDE DE FILADELFIA DE JUINA,Posto de Saúde,ZONA RURAL,DISTRITO DE FILADELFIA,-11.3779344149,-58.739926815,Dados Abertos SUS - CNES Estabelecimentos,"Validar funcionamento, localização e vínculo territorial com APS municipal/ERS.",True,0,0,
Juína,5105150,2393328,POSTO DE SAUDE DE TERRA ROXA JUINA,Posto de Saúde,ZONA RURAL,DISTRITO TERRA ROXA,-11.454094,-59.143065,Dados Abertos SUS - CNES Estabelecimentos,"Validar funcionamento, localização e vínculo territorial com APS municipal/ERS.",True,0,0,
Juína,5105150,2393352,POSTO DE SAUDE LINHA 01 DE JUINA,Posto de Saúde,ZONA RURAL,LINHA 1,,,Dados Abertos SUS - CNES Estabelecimentos,"Validar funcionamento, localização e vínculo territorial com APS municipal/ERS.",False,0,0,
Juína,5105150,2699389,POSTO DE SAUDE LINHA 04 DE JUINA,Posto de Saúde,ZONA RURAL,LINHA 4,,,Dados Abertos SUS - CNES Estabelecimentos,"Validar funcionamento, localização e vínculo territorial com APS municipal/ERS.",False,0,0,
Juína,5105150,2393360,POSTO DE SAUDE LINHA 7 DE JUINA,Posto de Saúde,ZONA RURAL,LINHA 7,,,Dados Abertos SUS - CNES Estabelecimentos,"Validar funcionamento, localização e vínculo territorial com APS municipal/ERS.",False,0,0,
Juína,5105150,2393379,POSTO DE SAUDE LINHA NOVE DE JUINA,Posto de Saúde,ZONA RURAL,LINHA 9,,,Dados Abertos SUS - CNES Estabelecimentos,"Validar funcionamento, localização e vínculo territorial com APS municipal/ERS.",False,0,0,
Juína,5105150,9564438,UBS ALDEIA FURQUIM,UBS / Centro de Saúde,NAO CONSTA,ALDEIA FURQUIN,-11.3780606307,-58.7409996986,Dados Abertos SUS - CNES Estabelecimentos,"Validar funcionamento, localização e vínculo territorial com APS municipal/ERS.",True,0,0,
Juína,5105150,7913036,UBSI DA ALDEIA RIO SECO,UBS / Centro de Saúde,ZONA RURAL,ALDEIA RIO SECO,-11.2418876,-59.2453782,Dados Abertos SUS - CNES Estabelecimentos,"Validar funcionamento, localização e vínculo territorial com APS municipal/ERS.",True,0,0,
Juína,5105150,4055810,UNIDADE BASICA DE SAUDE INDIGENA ALDEIA DOLOWIKWA,UBS / Centro de Saúde,ZONA RURAL,ALDEIA DOLOWIKWA,-12.1535394,-59.203312,Dados Abertos SUS - CNES Estabelecimentos,"Validar funcionamento, localização e vínculo territorial com APS municipal/ERS.",True,0,0,
Juína,5105150,2393247,UNIDADE DE SAUDE DA FAMILIA CENTRAL,USF / Saúde da Família,MODULO 1,RUA CAXAMBU DO SUL,-11.4180051132,-58.7582731247,Dados Abertos SUS - CNES Estabelecimentos,"Validar funcionamento, localização e vínculo territorial com APS municipal/ERS.",True,1,0,0000449016
Juína,5105150,2393255,UNIDADE DE SAUDE DA FAMILIA M5 EQ1 DE JUINA,USF / Saúde da Família,MODULO 5,RUA UMUARAMA,-11.4120087,-58.7748152,Dados Abertos SUS - CNES Estabelecimentos,"Validar funcionamento, localização e vínculo territorial com APS municipal/ERS.",True,1,1,0000449024; 0002011204
Juína,5105150,2654423,UNIDADE DE SAUDE DA FAMILIA M5 EQ2 DE JUINA,USF / Saúde da Família,MODULO 5,RUA NILVES FRIES HENIKA,-11.418989,-58.772454,Dados Abertos SUS - CNES Estabelecimentos,"Validar funcionamento, localização e vínculo territorial com APS municipal/ERS.",True,1,1,0000449075; 0002011220
Juína,5105150,2654385,UNIDADE DE SAUDE DA FAMILIA M5 EQ3 DE JUINA,USF / Saúde da Família,MODULO 5,AVENIDA CUIABA,-11.430632,-58.772852,Dados Abertos SUS - CNES Estabelecimentos,"Validar funcionamento, localização e vínculo territorial com APS municipal/ERS.",True,1,0,0000449067
Juína,5105150,3904776,UNIDADE DE SAUDE DA FAMILIA MODULO 04 JUINA,USF / Saúde da Família,MODULO 04,AVENIDA DAS ARAPONGAS,-11.414122,-58.7571795,Dados Abertos SUS - CNES Estabelecimentos,"Validar funcionamento, localização e vínculo territorial com APS municipal/ERS.",True,1,1,0000449083; 0001953907
Juína,5105150,475297,UNIDADE DE SAUDE DA FAMILIA MODULO 06 EQ II DE JUINA,USF / Saúde da Família,MODULO 06,RUA NOVA GRANADA,-11.4167782,-58.783353,Dados Abertos SUS - CNES Estabelecimentos,"Validar funcionamento, localização e vínculo territorial com APS municipal/ERS.",True,0,0,
Juína,5105150,5075408,UNIDADE DE SAUDE DA FAMILIA MODULO 06 JUINA,USF / Saúde da Família,MODULO 06,RUA NOVA GRANADA,-11.4167782,-58.783353,Dados Abertos SUS - CNES Estabelecimentos,"Validar funcionamento, localização e vínculo territorial com APS municipal/ERS.",True,1,0,0000449091
Juína,5105150,2393271,UNIDADE DE SAUDE DA FAMILIA PADRE DUILIO DE JUINA,USF / Saúde da Família,PADRE DUILIO,RUA JOSE FRANCISCO DINIZ,-11.3780395948,-58.74117136,Dados Abertos SUS - CNES Estabelecimentos,"Validar funcionamento, localização e vínculo territorial com APS municipal/ERS.",True,1,1,0000449040; 0002011239
Juína,5105150,2393298,UNIDADE DE SAUDE DA FAMILIA PALMITEIRA DE JUINA,USF / Saúde da Família,PALMITEIRA,RUA ANTONIO JOSE DE OLIVEIRA,-11.433858,-58.753541,Dados Abertos SUS - CNES Estabelecimentos,"Validar funcionamento, localização e vínculo territorial com APS municipal/ERS.",True,1,1,0000449059; 0001999508
Juína,5105150,6032494,UNIDADE DE SAUDE DA FAMILIA RURAL I DE JUINA,USF / Saúde da Família,SETOR DE SERVICO,AVENIDA JK,-11.42895,-58.765207,Dados Abertos SUS - CNES Estabelecimentos,"Validar funcionamento, localização e vínculo territorial com APS municipal/ERS.",True,1,0,0000449105
Juína,5105150,6032508,UNIDADE DE SAUDE DA FAMILIA RURAL II DE JUINA,USF / Saúde da Família,SETOR DE SERVICO,AVENIDA JK,-11.428939,-58.765207,Dados Abertos SUS - CNES Estabelecimentos,"Validar funcionamento, localização e vínculo territorial com APS municipal/ERS.",True,1,0,0000449113
Juína,5105150,2393263,UNIDADE DE SAUDE DA FAMILIA SAO JOSE OPERARIO DE JUINA,USF / Saúde da Família,SAO JOSE OPERARIO,AVENIDA PRESIDENTE TANCREDO NEVES,-11.415753,-58.745306,Dados Abertos SUS - CNES Estabelecimentos,"Validar funcionamento, localização e vínculo territorial com APS municipal/ERS.",True,1,1,0000449032; 0002011247
Lambari D'Oeste,5105234,6913725,POSTO DE SAUDE DE BOA UNIAO,Posto de Saúde,ZONA RURAL,COMUNIDADE BOA UNIAO,,,Dados Abertos SUS - CNES Estabelecimentos,"Validar funcionamento, localização e vínculo territorial com APS municipal/ERS.",False,0,0,
Lambari D'Oeste,5105234,2394138,POSTO DE SAUDE DE SAO JOSE DO PINGADOR,Posto de Saúde,ZONA RURAL,RUA 07 DE SETEMBRO,-15.323,-58.004,Dados Abertos SUS - CNES Estabelecimentos,"Validar funcionamento, localização e vínculo territorial com APS municipal/ERS.",True,0,0,
Lambari D'Oeste,5105234,2394111,UNIDADE BASICA DE SAUDE I JOAQUIM BARTOLOMEU DE SOUZA,UBS / Centro de Saúde,CENTRO,RUA 7 DE SETEMBRO,-15.323,-58.004,Dados Abertos SUS - CNES Estabelecimentos,"Validar funcionamento, localização e vínculo territorial com APS municipal/ERS.",True,1,1,0000449229; 0002074982; 0002455110
Lambari D'Oeste,5105234,9188266,UNIDADE BASICA DE SAUDE II PLANALTO GERALDO CASTELLAN,UBS / Centro de Saúde,CIDERLANDIA,AVENIDA BOA VISTA,-16.3,-58.5,Dados Abertos SUS - CNES Estabelecimentos,"Validar funcionamento, localização e vínculo territorial com APS municipal/ERS.",True,1,1,0000449237; 0002075016
Lucas do Rio Verde,5105259,2398397,UBS ALVORADA,UBS / Centro de Saúde,ALVORADA,AVENIDA PARA,-13.0741798174,-55.9179103374,Dados Abertos SUS - CNES Estabelecimentos,"Validar funcionamento, localização e vínculo territorial com APS municipal/ERS.",True,1,1,0000449245; 0001754149
Lucas do Rio Verde,5105259,5414873,UBS BANDEIRANTES,UBS / Centro de Saúde,BANDEIRANTES,RUA DAS AZALEIAS ESQUINA RUA DAS ZINIAS,-13.066958262,-55.9354090691,Dados Abertos SUS - CNES Estabelecimentos,"Validar funcionamento, localização e vínculo territorial com APS municipal/ERS.",True,2,1,0000449350; 0001781057; 0002247771
Lucas do Rio Verde,5105259,9047794,UBS BIEGER,UBS / Centro de Saúde,CIDADE NOVA,AVENIDA SANTA CATARINA LOTE 01 QUADRA 03,-13.0667283393,-55.9072780609,Dados Abertos SUS - CNES Estabelecimentos,"Validar funcionamento, localização e vínculo territorial com APS municipal/ERS.",True,1,1,0001609386; 0001851152
Lucas do Rio Verde,5105259,6265065,UBS CERRADO,UBS / Centro de Saúde,CERRADO,RUA DOS MANACAS ESQUINA RUA MANGABEIRAS,-13.0891186739,-55.9092897177,Dados Abertos SUS - CNES Estabelecimentos,"Validar funcionamento, localização e vínculo territorial com APS municipal/ERS.",True,2,1,0000449369; 0001845829; 0002404451
Lucas do Rio Verde,5105259,4367243,UBS GROSLANDIA,UBS / Centro de Saúde,DISTRITO GROSLANDIA,RUA PALMEIRA,-12.8004814729,-56.2190794945,Dados Abertos SUS - CNES Estabelecimentos,"Validar funcionamento, localização e vínculo territorial com APS municipal/ERS.",True,0,1,0002311410; 0002399180
Lucas do Rio Verde,5105259,4367235,UBS ITAMBIQUARA,UBS / Centro de Saúde,COMUNIDADE ITAMBIQUA,MT 449,-12.7996863447,-56.0627496243,Dados Abertos SUS - CNES Estabelecimentos,"Validar funcionamento, localização e vínculo territorial com APS municipal/ERS.",True,0,1,0002311402; 0002399172
Lucas do Rio Verde,5105259,9047751,UBS JAIME SEITI FUJII,UBS / Centro de Saúde,JAIME SEITI FUJI,RUA ADELINO COSMA,-13.1093230944,-55.9144663811,Dados Abertos SUS - CNES Estabelecimentos,"Validar funcionamento, localização e vínculo territorial com APS municipal/ERS.",True,2,1,0001609378; 0001850741; 0002275198
Lucas do Rio Verde,5105259,9283943,UBS JARDIM AMAZONIA,UBS / Centro de Saúde,JARDIM AMAZONIA,RUA CRUZ ALTA,-13.0891134488,-55.9020209312,Dados Abertos SUS - CNES Estabelecimentos,"Validar funcionamento, localização e vínculo territorial com APS municipal/ERS.",True,2,1,0001629255; 0001804650; 0002404494
Lucas do Rio Verde,5105259,2767562,UBS JARDIM DAS PALMEIRAS,UBS / Centro de Saúde,JARDIM DAS PALMEIRAS,AVENIDA GOIAS,-13.0854349896,-55.9103894234,Dados Abertos SUS - CNES Estabelecimentos,"Validar funcionamento, localização e vínculo territorial com APS municipal/ERS.",True,1,1,0000449326; 0001780840
Lucas do Rio Verde,5105259,3920615,UBS JARDIM PRIMAVERAS,UBS / Centro de Saúde,JARDIM PRIMAVERAS,AVENIDA MATO GROSSO,-13.0821640408,-55.9031045437,Dados Abertos SUS - CNES Estabelecimentos,"Validar funcionamento, localização e vínculo territorial com APS municipal/ERS.",True,1,1,0000449342; 0001780921
Lucas do Rio Verde,5105259,2533642,UBS MENINO DEUS,UBS / Centro de Saúde,MENINO DEUS,RUA CARAZINHO,-13.0828955666,-55.9333062172,Dados Abertos SUS - CNES Estabelecimentos,"Validar funcionamento, localização e vínculo territorial com APS municipal/ERS.",True,1,1,0000449253; 0001764403
Lucas do Rio Verde,5105259,7413874,UBS PARQUE DAS AMERICAS,UBS / Centro de Saúde,PARQUE DAS AMERICAS,AVENIDA DAS NACOES,-13.1080900818,-55.9077501297,Dados Abertos SUS - CNES Estabelecimentos,"Validar funcionamento, localização e vínculo territorial com APS municipal/ERS.",True,2,1,0001509462; 0001850601; 0002404478
Lucas do Rio Verde,5105259,2767570,UBS PIONEIRO,UBS / Centro de Saúde,PIONEIRO,RUA CAMPO ERE,-13.0547511583,-55.9106898308,Dados Abertos SUS - CNES Estabelecimentos,"Validar funcionamento, localização e vínculo territorial com APS municipal/ERS.",True,1,1,0000449334; 0001780697
Lucas do Rio Verde,5105259,2533693,UBS RIO VERDE,UBS / Centro de Saúde,RIO VERDE,RUA SARANDI,-13.0752039862,-55.9064519405,Dados Abertos SUS - CNES Estabelecimentos,"Validar funcionamento, localização e vínculo territorial com APS municipal/ERS.",True,2,2,0000449261; 0000449288; 0001756605; 0001764209
Lucas do Rio Verde,5105259,2533707,UBS RIO VERDE II,UBS / Centro de Saúde,RIO VERDE,AV ESPIRITO SANTO,-13.076531219,-55.9050250053,Dados Abertos SUS - CNES Estabelecimentos,"Validar funcionamento, localização e vínculo territorial com APS municipal/ERS.",True,0,0,
Lucas do Rio Verde,5105259,2533723,UBS SAO CRISTOVAO,UBS / Centro de Saúde,ZONA RURAL,ZONA RURAL,-13.1053732527,-55.9507083893,Dados Abertos SUS - CNES Estabelecimentos,"Validar funcionamento, localização e vínculo territorial com APS municipal/ERS.",True,1,1,0000449318; 0001838946
Lucas do Rio Verde,5105259,6938019,UBS TESSELE JUNIOR,UBS / Centro de Saúde,LUIZ CARLOS TESSELE,RUA AMAZONITA,-13.0458358291,-55.9220409393,Dados Abertos SUS - CNES Estabelecimentos,"Validar funcionamento, localização e vínculo territorial com APS municipal/ERS.",True,3,1,0000449377; 0001846086; 0002247798; 0002421003
Lucas do Rio Verde,5105259,7153090,UBS VENEZA,UBS / Centro de Saúde,VENEZA,RUA RENASCENCA,-13.0869816212,-55.9151959419,Dados Abertos SUS - CNES Estabelecimentos,"Validar funcionamento, localização e vínculo territorial com APS municipal/ERS.",True,1,1,0000449385; 0001848615
Lucas do Rio Verde,5105259,458198,UBS VIDA NOVA,UBS / Centro de Saúde,VIDA NOVA,AVENIDA OLIMPICA,-13.1047895331,-55.91915261,Dados Abertos SUS - CNES Estabelecimentos,"Validar funcionamento, localização e vínculo territorial com APS municipal/ERS.",True,0,0,
Luciara,5105309,2311488,CENTRO DE SAUDE DE LUCIARA,UBS / Centro de Saúde,SETOR UNIVERSITARIO,RUA D,-11.2271824915,-50.6689292192,Dados Abertos SUS - CNES Estabelecimentos,"Validar funcionamento, localização e vínculo territorial com APS municipal/ERS.",True,1,1,0000449393; 0001569031; 0001812343
Luciara,5105309,7853815,UBSI ALDEIA SAO DOMINGOS,UBS / Centro de Saúde,ZONA RURAL,TI SAO DOMINGOS,-11.2448298901,-50.6638813019,Dados Abertos SUS - CNES Estabelecimentos,"Validar funcionamento, localização e vínculo territorial com APS municipal/ERS.",True,0,0,
Marcelândia,5105580,7800037,POSTO DE SAUDE INDIGENA TUBA TUBA,Posto de Saúde,PARQUE INDIGENA XING,ALDEIA TUBA TUBA,-10.8764649948,-53.6572265625,Dados Abertos SUS - CNES Estabelecimentos,"Validar funcionamento, localização e vínculo territorial com APS municipal/ERS.",True,0,0,
Marcelândia,5105580,2533944,PROGRAMA DE SAUDE DA FAMILIA 01,USF / Saúde da Família,AREA INDUSTRIAL,AVENIDA COLONIZADOR JOSE BIANCHINE,-11.0936819807,-54.5116281509,Dados Abertos SUS - CNES Estabelecimentos,"Validar funcionamento, localização e vínculo territorial com APS municipal/ERS.",True,1,1,0000449466; 0002151464
Marcelândia,5105580,2533979,PROGRAMA DE SAUDE DA FAMILIA 02,USF / Saúde da Família,VILA TUPY,RUA GUARANI,-11.0775275,-54.5223633,Dados Abertos SUS - CNES Estabelecimentos,"Validar funcionamento, localização e vínculo territorial com APS municipal/ERS.",True,1,1,0000449482; 0002151472
Marcelândia,5105580,2533952,PROGRAMA DE SAUDE DA FAMILIA 03,USF / Saúde da Família,CENTRO,RUA DOMINGOS MARTINS,-11.0777626733,-54.5123791695,Dados Abertos SUS - CNES Estabelecimentos,"Validar funcionamento, localização e vínculo territorial com APS municipal/ERS.",True,1,1,0000449474; 0002142848; 0002546825
Marcelândia,5105580,3161889,PROGRAMA DE SAUDE DA FAMILIA 04,USF / Saúde da Família,ANALANDIA DO NORTE,RUA 15 DE NOVEMBRO,-11.2527571,-54.2024781,Dados Abertos SUS - CNES Estabelecimentos,"Validar funcionamento, localização e vínculo territorial com APS municipal/ERS.",True,1,1,0000449490; 0002246341
Matupá,5105606,4583620,CABRAL CENTRO DE SAUDE,UBS / Centro de Saúde,CENTRO,LUIZ MENA,-10.1698753838,-54.9318552017,Dados Abertos SUS - CNES Estabelecimentos,"Validar funcionamento, localização e vínculo territorial com APS municipal/ERS.",True,0,0,
Matupá,5105606,8186898,EVOLUIR CENTRO DE SAUDE,UBS / Centro de Saúde,ZC1 002 ZONA CENTRAL,HERMINIO OMETTO,-10.1802770811,-54.9364364147,Dados Abertos SUS - CNES Estabelecimentos,"Validar funcionamento, localização e vínculo territorial com APS municipal/ERS.",True,0,0,
Matupá,5105606,2391759,POSTO DE SAUDE DE ALTO ALEGRE,Posto de Saúde,ZONA RURAL,AVENIDA PRINCIPAL,-10.0420178277,-55.0278139114,Dados Abertos SUS - CNES Estabelecimentos,"Validar funcionamento, localização e vínculo territorial com APS municipal/ERS.",True,0,0,
Matupá,5105606,2391740,POSTO DE SAUDE FLOR DA SERRA,Posto de Saúde,ZONA RURAL,AVENIDA PRINCIPAL,-10.0866813271,-55.1293998957,Dados Abertos SUS - CNES Estabelecimentos,"Validar funcionamento, localização e vínculo territorial com APS municipal/ERS.",True,0,0,
Matupá,5105606,6087329,UNIDADE DE SAUDE DA FAMILIA CENTRAL,USF / Saúde da Família,CENTRO,RUA IRMA ADELIS,-10.1746063501,-54.9277031422,Dados Abertos SUS - CNES Estabelecimentos,"Validar funcionamento, localização e vínculo territorial com APS municipal/ERS.",True,1,1,0000449539; 0002046369
Matupá,5105606,7555113,UNIDADE DE SAUDE DA FAMILIA CIDADE ALTA,USF / Saúde da Família,CIDADE ALTA,RUA 06,-10.1650149822,-54.9188786745,Dados Abertos SUS - CNES Estabelecimentos,"Validar funcionamento, localização e vínculo territorial com APS municipal/ERS.",True,1,1,0001549618; 0002083574
Matupá,5105606,8062080,UNIDADE DE SAUDE DA FAMILIA INDUSTRIAL,USF / Saúde da Família,SETOR INDUSTRIAL,RUA 02 I2,-10.1639298961,-54.9391829967,Dados Abertos SUS - CNES Estabelecimentos,"Validar funcionamento, localização e vínculo territorial com APS municipal/ERS.",True,1,0,0002569787
Matupá,5105606,2391732,UNIDADE DE SAUDE DA FAMILIA JARDIM DAS FLORES,USF / Saúde da Família,JARDIM DAS FLORES,RUA CINCO,-10.1738882615,-54.9225211143,Dados Abertos SUS - CNES Estabelecimentos,"Validar funcionamento, localização e vínculo territorial com APS municipal/ERS.",True,1,1,0000449504; 0002083175
Matupá,5105606,513164,UNIDADE DE SAUDE DA FAMILIA REGIONAL,USF / Saúde da Família,ZONA REGIONAL,AVENIDA DR HERMINIO OMETTO,-10.1796118051,-54.9374556541,Dados Abertos SUS - CNES Estabelecimentos,"Validar funcionamento, localização e vínculo territorial com APS municipal/ERS.",True,0,0,
Matupá,5105606,5554950,UNIDADE DE SAUDE DA FAMILIA UNIAO,USF / Saúde da Família,UNIAO,RUA 04,-10.1655377232,-54.9277862906,Dados Abertos SUS - CNES Estabelecimentos,"Validar funcionamento, localização e vínculo territorial com APS municipal/ERS.",True,1,1,0000449520; 0002083566
Matupá,5105606,3496759,UNIDADE DE SAUDE DA FAMILIA UNIAO PADOVANI,USF / Saúde da Família,ZONA RURAL,LINHA 03 GLEBA UNIAO,-10.0067200043,-54.5182800293,Dados Abertos SUS - CNES Estabelecimentos,"Validar funcionamento, localização e vínculo territorial com APS municipal/ERS.",True,1,1,0000449512; 0002045958
Mirassol d'Oeste,5105622,2395169,POSTO DE SAUDE ASSENTAM ST HELENA,Posto de Saúde,ZONA RURAL,COMUNIDADE SANTA HELENA,-15.4414361807,-57.9820632935,Dados Abertos SUS - CNES Estabelecimentos,"Validar funcionamento, localização e vínculo territorial com APS municipal/ERS.",True,0,0,
Mirassol d'Oeste,5105622,2395177,POSTO DE SAUDE PLANALTO,Posto de Saúde,PLANALTO,ESTRADA MIRASSOL CURVELANDIA,,,Dados Abertos SUS - CNES Estabelecimentos,"Validar funcionamento, localização e vínculo territorial com APS municipal/ERS.",False,0,0,
Mirassol d'Oeste,5105622,9050698,UNIDADE BASICA DE SAUDE MODULO IV PARQUE DA SERRA,UBS / Centro de Saúde,PARQUE DA SERRA,JOAO PAULO II ESQUINA C SAO FRANCISCO,-15.6744033381,-58.0809617043,Dados Abertos SUS - CNES Estabelecimentos,"Validar funcionamento, localização e vínculo territorial com APS municipal/ERS.",True,1,1,0001620940; 0002312662
Mirassol d'Oeste,5105622,9052283,UNIDADE BASICA DE SAUDE MODULO V JARDIM DAS FLORES,UBS / Centro de Saúde,JARDIM DAS FLORES,RUA MARIA DOS ANJOS BRAGA,-15.6715316174,-58.1006598473,Dados Abertos SUS - CNES Estabelecimentos,"Validar funcionamento, localização e vínculo territorial com APS municipal/ERS.",True,1,0,0001620959
Mirassol d'Oeste,5105622,2395142,UNIDADE BASICA DE SAUDE MODULO VI SONHO AZUL,UBS / Centro de Saúde,SONHO AZUL,RUA ANANIAS NUNES SEABRA,-15.7631794564,-58.1259155273,Dados Abertos SUS - CNES Estabelecimentos,"Validar funcionamento, localização e vínculo territorial com APS municipal/ERS.",True,1,0,0001620967
Mirassol d'Oeste,5105622,2395231,UNIDADE BASICA DE SAUDE MODULO VII CENTRO,UBS / Centro de Saúde,CENTRO,RUA PROFESSOR ODELIO BARBOSA,-15.677998097,-58.1026554108,Dados Abertos SUS - CNES Estabelecimentos,"Validar funcionamento, localização e vínculo territorial com APS municipal/ERS.",True,1,1,0000449547; 0002313332
Mirassol d'Oeste,5105622,2654342,UNIDADE DE SAUDE DA FAMILIA MODULO I JARDIM SAO PAULO,USF / Saúde da Família,CIDADE TAMANDARE,RUA 28 DE OUTUBRO,-15.66985815,-58.0843520164,Dados Abertos SUS - CNES Estabelecimentos,"Validar funcionamento, localização e vínculo territorial com APS municipal/ERS.",True,1,1,0000449555; 0002011921
Mirassol d'Oeste,5105622,3212165,UNIDADE DE SAUDE DA FAMILIA MODULO II PARQUE MORUMBI,USF / Saúde da Família,PARQUE MORUMBI,RUA SAO PAULO ESQ COM DORVILIO BASSI CORREIA,-15.6804772042,-58.0841588974,Dados Abertos SUS - CNES Estabelecimentos,"Validar funcionamento, localização e vínculo territorial com APS municipal/ERS.",True,1,1,0000449571; 0002011786
Mirassol d'Oeste,5105622,2699273,UNIDADE DE SAUDE DA FAMILIA MODULO III MUTIRAO,USF / Saúde da Família,MUTIRAO,RUA ARTUR NOGUEIRA,-15.6888439686,-58.0894589424,Dados Abertos SUS - CNES Estabelecimentos,"Validar funcionamento, localização e vínculo territorial com APS municipal/ERS.",True,1,1,0000449563; 0002311933
Nobres,5105903,2655209,EQUIPE DE SAUDE DA FAMILIA JARDIM GLORIA,USF / Saúde da Família,JARDIM GLORIA,AV GETULIO VARGAS,-14.6895181315,-56.3168942928,Dados Abertos SUS - CNES Estabelecimentos,"Validar funcionamento, localização e vínculo territorial com APS municipal/ERS.",True,1,1,0000449628; 0001836560
Nobres,5105903,2398311,UBS RODA D AGUA,UBS / Centro de Saúde,ZONA RURAL,COQUEIRAL,-14.5817560101,-55.9569740295,Dados Abertos SUS - CNES Estabelecimentos,"Validar funcionamento, localização e vínculo territorial com APS municipal/ERS.",True,1,1,0001625977; 0002188716
Nobres,5105903,7597878,UNIDADE BASICA DE SAUDE INDIGENA ALDEIA SANTANA,UBS / Centro de Saúde,ZONA RURAL,ALDEIA SANTANA,-14.7134592231,-56.2781524658,Dados Abertos SUS - CNES Estabelecimentos,"Validar funcionamento, localização e vínculo territorial com APS municipal/ERS.",True,0,0,
Nortelândia,5106000,2397781,CENTRO DE SAUDE DE NORTELANDIA,UBS / Centro de Saúde,PONTE,AV MARECHAL DEODORO,-14.455,-56.803,Dados Abertos SUS - CNES Estabelecimentos,"Validar funcionamento, localização e vínculo territorial com APS municipal/ERS.",True,0,0,
Nortelândia,5106000,2397811,ESTRATEGIA SAUDE DA FAMILIA I OLIMPIO DE SOUZA,USF / Saúde da Família,NOVO HORIZONTE,AVENIDA DEPUTADO WELINGTON FAGUNDES,-14.4549556751,-56.8029105663,Dados Abertos SUS - CNES Estabelecimentos,"Validar funcionamento, localização e vínculo territorial com APS municipal/ERS.",True,1,1,0000449644; 0001754548
Nortelândia,5106000,2397838,ESTRATEGIA SAUDE DA FAMILIA II NORTELANDIA,USF / Saúde da Família,BANDEIRANTE,RUA CUIABA,-14.2718,-56.2852,Dados Abertos SUS - CNES Estabelecimentos,"Validar funcionamento, localização e vínculo territorial com APS municipal/ERS.",True,1,1,0000449652; 0001757822
Nortelândia,5106000,7508239,ESTRATEGIA SAUDE DA FAMILIA III DENISE APARECIDA DA SILVA,USF / Saúde da Família,PONTE,AVENIDA GETULIO LINO DE SOUZA,-14.455,-56.4811,Dados Abertos SUS - CNES Estabelecimentos,"Validar funcionamento, localização e vínculo territorial com APS municipal/ERS.",True,1,1,0001535110; 0001757903
Nossa Senhora do Livramento,5106109,7267703,POSTO DE SAUDE DO PIRIZAL,Posto de Saúde,ZONA RURAL,DISTRITO DO PIRIZAL,-16.232634,-56.375078,Dados Abertos SUS - CNES Estabelecimentos,"Validar funcionamento, localização e vínculo territorial com APS municipal/ERS.",True,0,0,
Nossa Senhora do Livramento,5106109,7267711,POSTO DE SAUDE DO RIBEIRAO DOS COCAIS,Posto de Saúde,ZONA RURAL,DISTRITO DO RIBEIRAO DOS COCAIS,-15.780454,-56.223919,Dados Abertos SUS - CNES Estabelecimentos,"Validar funcionamento, localização e vínculo territorial com APS municipal/ERS.",True,0,0,
Nossa Senhora do Livramento,5106109,7792409,UNIDADE BASICA DE SAUDE III,UBS / Centro de Saúde,CENTRO,AV CARLOS ANTUNES QD 11,-15.7717493195,-56.3421607018,Dados Abertos SUS - CNES Estabelecimentos,"Validar funcionamento, localização e vínculo territorial com APS municipal/ERS.",True,1,0,0002197863; 0002205890
Nossa Senhora do Livramento,5106109,2391155,UNIDADE BASICA DE SAUDE URBANO,UBS / Centro de Saúde,CENTRO,RUA CORONEL MANOEL FELIX,-15.7728632,-56.3427673,Dados Abertos SUS - CNES Estabelecimentos,"Validar funcionamento, localização e vínculo territorial com APS municipal/ERS.",True,1,1,0000449687; 0000449695; 0001959255
Nossa Senhora do Livramento,5106109,2391139,UNIDADE DE SAUDE DA FAMILIA RURAL SUL NORTE,USF / Saúde da Família,CENTRO,RUA CORONEL MANOEL FELIX,-15.7721210162,-56.341817379,Dados Abertos SUS - CNES Estabelecimentos,"Validar funcionamento, localização e vínculo territorial com APS municipal/ERS.",True,2,1,0000449660; 0000449679; 0001959301; 0002526115
Nova Bandeirantes,5106158,7031343,POSTO DE SAUDE DA TRESCINCO,Posto de Saúde,ZONA RURAL,ASSENTAMENTO TRESCINCO,-9.814442,-57.8625555,Dados Abertos SUS - CNES Estabelecimentos,"Validar funcionamento, localização e vínculo territorial com APS municipal/ERS.",True,0,0,
Nova Bandeirantes,5106158,2471620,POSTO DE SAUDE LIDIO MAZZO,Posto de Saúde,ZONA RURAL,ESTRADA ROLANDIA,-9.814587,-57.862582,Dados Abertos SUS - CNES Estabelecimentos,"Validar funcionamento, localização e vínculo territorial com APS municipal/ERS.",True,0,0,
Nova Bandeirantes,5106158,3039196,UNIDADE DE SAUDE DA FAMILIA RURAL DE JAPURANA ESFII,USF / Saúde da Família,RURAL,RUA VENERANDA DA SPERANZA,-9.96978,-58.01555,Dados Abertos SUS - CNES Estabelecimentos,"Validar funcionamento, localização e vínculo territorial com APS municipal/ERS.",True,1,1,0000449709; 0001737864
Nova Bandeirantes,5106158,3189805,UNIDADE DE SAUDE DA FAMILIA RURAL ILDEFONSO BENTO,USF / Saúde da Família,ZONA RURAL,ASSENTAMENTO JAPURANA I,-9.81399,-57.86199,Dados Abertos SUS - CNES Estabelecimentos,"Validar funcionamento, localização e vínculo territorial com APS municipal/ERS.",True,1,1,0000449733; 0001811703
Nova Bandeirantes,5106158,5353130,USF ANTONIO FERNANDES TONINHO CAPIVARA ESFIII,USF / Saúde da Família,CENTRO,TRAV BARRA DO GARCA ESQUINA COM A TRAV ARAPUTANG,-9.81427,-57.86231,Dados Abertos SUS - CNES Estabelecimentos,"Validar funcionamento, localização e vínculo territorial com APS municipal/ERS.",True,1,1,0000449741; 0001759973
Nova Bandeirantes,5106158,4411900,USF JEFERSON MARCELO DE OLIVEIRA SABIA ESF V,USF / Saúde da Família,CENTRO,TRAVESSA LUPIONOPOLIS,-9.813967,-57.86177,Dados Abertos SUS - CNES Estabelecimentos,"Validar funcionamento, localização e vínculo territorial com APS municipal/ERS.",True,1,1,0002457261; 0002507498
Nova Bandeirantes,5106158,4706013,USF JOAO BATISTA DA SILVA ESF VI,USF / Saúde da Família,SETOR UNIAO,ESTRADA IRETAMA,-9.85286,-57.80567,Dados Abertos SUS - CNES Estabelecimentos,"Validar funcionamento, localização e vínculo territorial com APS municipal/ERS.",True,1,0,0002476444
Nova Bandeirantes,5106158,3039218,USF MANOEL NASCIMENTO DOS SANTOS MANEZINHO DA COBAN ESFI,USF / Saúde da Família,CENTRO,RUA JAGUAPITA,-9.8139673608,-57.862007618,Dados Abertos SUS - CNES Estabelecimentos,"Validar funcionamento, localização e vínculo territorial com APS municipal/ERS.",True,1,1,0000449717; 0000449725; 0001759922
Nova Brasilândia,5106208,2390698,UNIDADE BASICA DE SAUDE IRMA MARIA CLARA,UBS / Centro de Saúde,CENTRO,AVENIDA BRASIL,-14.934232098,-54.9742555618,Dados Abertos SUS - CNES Estabelecimentos,"Validar funcionamento, localização e vínculo territorial com APS municipal/ERS.",True,1,1,0000449814; 0001953400
Nova Brasilândia,5106208,2390922,UNIDADE BASICA DE SAUDE JOAQUIM BENEDITO PEREIRA,UBS / Centro de Saúde,DIST DE PERESOPOLIS,AV PRINCIPAL,-14.9434372998,-54.9909710884,Dados Abertos SUS - CNES Estabelecimentos,"Validar funcionamento, localização e vínculo territorial com APS municipal/ERS.",True,0,0,
Nova Brasilândia,5106208,2390914,UNIDADE BASICA DE SAUDE JOSE DA ROCHA GUIMARAES,UBS / Centro de Saúde,ZONA RURAL,COMUNIDADE LOTE 11,,,Dados Abertos SUS - CNES Estabelecimentos,"Validar funcionamento, localização e vínculo territorial com APS municipal/ERS.",False,0,0,
Nova Brasilândia,5106208,9361693,UNIDADE BASICA DE SAUDE MARLENE RAIZEL,UBS / Centro de Saúde,IPIRANGA,RUA JOAO MEDEIROS,-14.9347293,-54.9744151,Dados Abertos SUS - CNES Estabelecimentos,"Validar funcionamento, localização e vínculo territorial com APS municipal/ERS.",True,1,1,0000449806; 0001649027; 0001953370
Nova Brasilândia,5106208,2390892,UNIDADE BASICA DE SAUDE SANTA ROSA,UBS / Centro de Saúde,ZONA RURAL,GLEBA SANTA AMELIA,,,Dados Abertos SUS - CNES Estabelecimentos,"Validar funcionamento, localização e vínculo territorial com APS municipal/ERS.",False,0,0,
Nova Canaã do Norte,5106216,2471434,EQUIPE DE SAUDE DA FAMILIA AGNALDO ALVES DE AZEVEDO,USF / Saúde da Família,CENTRO,AVENIDA SAO PAULO,-10.6395831726,-55.7104066014,Dados Abertos SUS - CNES Estabelecimentos,"Validar funcionamento, localização e vínculo territorial com APS municipal/ERS.",True,1,1,0001672231; 0002277948
Nova Canaã do Norte,5106216,7347979,EQUIPE DE SAUDE DA FAMILIA ANTONIO MEDEIROS,USF / Saúde da Família,CENTRO,RUA MARIA FERRACINE GUERREIRO,-10.6457515762,-55.7064422965,Dados Abertos SUS - CNES Estabelecimentos,"Validar funcionamento, localização e vínculo territorial com APS municipal/ERS.",True,1,1,0001490990; 0001960636; 0002556189
Nova Canaã do Norte,5106216,2471582,EQUIPE DE SAUDE DA FAMILIA EVALDO JUNG,USF / Saúde da Família,CENTRO,AV PARA,-10.6314169278,-55.7093036467,Dados Abertos SUS - CNES Estabelecimentos,"Validar funcionamento, localização e vínculo territorial com APS municipal/ERS.",True,1,1,0000449849; 0001960571
Nova Canaã do Norte,5106216,2471299,EQUIPE DE SAUDE DA FAMILIA MARIA DE LOURDES SOUZA SANTOS,USF / Saúde da Família,RURAL,DISTRITO DE COLORADO DO NORTE,-10.444977561,-56.0968780518,Dados Abertos SUS - CNES Estabelecimentos,"Validar funcionamento, localização e vínculo territorial com APS municipal/ERS.",True,1,1,0002313685; 0002386771
Nova Canaã do Norte,5106216,2471264,EQUIPE DE SAUDE DA FAMILIA NEWTON VIEIRA BARBOSA,USF / Saúde da Família,RURAL,DISTRITO OURO BRANCO,-10.5543469241,-55.9497383365,Dados Abertos SUS - CNES Estabelecimentos,"Validar funcionamento, localização e vínculo territorial com APS municipal/ERS.",True,1,1,0000449822; 0001960458
Nova Canaã do Norte,5106216,2471272,POSTO DE SAUDE FLOR DA SERRA,Posto de Saúde,RURAL,COMUN UNIAO FLOR DA SERRA,-10.4291927844,-56.0185360909,Dados Abertos SUS - CNES Estabelecimentos,"Validar funcionamento, localização e vínculo territorial com APS municipal/ERS.",True,0,0,
Nova Canaã do Norte,5106216,6653111,POSTO DE SAUDE PA VERANEIO,Posto de Saúde,ZONA RURAL,COMUNIDADE PA VERANEIO,,,Dados Abertos SUS - CNES Estabelecimentos,"Validar funcionamento, localização e vínculo territorial com APS municipal/ERS.",False,0,0,
Nova Canaã do Norte,5106216,6747337,POSTO DE SAUDE PA VERANEIO,Posto de Saúde,ZONA RURAL,COMUNIDADE PA VERANEIO,-10.7883569948,-55.7187402248,Dados Abertos SUS - CNES Estabelecimentos,"Validar funcionamento, localização e vínculo territorial com APS municipal/ERS.",True,0,0,
Nova Guarita,5108808,2391813,POSTO DE SAUDE PLANALTO,Posto de Saúde,ZONA RURAL,AGROVILA,,,Dados Abertos SUS - CNES Estabelecimentos,"Validar funcionamento, localização e vínculo territorial com APS municipal/ERS.",False,0,0,
Nova Guarita,5108808,5975107,POSTO DE SAUDE RECANTO VERDE,Posto de Saúde,ZONA RURAL,COMUNIDADE RECANTO VERDE,,,Dados Abertos SUS - CNES Estabelecimentos,"Validar funcionamento, localização e vínculo territorial com APS municipal/ERS.",False,0,0,
Nova Guarita,5108808,2391821,POSTO DE SAUDE SANTA TEREZA,Posto de Saúde,ZONA RURAL,COMUNIDADE SANTA TEREZA,,,Dados Abertos SUS - CNES Estabelecimentos,"Validar funcionamento, localização e vínculo territorial com APS municipal/ERS.",False,0,0,
Nova Guarita,5108808,2391805,POSTO DE SAUDE SERRA NEGRA,Posto de Saúde,ZONA RURAL,COMUNIDADE SERRA NEGRA,,,Dados Abertos SUS - CNES Estabelecimentos,"Validar funcionamento, localização e vínculo territorial com APS municipal/ERS.",False,0,0,
Nova Guarita,5108808,2391848,UNIDADE BASICA DE SAUDE NOVA GUARITA,UBS / Centro de Saúde,CENTRO,AVENIDA DOS MIGRANTES,-10.3086281799,-55.4031300545,Dados Abertos SUS - CNES Estabelecimentos,"Validar funcionamento, localização e vínculo territorial com APS municipal/ERS.",True,2,2,0000453153; 0000453161; 0002019620; 0002443244; 0002463865; 0002536404
Nova Marilândia,5108857,2472201,UBS JARDIM PLANALTO,UBS / Centro de Saúde,JARDIM PLANALTO II,RUA PINGO DE OURO QUADRA 12 LOTE O5 06 E 07,-14.3733215,-56.97739369,Dados Abertos SUS - CNES Estabelecimentos,"Validar funcionamento, localização e vínculo territorial com APS municipal/ERS.",True,1,1,0000453188; 0001583239; 0002139766
Nova Maringá,5108907,2398362,CENTRO DE SAUDE DECIO LORDANO,UBS / Centro de Saúde,JARDIM AMERICA,RUA GETULIO VARGAS,-13.0232586462,-57.0935118198,Dados Abertos SUS - CNES Estabelecimentos,"Validar funcionamento, localização e vínculo territorial com APS municipal/ERS.",True,0,0,
Nova Maringá,5108907,7506236,UNIDADE BASICA DE SAUDE LAERCIO PEREIRA DE OLIVEIRA,UBS / Centro de Saúde,JARDIM AMERICA,RUA SANTO ANTONIO,-13.0233736278,-57.0940160751,Dados Abertos SUS - CNES Estabelecimentos,"Validar funcionamento, localização e vínculo territorial com APS municipal/ERS.",True,1,1,0001530003; 0001962531
Nova Maringá,5108907,2398389,UNIDADE BASICA DE SAUDE RURAL DE BRIANORTE DAURI RIVA,UBS / Centro de Saúde,ZONA RURAL,RUA DA PALMEIRAS,-12.283725,-57.3407,Dados Abertos SUS - CNES Estabelecimentos,"Validar funcionamento, localização e vínculo territorial com APS municipal/ERS.",True,1,0,0000453218
Nova Maringá,5108907,2398370,UNIDADE BASICA DE SAUDE VEREADOR APARECIDO ALVES,UBS / Centro de Saúde,JARDIM MAYRA,RUA LAGO AZUL,-13.0416027642,-57.0935440063,Dados Abertos SUS - CNES Estabelecimentos,"Validar funcionamento, localização e vínculo territorial com APS municipal/ERS.",True,1,1,0000453196; 0001962272
Nova Monte Verde,5108956,7756585,POSTO DE SAUDE ALTO PARAISO,Posto de Saúde,ALTO PARAISO,RODOVIA MT 208,-9.982,-57.535,Dados Abertos SUS - CNES Estabelecimentos,"Validar funcionamento, localização e vínculo territorial com APS municipal/ERS.",True,0,0,
Nova Mutum,5106224,2398664,CENTRO DE SAUDE RURAL,UBS / Centro de Saúde,CENTRO,AVENIDA DAS ANDORINHAS,-13.83232944,-56.1079931259,Dados Abertos SUS - CNES Estabelecimentos,"Validar funcionamento, localização e vínculo territorial com APS municipal/ERS.",True,1,1,0000449865; 0001958895
Nova Nazaré,5106174,7960484,POSTO DE SAUDE INDIGENA CACHOEIRA,Posto de Saúde,ZONA RURAL,ALDEIA CACHOEIRA,-13.9637218533,-51.7601966858,Dados Abertos SUS - CNES Estabelecimentos,"Validar funcionamento, localização e vínculo territorial com APS municipal/ERS.",True,0,0,
Nova Nazaré,5106174,7960476,POSTO DE SAUDE INDIGENA TRITOPA,Posto de Saúde,ZONA RURAL,ALDEIA TRITOPA,-13.99,-51.798,Dados Abertos SUS - CNES Estabelecimentos,"Validar funcionamento, localização e vínculo territorial com APS municipal/ERS.",True,0,0,
Nova Olímpia,5106232,7051328,POSTO DE SAUDE EDILSON IVO DOS SANTOS,Posto de Saúde,ZONA RURAL,ASSENTAMENTO RIO BRANCO,-14.862701,-57.683588,Dados Abertos SUS - CNES Estabelecimentos,"Validar funcionamento, localização e vínculo territorial com APS municipal/ERS.",True,0,0,
Nova Olímpia,5106232,2767643,USF HORTENCIO BORGES,USF / Saúde da Família,JARDIM ITAMARATI,RUA TEOFILO BARBALHO DE OLIVEIRA,-14.7881453757,-57.2788470984,Dados Abertos SUS - CNES Estabelecimentos,"Validar funcionamento, localização e vínculo territorial com APS municipal/ERS.",True,1,1,0000449970; 0002204495
Nova Olímpia,5106232,2795795,USF JOSE BEZERRA DE LIMA,USF / Saúde da Família,JD OURO VERDE,RUA PEDRO PEDROSSIAN,-14.778267027,-57.285002768,Dados Abertos SUS - CNES Estabelecimentos,"Validar funcionamento, localização e vínculo territorial com APS municipal/ERS.",True,1,1,0000449989; 0002191652
Nova Olímpia,5106232,2795809,USF MARIO MONTERO GALLARDO,USF / Saúde da Família,JD SAO JOAO,RUA GUATEMALA,-14.7735442448,-57.2866737843,Dados Abertos SUS - CNES Estabelecimentos,"Validar funcionamento, localização e vínculo territorial com APS municipal/ERS.",True,1,1,0000449997; 0002253682
Nova Olímpia,5106232,2472406,USF ROSELI GOMES DO NASCIMENTO,USF / Saúde da Família,BOA ESPERANCA,RUA PEDRO PEDROSSIAN,-14.7721437295,-57.2792387009,Dados Abertos SUS - CNES Estabelecimentos,"Validar funcionamento, localização e vínculo territorial com APS municipal/ERS.",True,1,1,0000449954; 0001974122
Nova Olímpia,5106232,2472422,USF RUBENS GONCALVES,USF / Saúde da Família,OURO VERDE,RUA SETE DE SETEMBRO,-14.7721177939,-57.279458642,Dados Abertos SUS - CNES Estabelecimentos,"Validar funcionamento, localização e vínculo territorial com APS municipal/ERS.",True,1,1,0000449962; 0001985205
Nova Santa Helena,5106190,2398702,CENTRO DE SAUDE SANTA HELENA,UBS / Centro de Saúde,CENTRO,RUA JOSE HEMILIO,-10.8502757624,-55.1778626209,Dados Abertos SUS - CNES Estabelecimentos,"Validar funcionamento, localização e vínculo territorial com APS municipal/ERS.",True,0,0,
Nova Santa Helena,5106190,2398699,POSTO DE SAUDE SANTA TERESINHA,Posto de Saúde,ATLANTICA,AVN MATO GROSSO,-10.852,-55.177,Dados Abertos SUS - CNES Estabelecimentos,"Validar funcionamento, localização e vínculo territorial com APS municipal/ERS.",True,0,0,
Nova Santa Helena,5106190,2654504,UNIDADE DE SAUDE DA FAMILIA JOAO ALBERTO ZANETE,USF / Saúde da Família,CENTRO,RUA OLGA SARAN DE SOUZA,-10.8508244,-55.1775727,Dados Abertos SUS - CNES Estabelecimentos,"Validar funcionamento, localização e vínculo territorial com APS municipal/ERS.",True,2,2,0000449792; 0001561243; 0001561251; 0001950290; 0001950347
Nova Ubiratã,5106240,2654563,CENTRO DE SAUDE DE NOVA UBIRATA,UBS / Centro de Saúde,SOYA,AVENIDA BRASIL,-13.032885558,-55.2424442768,Dados Abertos SUS - CNES Estabelecimentos,"Validar funcionamento, localização e vínculo territorial com APS municipal/ERS.",True,0,0,
Nova Ubiratã,5106240,2654636,POSTO DE SAUDE DE SANTA TEREZINHA DO RIO FERRO,Posto de Saúde,ZONA RURAL,SANTA TEREZINHA,-12.6272662057,-54.7335425656,Dados Abertos SUS - CNES Estabelecimentos,"Validar funcionamento, localização e vínculo territorial com APS municipal/ERS.",True,0,0,
Nova Ubiratã,5106240,3430537,POSTO DE SAUDE DE SANTO ANTONIO,Posto de Saúde,CENTRO,AV PRINCIPAL,-13.0107462376,-54.8775780201,Dados Abertos SUS - CNES Estabelecimentos,"Validar funcionamento, localização e vínculo territorial com APS municipal/ERS.",True,0,0,
Nova Ubiratã,5106240,7718780,POSTO DE SAUDE INDIGENA TUPARA,Posto de Saúde,XINGU,ALDEIA TUPARA,-12.3668317254,-54.6089172363,Dados Abertos SUS - CNES Estabelecimentos,"Validar funcionamento, localização e vínculo territorial com APS municipal/ERS.",True,0,0,
Nova Ubiratã,5106240,2654598,POSTO DE SAUDE NOVO MATO GROSSO,Posto de Saúde,ZONA RURAL,NOVO MATO GROSSO,-12.9084072624,-54.858148098,Dados Abertos SUS - CNES Estabelecimentos,"Validar funcionamento, localização e vínculo territorial com APS municipal/ERS.",True,0,0,
Nova Ubiratã,5106240,5049911,POSTO DE SAUDE PARQUE AGUA LIMPA,Posto de Saúde,ZONA RURAL,DISTRITO PARQUE AGUA LIMPA,-13.402102163,-54.7510635853,Dados Abertos SUS - CNES Estabelecimentos,"Validar funcionamento, localização e vínculo territorial com APS municipal/ERS.",True,0,0,
Nova Ubiratã,5106240,2654644,POSTO DE SAUDE PIRATININGA,Posto de Saúde,ZONA RURAL,PIRATININGA,-13.600431308,-55.0149285793,Dados Abertos SUS - CNES Estabelecimentos,"Validar funcionamento, localização e vínculo territorial com APS municipal/ERS.",True,0,0,
Nova Ubiratã,5106240,3016048,POSTO DE SAUDE SANTO ANTONIO DO RIO BONITO,Posto de Saúde,ZONA RURAL,SANTO ANTONIO DO RIO BONITO,,,Dados Abertos SUS - CNES Estabelecimentos,"Validar funcionamento, localização e vínculo territorial com APS municipal/ERS.",False,0,0,
Nova Ubiratã,5106240,2654652,USF I,USF / Saúde da Família,CENTRO,AVN TANCREDO NEVES,-13.029624366,-55.2572822571,Dados Abertos SUS - CNES Estabelecimentos,"Validar funcionamento, localização e vínculo territorial com APS municipal/ERS.",True,1,1,0000450022; 0001981129
Nova Xavantina,5106257,2569558,UBS 02 RURAL MARIA CUSTODIA DA SILVA FERREIRA,UBS / Centro de Saúde,ZONA RURAL,ZONA RURAL,-14.6633143148,-52.3563525081,Dados Abertos SUS - CNES Estabelecimentos,"Validar funcionamento, localização e vínculo territorial com APS municipal/ERS.",True,1,1,0000450073; 0001737929
Nova Xavantina,5106257,2395436,UNIDADE BASICA DE SAUDE 01 UBS JOSE FREDERICO FERNANDES,UBS / Centro de Saúde,CENTRO,RUA VEREADOR FRANCISCO ALBUQUERQUE MILHOMEM,-14.6782004605,-52.3571813107,Dados Abertos SUS - CNES Estabelecimentos,"Validar funcionamento, localização e vínculo territorial com APS municipal/ERS.",True,1,1,0000450065; 0001737902
Nova Xavantina,5106257,2655764,UNIDADE BASICA DE SAUDE 03 UBS GABRIEL CAETANO ROSA ABREU,UBS / Centro de Saúde,SANTANA,AVENIDA SANTANA,-14.6552467789,-52.3598742485,Dados Abertos SUS - CNES Estabelecimentos,"Validar funcionamento, localização e vínculo territorial com APS municipal/ERS.",True,1,1,0000450103; 0001737953; 0002346834
Nova Xavantina,5106257,2655756,UNIDADE BASICA DE SAUDE 04 UBS DR GUILHERME B G SERPA,UBS / Centro de Saúde,TONETTO,RUA IPORA,-14.6627745854,-52.3477855325,Dados Abertos SUS - CNES Estabelecimentos,"Validar funcionamento, localização e vínculo territorial com APS municipal/ERS.",True,1,1,0000450081; 0001738003; 0002263335
Nova Xavantina,5106257,2395401,UNIDADE BASICA DE SAUDE 05 UBS EMILIA MENDES CUNHA,UBS / Centro de Saúde,CENTRO,AVENIDA CAMPO GRANDE,-14.6633013405,-52.3562908173,Dados Abertos SUS - CNES Estabelecimentos,"Validar funcionamento, localização e vínculo territorial com APS municipal/ERS.",True,2,2,0000450057; 0001738046; 0002481960; 0002481987
Nova Xavantina,5106257,4716604,UNIDADE BASICA DE SAUDE 06 DRA JESSICA CAETANO ROSA ABREU,UBS / Centro de Saúde,CENTRO OESTE,RUA MARIA BARBOSA FERNANDES,-14.6848012091,-52.3529085517,Dados Abertos SUS - CNES Estabelecimentos,"Validar funcionamento, localização e vínculo territorial com APS municipal/ERS.",True,1,1,0002464721; 0002476258
Novo Horizonte do Norte,5106273,2392755,POSTO DE SAUDE CARVALHO,Posto de Saúde,ZONA RURAL,ZONA RURAL,,,Dados Abertos SUS - CNES Estabelecimentos,"Validar funcionamento, localização e vínculo territorial com APS municipal/ERS.",False,0,0,
Novo Horizonte do Norte,5106273,7412118,UNIDADE BASICA DE SAUDE,UBS / Centro de Saúde,CENTRO,AVENIDA MESTRE FALCAO,,,Dados Abertos SUS - CNES Estabelecimentos,"Validar funcionamento, localização e vínculo territorial com APS municipal/ERS.",False,0,0,
Novo Horizonte do Norte,5106273,6681751,UNIDADE DE SAUDE DA FAMILIA COMUNIDADE SAO JOSE,USF / Saúde da Família,ZONA RURAL,COMUNIDADE SAO JOSE,-11.3902822611,-57.3143649101,Dados Abertos SUS - CNES Estabelecimentos,"Validar funcionamento, localização e vínculo territorial com APS municipal/ERS.",True,1,1,0000450162; 0002111470
Novo Horizonte do Norte,5106273,2392712,UNIDADE DE SAUDE DA FAMILIA DE NOVO HORIZONTE,USF / Saúde da Família,CENTRO,AVN MESTRE FALCAO,-11.412305112,-57.3527312279,Dados Abertos SUS - CNES Estabelecimentos,"Validar funcionamento, localização e vínculo territorial com APS municipal/ERS.",True,1,1,0000450154; 0002111438
Novo Mundo,5106265,5140188,UNIDADE DE SAUDE DA FAMILIA CATARINA ZIN MAFINI,USF / Saúde da Família,ZONA RURAL,COMUNIDADE CINCO MIL,-9.7966925334,-55.5097103119,Dados Abertos SUS - CNES Estabelecimentos,"Validar funcionamento, localização e vínculo territorial com APS municipal/ERS.",True,1,1,0000450138; 0001970712
Novo Mundo,5106265,6367615,UNIDADE DE SAUDE DA FAMILIA DORICO PEREIRA DE ARAUJO,USF / Saúde da Família,DAMA DE OURO,RUA DOS MOGNOS,-9.9749766836,-55.1786613464,Dados Abertos SUS - CNES Estabelecimentos,"Validar funcionamento, localização e vínculo territorial com APS municipal/ERS.",True,1,1,0000450146; 0001970887
Novo Mundo,5106265,2571277,UNIDADE DE SAUDE DA FAMILIA NOVO MUNDO,USF / Saúde da Família,DAMA DE OURO,RUA CEREJEIRA,-9.9745566588,-55.1848196983,Dados Abertos SUS - CNES Estabelecimentos,"Validar funcionamento, localização e vínculo territorial com APS municipal/ERS.",True,1,1,0000450111; 0001970321
Novo Santo Antônio,5106315,2311658,CENTRO DE SAUDE DE NOVO SANTO ANTONIO,UBS / Centro de Saúde,CENTRO,RUA ANTONIO ZACARIAS DE SOUZA,-12.2895835537,-50.9669494629,Dados Abertos SUS - CNES Estabelecimentos,"Validar funcionamento, localização e vínculo territorial com APS municipal/ERS.",True,1,1,0000450324; 0001509055; 0002053284
Novo São Joaquim,5106281,2395495,CENTRO DE SAUDE OLIMPIO JOSE MARTINS,UBS / Centro de Saúde,CENTRO,RUA 13 DE MAIO,-14.9125081242,-53.0205720663,Dados Abertos SUS - CNES Estabelecimentos,"Validar funcionamento, localização e vínculo territorial com APS municipal/ERS.",True,1,1,0000450189; 0001995359; 0002429659
Novo São Joaquim,5106281,2395517,POSTO DE SAUDE CACHOEIRA DA FUMACA,Posto de Saúde,DISTRITO CACHOEIRA D,RUA MANOEL VENANCIO DE CAMARGO,-15.0915368428,-52.8057539463,Dados Abertos SUS - CNES Estabelecimentos,"Validar funcionamento, localização e vínculo territorial com APS municipal/ERS.",True,0,0,
Novo São Joaquim,5106281,2395525,POSTO DE SAUDE ITAQUERE,Posto de Saúde,DISTRITO ITAQUERE,RUA GOIAS,-15.1248688776,-53.3846282959,Dados Abertos SUS - CNES Estabelecimentos,"Validar funcionamento, localização e vínculo territorial com APS municipal/ERS.",True,0,0,
Paranatinga,5106307,4003616,MONTE SINAI CENTRO DE SAUDE E IMAGEM,UBS / Centro de Saúde,JARDIM PRIMAVERA I,AVENIDA TANCREDO NEVES,-14.4191360038,-54.0583992004,Dados Abertos SUS - CNES Estabelecimentos,"Validar funcionamento, localização e vínculo territorial com APS municipal/ERS.",True,0,0,
Paranatinga,5106307,9668667,POSTO DE SAUDE INDIGENA ARIMATEIA,Posto de Saúde,ZONA RURAL,ALDEIA ARIMATEIA,-13.9607232396,-53.9593505859,Dados Abertos SUS - CNES Estabelecimentos,"Validar funcionamento, localização e vínculo territorial com APS municipal/ERS.",True,0,0,
Paranatinga,5106307,9668527,POSTO DE SAUDE INDIGENA BATOVI,Posto de Saúde,ZONA RURAL,ALDEIA BATOVI,-13.9500611864,-53.9758300781,Dados Abertos SUS - CNES Estabelecimentos,"Validar funcionamento, localização e vínculo territorial com APS municipal/ERS.",True,0,0,
Paranatinga,5106307,9668624,POSTO DE SAUDE INDIGENA NOVO PROGRESSO,Posto de Saúde,ZONA RURAL,ALDEIA NOVO PROGRESSO,-13.9873762141,-54.0142822266,Dados Abertos SUS - CNES Estabelecimentos,"Validar funcionamento, localização e vínculo territorial com APS municipal/ERS.",True,0,0,
Paranatinga,5106307,7452357,UNIDADE BASICA DE SAUDE INDIGENA ATURUA,UBS / Centro de Saúde,ZONA RURAL,ALDEIA ATURUA,-14.4034244423,-54.0702438354,Dados Abertos SUS - CNES Estabelecimentos,"Validar funcionamento, localização e vínculo territorial com APS municipal/ERS.",True,0,0,
Paranatinga,5106307,3015289,UNIDADE DE SAUDE DA FAMILIA CENTRAL PSF III,USF / Saúde da Família,CENTRO,RUA APOLONIO BOURET DE MELO,-14.4275732372,-54.0510177612,Dados Abertos SUS - CNES Estabelecimentos,"Validar funcionamento, localização e vínculo territorial com APS municipal/ERS.",True,1,1,0000450294; 0002060450
Paranatinga,5106307,4077431,UNIDADE DE SAUDE DA FAMILIA DE SANTIAGO DO NORTE PSF VII,USF / Saúde da Família,ZONA RURAL,RUA RONDONIA,-13.28263542,-54.25608873,Dados Abertos SUS - CNES Estabelecimentos,"Validar funcionamento, localização e vínculo territorial com APS municipal/ERS.",True,1,0,0002304252
Paranatinga,5106307,2390957,UNIDADE DE SAUDE DA FAMILIA DE VILA CONCORDIA PSF I,USF / Saúde da Família,VILA CONCORDIA,AVENIDA BANDEIRANTES,-14.4318332952,-54.052927494,Dados Abertos SUS - CNES Estabelecimentos,"Validar funcionamento, localização e vínculo territorial com APS municipal/ERS.",True,1,1,0000450278; 0002060337
Paranatinga,5106307,2391562,UNIDADE DE SAUDE DA FAMILIA DE VILA NOVA PSF II,USF / Saúde da Família,JARDIM PINHEIRAO,RUA MANOEL ARJONAS,-14.4270744933,-54.0617465973,Dados Abertos SUS - CNES Estabelecimentos,"Validar funcionamento, localização e vínculo territorial com APS municipal/ERS.",True,1,1,0000450286; 0002060434
Paranatinga,5106307,5493005,UNIDADE DE SAUDE DA FAMILIA DE VISTA ALEGRE PSF V,USF / Saúde da Família,VISTA ALEGRE,RUA FOZ DO IGUACU,-14.4176397123,-54.0480995178,Dados Abertos SUS - CNES Estabelecimentos,"Validar funcionamento, localização e vínculo territorial com APS municipal/ERS.",True,1,1,0000450316; 0002060469
Paranatinga,5106307,4077423,UNIDADE DE SAUDE DA FAMILIA JOSE VIANA DOS SANTOS JR PSF VI,USF / Saúde da Família,VILA CONCORDIA,RUA ODAIR MARTINS SANTEIRO,-14.4385037588,-54.0563392639,Dados Abertos SUS - CNES Estabelecimentos,"Validar funcionamento, localização e vínculo territorial com APS municipal/ERS.",True,1,0,0002303698
Paranatinga,5106307,3703460,UNIDADE DE SAUDE DA FAMILIA RURAL PSF IV,USF / Saúde da Família,CENTRO,RUA APOLONIO BOURET DE MELO,-14.4259523157,-54.0520048141,Dados Abertos SUS - CNES Estabelecimentos,"Validar funcionamento, localização e vínculo territorial com APS municipal/ERS.",True,1,1,0000450308; 0002332280
Paranaíta,5106299,2655624,POSTO DE SAUDE DA FAMILIA I,USF / Saúde da Família,INDUSTRIAL,AVENIDA VEREADOR JOAO LOPO DE SOUZA,-9.6704469918,-56.4728444735,Dados Abertos SUS - CNES Estabelecimentos,"Validar funcionamento, localização e vínculo territorial com APS municipal/ERS.",True,1,1,0000450235; 0000450243; 0001746138
Paranaíta,5106299,3037258,POSTO DE SAUDE DA FAMILIA II CLAUDENICE DIAS PEREIRA PRATES,USF / Saúde da Família,JARDIM ESPERANCA,RUA JUARA,-9.6789997,-56.4672702,Dados Abertos SUS - CNES Estabelecimentos,"Validar funcionamento, localização e vínculo territorial com APS municipal/ERS.",True,1,1,0000450251; 0001749900
Paranaíta,5106299,2471647,POSTO DE SAUDE DA FAMILIA III MIGUEL CORDEIRO DA LUZ,USF / Saúde da Família,ASSENTAMENTO SAO PED,COMUNIDADE SOMBRA DA MANHA,-9.770754,-56.686065,Dados Abertos SUS - CNES Estabelecimentos,"Validar funcionamento, localização e vínculo territorial com APS municipal/ERS.",True,2,1,0000450219; 0001749986; 0002550547
Paranaíta,5106299,2471655,POSTO DE SAUDE DA FAMILIA IV PEDRO DE ALCANTARA,USF / Saúde da Família,SETOR SERVICOS,RUA AYRTON SENNA,-9.6635194287,-56.4752262748,Dados Abertos SUS - CNES Estabelecimentos,"Validar funcionamento, localização e vínculo territorial com APS municipal/ERS.",True,1,1,0000450227; 0001750046
Paranaíta,5106299,4829107,POSTO DE SAUDE DA FAMILIA V,USF / Saúde da Família,SAO CRISTOVAO,RUA 556,-9.676439182,-56.4740860778,Dados Abertos SUS - CNES Estabelecimentos,"Validar funcionamento, localização e vínculo territorial com APS municipal/ERS.",True,1,1,0002484285; 0002500841
Pedra Preta,5106372,2396297,POSTO DE SAUDE DE SAO JOSE DO PLANALTO,Posto de Saúde,CENTRO,RUA PRINCIPAL,-16.623,-54.474,Dados Abertos SUS - CNES Estabelecimentos,"Validar funcionamento, localização e vínculo territorial com APS municipal/ERS.",True,0,0,
Pedra Preta,5106372,877433,POSTO DE SAUDE SAO JOSE DO PLANALTO BIRRO,Posto de Saúde,ZONA RURAL,RUA PRINCIPAL,-16.5987634,-54.3627131,Dados Abertos SUS - CNES Estabelecimentos,"Validar funcionamento, localização e vínculo territorial com APS municipal/ERS.",True,0,0,
Pedra Preta,5106372,2396254,UNIDADE DE SAUDE DA FAMILIA GARCA BRANCA DE PEDRA PRETA,USF / Saúde da Família,TATUAPE,VILA GARCA BRANCA,-16.8008634,-54.1068139,Dados Abertos SUS - CNES Estabelecimentos,"Validar funcionamento, localização e vínculo territorial com APS municipal/ERS.",True,1,1,0000450332; 0002230658
Pedra Preta,5106372,2396270,UNIDADE DE SAUDE DA FAMILIA JOAO DE BARRO DE PRETA,USF / Saúde da Família,JOAO DE BARRO,AV ARTUR ORLATO,-16.620380975,-54.4845485687,Dados Abertos SUS - CNES Estabelecimentos,"Validar funcionamento, localização e vínculo territorial com APS municipal/ERS.",True,1,1,0000450359; 0002137208
Pedra Preta,5106372,2396262,UNIDADE DE SAUDE DA FAMILIA SAO SEBASTIAO DE PRETA,USF / Saúde da Família,SAO SEBASTIAO,RUA LUTERO LOPES ESQCA CASTELO BRANCO,-16.6179547392,-54.4664168358,Dados Abertos SUS - CNES Estabelecimentos,"Validar funcionamento, localização e vínculo territorial com APS municipal/ERS.",True,1,1,0000450340; 0002137216
Pedra Preta,5106372,8105626,UNIDADE DE SAUDE DA FAMILIA URUPES,USF / Saúde da Família,JARDIM URUPES,AVENIDA FREI SERVACIO,-16.6130199279,-54.4703865051,Dados Abertos SUS - CNES Estabelecimentos,"Validar funcionamento, localização e vínculo territorial com APS municipal/ERS.",True,1,1,0002559943; 0002567369
Pedra Preta,5106372,5273064,UNIDADE DE SAUDE DA FAMILIA VALE DO JURIGUE,USF / Saúde da Família,COHAB VALE DO JURIGU,RUA PROFESSORA CELIA VIEIRA DE MELLO,-16.623238959,-54.4825530052,Dados Abertos SUS - CNES Estabelecimentos,"Validar funcionamento, localização e vínculo territorial com APS municipal/ERS.",True,1,1,0000450367; 0002137224
Peixoto de Azevedo,5106422,8045062,UNIDADE BASICA DE SAUDE INDIGENA ALDEIA KAPOT,UBS / Centro de Saúde,ZONA RURAL,ALDEIA KAPOT,-9.7622904244,-53.2464802927,Dados Abertos SUS - CNES Estabelecimentos,"Validar funcionamento, localização e vínculo territorial com APS municipal/ERS.",True,0,0,
Peixoto de Azevedo,5106422,5623693,UNIDADE BASICA DE SAUDE INDIGENA ALDEIA KOPENOTY,UBS / Centro de Saúde,ZONA RURAL,ALDEIA KOPENOTY,-10.4486229286,-54.4160717726,Dados Abertos SUS - CNES Estabelecimentos,"Validar funcionamento, localização e vínculo territorial com APS municipal/ERS.",True,0,0,
Peixoto de Azevedo,5106422,5622107,UNIDADE BASICA DE SAUDE INDIGENA ALDEIA KOROROTI,UBS / Centro de Saúde,ZONA RURAL,ALDEIA KOROROTI,-9.6410991181,-53.5993256804,Dados Abertos SUS - CNES Estabelecimentos,"Validar funcionamento, localização e vínculo territorial com APS municipal/ERS.",True,0,0,
Peixoto de Azevedo,5106422,5622026,UNIDADE BASICA DE SAUDE INDIGENA ALDEIA METUKTIRE,UBS / Centro de Saúde,ZONA RURAL,ALDEIA METUKTIRE,-10.3878700234,-54.4097900391,Dados Abertos SUS - CNES Estabelecimentos,"Validar funcionamento, localização e vínculo territorial com APS municipal/ERS.",True,0,0,
Planalto da Serra,5106455,7248318,CENTRO DE SAUDE EROTILDES SIQUEIRA,UBS / Centro de Saúde,CENTRO,RUA KULUENE,-14.6614641792,-54.7784328461,Dados Abertos SUS - CNES Estabelecimentos,"Validar funcionamento, localização e vínculo territorial com APS municipal/ERS.",True,0,0,
Planalto da Serra,5106455,7417268,POSTO DE SAUDE ASSENTAMENTO RANCHARIA L3,Posto de Saúde,ZONA RURAL,ASSENTAMENTO L3,,,Dados Abertos SUS - CNES Estabelecimentos,"Validar funcionamento, localização e vínculo territorial com APS municipal/ERS.",False,0,0,
Planalto da Serra,5106455,3591832,POSTO DE SAUDE JERONIMO FERREIRA MARTINS,Posto de Saúde,COMUNIDADE RURAL,PACU,-14.6611320354,-54.7792053223,Dados Abertos SUS - CNES Estabelecimentos,"Validar funcionamento, localização e vínculo territorial com APS municipal/ERS.",True,0,0,
Planalto da Serra,5106455,2699818,UBS DELCIDES MARTINS FERREIRA,UBS / Centro de Saúde,CENTRO,RUA SAO LUIZ,-14.6612981074,-54.777982235,Dados Abertos SUS - CNES Estabelecimentos,"Validar funcionamento, localização e vínculo territorial com APS municipal/ERS.",True,1,1,0000450464; 0001792075
Ponte Branca,5106703,3174131,UNIDADE SAUDE DA FAMILIA JURANI MARTINS DA SILVA,USF / Saúde da Família,VILA NOVA,JOAO NOGUEIRA DA SILVA,-16.759467992,-52.8376722336,Dados Abertos SUS - CNES Estabelecimentos,"Validar funcionamento, localização e vínculo territorial com APS municipal/ERS.",True,1,1,0000450596; 0001587935; 0002002809
Pontes e Lacerda,5106752,5866812,CENTRO DE SAUDE DR FERNANDO BRAGA,UBS / Centro de Saúde,CENTRO,AV TEODOMIRO RODRIGUES DE SOUZA,-15.2322829,-59.3393005,Dados Abertos SUS - CNES Estabelecimentos,"Validar funcionamento, localização e vínculo territorial com APS municipal/ERS.",True,0,0,
Pontes e Lacerda,5106752,6019447,POSTO DE SAUDE SERRO AZUL,Posto de Saúde,ZONA RURAL,COMUNIDADE SERRO AZUL,-15.226,-59.335,Dados Abertos SUS - CNES Estabelecimentos,"Validar funcionamento, localização e vínculo territorial com APS municipal/ERS.",True,0,0,
Pontes e Lacerda,5106752,5739373,UNIDADE DE SAUDE DA FAMILIA PARQUE SANTA CRUZ JARDIM MARILIA,USF / Saúde da Família,PARQUE SANTA CRUZ,AVENIDA PARANA,-15.2270235,-59.3504329,Dados Abertos SUS - CNES Estabelecimentos,"Validar funcionamento, localização e vínculo territorial com APS municipal/ERS.",True,1,1,0000450715; 0001938886
Pontes e Lacerda,5106752,3752615,UNIDADE DE SAUDE DA FAMILIA PARQUE SAO CRISTOVAO,USF / Saúde da Família,PARQUE SAO CRISTOVAO,RUA PEDRO MILAO SANCHES,-15.2469457,-59.3437874,Dados Abertos SUS - CNES Estabelecimentos,"Validar funcionamento, localização e vínculo territorial com APS municipal/ERS.",True,2,1,0000450669; 0001954008; 0002450100; 0002571129
Pontes e Lacerda,5106752,3752623,UNIDADE DE SAUDE DA FAMILIA PEDRO PRESTES,USF / Saúde da Família,CENTRO,AVENIDA FLORESPINA AZAMBUJA,-15.2255287,-59.3520128,Dados Abertos SUS - CNES Estabelecimentos,"Validar funcionamento, localização e vínculo territorial com APS municipal/ERS.",True,1,1,0000450677; 0001953478
Pontes e Lacerda,5106752,227528,UNIDADE DE SAUDE DA FAMILIA RESIDENCIAL GLORIA,USF / Saúde da Família,RESIDENCIAL GLORIA,AV JOSE LUIZ VIEIRA FILHO,-15.2438771,-59.3265722,Dados Abertos SUS - CNES Estabelecimentos,"Validar funcionamento, localização e vínculo territorial com APS municipal/ERS.",True,0,0,
Pontes e Lacerda,5106752,5552729,UNIDADE DE SAUDE DA FAMILIA SAO JOSE,USF / Saúde da Família,SAO JOSE,RUA TEREZINHA CORA GARBIM,-15.2323614,-59.3233863,Dados Abertos SUS - CNES Estabelecimentos,"Validar funcionamento, localização e vínculo territorial com APS municipal/ERS.",True,1,1,0000450707; 0001954105
Pontes e Lacerda,5106752,3904806,UNIDADE SAUDE DA FAMILIA 06 DE AGOSTO,USF / Saúde da Família,CENTRO,RUA AMAZONAS,-15.2330356,-59.343212,Dados Abertos SUS - CNES Estabelecimentos,"Validar funcionamento, localização e vínculo territorial com APS municipal/ERS.",True,1,1,0000450685; 0001953354
Pontes e Lacerda,5106752,2394464,UNIDADE SAUDE DA FAMILIA GETULIO ARANTES,USF / Saúde da Família,VILA GUAPORE,AV CENTRAL,-15.2298341,-59.3616547,Dados Abertos SUS - CNES Estabelecimentos,"Validar funcionamento, localização e vínculo territorial com APS municipal/ERS.",True,1,1,0000450634; 0001953885
Porto Alegre do Norte,5106778,2311569,CENTRO DE SAUDE DE PORTO ALEGRE DO NORTE,UBS / Centro de Saúde,CENTRO,RUA SAO PEDRO,-10.882470515,-51.6331887245,Dados Abertos SUS - CNES Estabelecimentos,"Validar funcionamento, localização e vínculo territorial com APS municipal/ERS.",True,1,1,0000450723; 0002271893
Porto Alegre do Norte,5106778,7475993,EQUIPE SAUDE DA FAMILIA DO SETOR AEROPORTO V,USF / Saúde da Família,AEROPORTO,RUA DEZ,-10.8907305416,-51.6450119019,Dados Abertos SUS - CNES Estabelecimentos,"Validar funcionamento, localização e vínculo territorial com APS municipal/ERS.",True,1,0,0001524887
Porto Alegre do Norte,5106778,2311518,POSTO DE SAUDE DE NOVA FLORESTA,Posto de Saúde,CENTRO,AV PERIMETRAL,,,Dados Abertos SUS - CNES Estabelecimentos,"Validar funcionamento, localização e vínculo territorial com APS municipal/ERS.",False,0,0,
Porto Alegre do Norte,5106778,5674735,UNIDADE SAUDE DA FAMILIA DO BURITI,USF / Saúde da Família,BURITI,RUA GETULIO VARGAS,-10.8752638763,-51.6282749176,Dados Abertos SUS - CNES Estabelecimentos,"Validar funcionamento, localização e vínculo territorial com APS municipal/ERS.",True,1,1,0000450766; 0001819240
Porto Alegre do Norte,5106778,2654865,UNIDADE SAUDE DA FAMILIA I PAN,USF / Saúde da Família,CENTRO,AV GOIAS,-10.881796217,-51.6334462166,Dados Abertos SUS - CNES Estabelecimentos,"Validar funcionamento, localização e vínculo territorial com APS municipal/ERS.",True,1,1,0000450758; 0001628488; 0001819135
Porto Alegre do Norte,5106778,2571897,UNIDADE SAUDE DA FAMILIA II PAN,USF / Saúde da Família,SETOR ESPORTES,RUA CAMPINAS,-10.8790779378,-51.6388964653,Dados Abertos SUS - CNES Estabelecimentos,"Validar funcionamento, localização e vínculo territorial com APS municipal/ERS.",True,1,0,0000450731
Porto Esperidião,5106828,9186174,CENTRO DE SAUDE PORTO ESPERIDIAO,UBS / Centro de Saúde,CENTRO,AV TREZE DE MAIO,-15.8562329884,-58.4644787293,Dados Abertos SUS - CNES Estabelecimentos,"Validar funcionamento, localização e vínculo territorial com APS municipal/ERS.",True,0,0,
Porto Esperidião,5106828,2393883,POSTO DE SAUDE DO BOCAIUVAL,Posto de Saúde,ZONA RURAL,COMUNIDADE BOCAIUVAL,,,Dados Abertos SUS - CNES Estabelecimentos,"Validar funcionamento, localização e vínculo territorial com APS municipal/ERS.",False,0,0,
Porto Estrela,5106851,2472708,CENTRO DE SAUDE DE PORTO ESTRELA PORTO ESTRELA,UBS / Centro de Saúde,CENTRO,RUA MANOEL FERREIRA DA SILVA,-15.3313728769,-57.2033107281,Dados Abertos SUS - CNES Estabelecimentos,"Validar funcionamento, localização e vínculo territorial com APS municipal/ERS.",True,0,0,
Porto Estrela,5106851,2472686,POSTO DE SAUDE BOI MORTO PORTO ESTRELA,Posto de Saúde,COMUNIDADE BOI MORTO,COMUNIDADE DO BOI MORTO,-15.5702932145,-57.3815917969,Dados Abertos SUS - CNES Estabelecimentos,"Validar funcionamento, localização e vínculo territorial com APS municipal/ERS.",True,0,0,
Porto Estrela,5106851,2472694,POSTO DE SAUDE DE SALOBRA GRANDE PORTO ESTRELA,Posto de Saúde,CENTRO,AV PRINCIPAL,-15.6269837903,-57.2517192364,Dados Abertos SUS - CNES Estabelecimentos,"Validar funcionamento, localização e vínculo territorial com APS municipal/ERS.",True,0,0,
Porto Estrela,5106851,4573986,POSTO DE SAUDE VAOZINHO,Posto de Saúde,COMUNIDADE VAOZINHO,COMUNIDADE VAOZINHO,-15.2716076779,-56.9867894053,Dados Abertos SUS - CNES Estabelecimentos,"Validar funcionamento, localização e vínculo territorial com APS municipal/ERS.",True,0,0,
Porto dos Gaúchos,5106802,2392771,POSTO DE SAUDE DA FAMILIA GLEBA SAO JOAO,USF / Saúde da Família,GLEBA SAO JOAO,RUA FORTALEZA,-11.4340282,-57.029494,Dados Abertos SUS - CNES Estabelecimentos,"Validar funcionamento, localização e vínculo territorial com APS municipal/ERS.",True,1,1,0000450774; 0002079682
Porto dos Gaúchos,5106802,7429088,UBS COMUNIDADE RIO ENGANO,UBS / Centro de Saúde,RURAL,COMUNIDADE,-11.61734055,-57.2347980685,Dados Abertos SUS - CNES Estabelecimentos,"Validar funcionamento, localização e vínculo territorial com APS municipal/ERS.",True,0,0,
Porto dos Gaúchos,5106802,2392763,UNIDADE BASICA DE SAUDE NOVO PARANA,UBS / Centro de Saúde,CENTRO,AVENIDA NOVO PARANA,-11.609736,-57.238158,Dados Abertos SUS - CNES Estabelecimentos,"Validar funcionamento, localização e vínculo territorial com APS municipal/ERS.",True,0,0,
Poxoréu,5107008,2397099,CENTRO DE SAUDE DR JOAO ANDRADE FIGUEIREDO,UBS / Centro de Saúde,JARDIM POXOREO,AV BRASILIA,-15.83773,-54.38511,Dados Abertos SUS - CNES Estabelecimentos,"Validar funcionamento, localização e vínculo territorial com APS municipal/ERS.",True,0,0,
Primavera do Leste,5107040,3214559,CENTRO DE SAUDE E BELEZA,UBS / Centro de Saúde,JARDIM RIVA,RUA NOVA ESPERANCA,-15.56411,-54.30303,Dados Abertos SUS - CNES Estabelecimentos,"Validar funcionamento, localização e vínculo territorial com APS municipal/ERS.",True,0,0,
Primavera do Leste,5107040,2397412,UNIDADE EQUIPE 1 DE SAUDE DA FAMILIA DE PRIMAVERA DO LESTE,USF / Saúde da Família,CONJUNTO SAO JOSE,RUA ANGELO RAVANELLO,-15.5621056,-54.2841715,Dados Abertos SUS - CNES Estabelecimentos,"Validar funcionamento, localização e vínculo territorial com APS municipal/ERS.",True,1,1,0000450944; 0001931121
Primavera do Leste,5107040,7387601,UNIDADE EQUIPE 10 DE SAUDE DA FAMILIA DE PRIMAVERA DO LESTE,USF / Saúde da Família,JARDIM VENEZA,RUA VATICANO,-15.5375528,-54.3089425,Dados Abertos SUS - CNES Estabelecimentos,"Validar funcionamento, localização e vínculo territorial com APS municipal/ERS.",True,1,1,0001498215; 0002056747
Primavera do Leste,5107040,9670548,UNIDADE EQUIPE 11 DE SAUDE DA FAMILIA DE PRIMAVERA DO LESTE,USF / Saúde da Família,RESIDENCIAL BURITIS,AVENIDA DOS TRABALHADORES,-15.53,-54.31659,Dados Abertos SUS - CNES Estabelecimentos,"Validar funcionamento, localização e vínculo territorial com APS municipal/ERS.",True,1,1,0001674250; 0002056798
Primavera do Leste,5107040,9928456,UNIDADE EQUIPE 12 DE SAUDE DA FAMILIA DE PRIMAVERA DO LESTE,USF / Saúde da Família,JARDIM LUCIANA,RUA DA LUZ,-15.53302,-54.28635,Dados Abertos SUS - CNES Estabelecimentos,"Validar funcionamento, localização e vínculo territorial com APS municipal/ERS.",True,1,1,0001688723; 0002056836
Primavera do Leste,5107040,9813381,UNIDADE EQUIPE 13 DE SAUDE DA FAMILIA DE PRIMAVERA DO LESTE,USF / Saúde da Família,PADRE ONESTO COSTA,RUA DAS PALMEIRAS,-15.5186804,-54.3348189,Dados Abertos SUS - CNES Estabelecimentos,"Validar funcionamento, localização e vínculo territorial com APS municipal/ERS.",True,1,1,0001682482; 0002056852
Primavera do Leste,5107040,152048,UNIDADE EQUIPE 14 DE SAUDE DA FAMILIA DE PRIMAVERA DO LESTE,USF / Saúde da Família,GUTERREZ,RUA ARARAS,-15.55961,-54.33393,Dados Abertos SUS - CNES Estabelecimentos,"Validar funcionamento, localização e vínculo territorial com APS municipal/ERS.",True,0,0,
Primavera do Leste,5107040,2397420,UNIDADE EQUIPE 15 DE SAUDE DA FAMILIA DE PRIMAVERA DO LESTE,USF / Saúde da Família,TUIUIU,RUA DA GARCA,-15.5658809,-54.3358457,Dados Abertos SUS - CNES Estabelecimentos,"Validar funcionamento, localização e vínculo territorial com APS municipal/ERS.",True,1,1,0000450952; 0002059673
Primavera do Leste,5107040,9405143,UNIDADE EQUIPE 16 DE SAUDE DA FAMILIA DE PRIMAVERA DO LESTE,USF / Saúde da Família,CENTRO,AVENIDA SAO JOAO,-15.55796,-54.30252,Dados Abertos SUS - CNES Estabelecimentos,"Validar funcionamento, localização e vínculo territorial com APS municipal/ERS.",True,1,1,0001648101; 0002352702
Primavera do Leste,5107040,4077326,UNIDADE EQUIPE 17 DE SAUDE DA FAMILIA DE PRIMAVERA DO LESTE,USF / Saúde da Família,PONCHO VERDE III,RUA ARROIO CHUI,-15.53738,-54.2783,Dados Abertos SUS - CNES Estabelecimentos,"Validar funcionamento, localização e vínculo territorial com APS municipal/ERS.",True,1,1,0002301938; 0002430401
Primavera do Leste,5107040,2397455,UNIDADE EQUIPE 2 DE SAUDE DA FAMILIA DE PRIMAVERA DO LESTE,USF / Saúde da Família,PARQUE ELDORADO,AVENIDA 12 DE MAIO,-15.55678,-54.28788,Dados Abertos SUS - CNES Estabelecimentos,"Validar funcionamento, localização e vínculo territorial com APS municipal/ERS.",True,1,1,0000450987; 0002048574
Primavera do Leste,5107040,2397471,UNIDADE EQUIPE 3 DESAUDE DA FAMILIA DE PRIMAVERA DO LESTE,USF / Saúde da Família,SAO CRISTOVAO,RUA SAO TOME,-15.5405,-54.28447,Dados Abertos SUS - CNES Estabelecimentos,"Validar funcionamento, localização e vínculo territorial com APS municipal/ERS.",True,1,1,0000450995; 0002048167
Primavera do Leste,5107040,2675005,UNIDADE EQUIPE 4 DE SAUDE DA FAMILIA DE PRIMAVERA DO LESTE,USF / Saúde da Família,CENTRO LESTE,AVENIDA 14 DE MARCO,-15.55277,-54.28957,Dados Abertos SUS - CNES Estabelecimentos,"Validar funcionamento, localização e vínculo territorial com APS municipal/ERS.",True,1,1,0000451002; 0002048345
Primavera do Leste,5107040,3117014,UNIDADE EQUIPE 5 DE SAUDE DA FAMILIA DE PRIMAVERA DO LESTE,USF / Saúde da Família,PONCHO VERDE,RUA SANGA,-15.53824,-54.28968,Dados Abertos SUS - CNES Estabelecimentos,"Validar funcionamento, localização e vínculo territorial com APS municipal/ERS.",True,1,1,0000451029; 0002048833
Primavera do Leste,5107040,2397404,UNIDADE EQUIPE 6 DE SAUDE DA FAMILIA DE PRIMAVERA DO LESTE,USF / Saúde da Família,PRIMAVERA II,AVENIDA CUIABA,-15.54297,-54.30293,Dados Abertos SUS - CNES Estabelecimentos,"Validar funcionamento, localização e vínculo territorial com APS municipal/ERS.",True,1,1,0000450936; 0002048841
Primavera do Leste,5107040,2397447,UNIDADE EQUIPE 7 DE SAUDE DA FAMILIA DE PRIMAVERA DO LESTE,USF / Saúde da Família,PARQUE CASTELANDIA,AVENIDA BRASIL,-15.56508,-54.29408,Dados Abertos SUS - CNES Estabelecimentos,"Validar funcionamento, localização e vínculo territorial com APS municipal/ERS.",True,1,1,0000450979; 0002049058
Primavera do Leste,5107040,2397439,UNIDADE EQUIPE 8 DE SAUDE DA FAMILIA DE PRIMAVERA DO LESTE,USF / Saúde da Família,CONDOMINIO PIONEIRO,AVENIDA TANCREDO NEVES,-15.56983,-54.3026,Dados Abertos SUS - CNES Estabelecimentos,"Validar funcionamento, localização e vínculo territorial com APS municipal/ERS.",True,1,1,0000450960; 0002049112
Primavera do Leste,5107040,2675013,UNIDADE EQUIPE 9 DE SAUDE DA FAMILIA DE PRIMAVERA DO LESTE,USF / Saúde da Família,PRIMAVERA III,RUA IPE ROXO,-15.5254863,-54.3330788,Dados Abertos SUS - CNES Estabelecimentos,"Validar funcionamento, localização e vínculo territorial com APS municipal/ERS.",True,1,1,0000451010; 0002051885
Querência,5107065,2534401,CENTRO DE SAUDE QUERENCIA,UBS / Centro de Saúde,SETOR A,AV CENTRAL,-12.5946483808,-52.2052288055,Dados Abertos SUS - CNES Estabelecimentos,"Validar funcionamento, localização e vínculo territorial com APS municipal/ERS.",True,0,1,0002105659; 0002113740
Querência,5107065,2473038,POSTO DE SAUDE BRASIL NOVO Q,Posto de Saúde,ZONA RURAL,ASSENTAMENTO BRASIL NOVO,-11.8153391,-52.3344452,Dados Abertos SUS - CNES Estabelecimentos,"Validar funcionamento, localização e vínculo territorial com APS municipal/ERS.",True,0,0,
Querência,5107065,7802978,POSTO DE SAUDE INDIGEN TUIARARE,Posto de Saúde,PARQUE INDIGENA DO X,ALDEIA TUIARARE,-12.5942311,-52.2081922,Dados Abertos SUS - CNES Estabelecimentos,"Validar funcionamento, localização e vínculo territorial com APS municipal/ERS.",True,0,0,
Querência,5107065,7807198,POSTO DE SAUDE INDIGENA AFUKURI,Posto de Saúde,PARQUE IDIGENA XINGU,POLO AFUKURI,-12.3123987632,-53.0198451877,Dados Abertos SUS - CNES Estabelecimentos,"Validar funcionamento, localização e vínculo territorial com APS municipal/ERS.",True,0,0,
Querência,5107065,7803095,POSTO DE SAUDE INDIGENA ILHA GRANDE,Posto de Saúde,PARQUE XINGU,ALDEIA ILHA GRANDE,-12.5942311,-52.2081922,Dados Abertos SUS - CNES Estabelecimentos,"Validar funcionamento, localização e vínculo territorial com APS municipal/ERS.",True,0,0,
Querência,5107065,7805616,POSTO DE SAUDE INDIGENA KALAPALO,Posto de Saúde,PARQUE XINGU,ALDEIA KALAPALO,-12.9498011,-53.1518782,Dados Abertos SUS - CNES Estabelecimentos,"Validar funcionamento, localização e vínculo territorial com APS municipal/ERS.",True,0,0,
Querência,5107065,7804032,POSTO DE SAUDE INDIGENA TANGURINHO,Posto de Saúde,PARQUE XINGU,ALDEIA TANGURINHO,-12.4121291,-52.3642692,Dados Abertos SUS - CNES Estabelecimentos,"Validar funcionamento, localização e vínculo territorial com APS municipal/ERS.",True,0,0,
Querência,5107065,7807317,POSTO DE SAUDE INDIGENA TANGURO,Posto de Saúde,PARQUE XINGU,ALDEIA TANGURO,-12.3549001,-52.5532719,Dados Abertos SUS - CNES Estabelecimentos,"Validar funcionamento, localização e vínculo territorial com APS municipal/ERS.",True,0,0,
Querência,5107065,7193912,POSTO DE SAUDE PINGO DAGUA,Posto de Saúde,ZONA RURAL,ASSENTAMENTO PINGO DAGUA,-12.5534321,-52.4589512,Dados Abertos SUS - CNES Estabelecimentos,"Validar funcionamento, localização e vínculo territorial com APS municipal/ERS.",True,0,0,
Querência,5107065,7801874,UNIDADE BASICA DE ATENCAO A SAUDE POLO WAWI,UBS / Centro de Saúde,PARQUE IDIGENA XINGU,POLO WAWI,-11.524433115,-53.0694580078,Dados Abertos SUS - CNES Estabelecimentos,"Validar funcionamento, localização e vínculo territorial com APS municipal/ERS.",True,0,0,
Querência,5107065,2473011,UNIDADE BASICA DE SAUDE COUTINHO UNIAO,UBS / Centro de Saúde,ZONA RURAL,ASSENTAMENTO COUTINHO UNIAO,-11.9595210877,-52.4948859215,Dados Abertos SUS - CNES Estabelecimentos,"Validar funcionamento, localização e vínculo territorial com APS municipal/ERS.",True,1,1,0001529900; 0001905627
Querência,5107065,4376412,UNIDADE BASICA DE SAUDE MORADA DO SOL,UBS / Centro de Saúde,PARQUE DAS TORRES,RUA 05,-12.6142906041,-52.205915451,Dados Abertos SUS - CNES Estabelecimentos,"Validar funcionamento, localização e vínculo territorial com APS municipal/ERS.",True,1,1,0002204193; 0002204975
Querência,5107065,5740770,UNIDADE BASICA DE SAUDE NOVA QUERENCIA,UBS / Centro de Saúde,SETOR NOVA QUERENCIA,AVENIDA PROGETADA 01,-12.5867927805,-52.2172749432,Dados Abertos SUS - CNES Estabelecimentos,"Validar funcionamento, localização e vínculo territorial com APS municipal/ERS.",True,1,1,0000451061; 0001899961
Querência,5107065,7832001,UNIDADE BASICA DE SAUDE PARQUE IMPERIAL,UBS / Centro de Saúde,SETOR IMPERIAL,RUA 01 QD04 LT01,-12.608479762,-52.2133934498,Dados Abertos SUS - CNES Estabelecimentos,"Validar funcionamento, localização e vínculo territorial com APS municipal/ERS.",True,1,1,0001591045; 0001902288
Querência,5107065,2571390,UNIDADE BASICA DE SAUDE SETOR E,UBS / Centro de Saúde,SETOR E,RUA E 21 QD 25,-12.5953917972,-52.2155070305,Dados Abertos SUS - CNES Estabelecimentos,"Validar funcionamento, localização e vínculo territorial com APS municipal/ERS.",True,1,1,0000451053; 0001850768; 0001887688
Querência,5107065,7336934,UNIDADE BASICA DE SAUDE SETOR F,UBS / Centro de Saúde,SETOR F,RUA F 15 QD20,-12.5915019253,-52.2133558989,Dados Abertos SUS - CNES Estabelecimentos,"Validar funcionamento, localização e vínculo territorial com APS municipal/ERS.",True,1,1,0001488007; 0001903918
Querência,5107065,9351647,UNIDADE BASICA DE SAUDE SETOR G,UBS / Centro de Saúde,SETOR G,RUA G 14,-12.5913919819,-52.1996927261,Dados Abertos SUS - CNES Estabelecimentos,"Validar funcionamento, localização e vínculo territorial com APS municipal/ERS.",True,1,1,0001565737; 0001904973
Ribeirão Cascalheira,5107180,7820143,UBS PIMENTEL BARBOSA,UBS / Centro de Saúde,ZONA RURAL,ALDEIA PIMENTEL BARBOSA,-13.3896195917,-51.6961669922,Dados Abertos SUS - CNES Estabelecimentos,"Validar funcionamento, localização e vínculo territorial com APS municipal/ERS.",True,0,0,
Ribeirão Cascalheira,5107180,2472813,UNIDADE BASICA DE SAUDE DA FAMILIA I,USF / Saúde da Família,JD TANGARA,RUA MANOEL DE BARROS SILVA,-12.9297113065,-51.8206992745,Dados Abertos SUS - CNES Estabelecimentos,"Validar funcionamento, localização e vínculo territorial com APS municipal/ERS.",True,1,1,0000451142; 0001783750
Ribeirão Cascalheira,5107180,2472821,UNIDADE BASICA DE SAUDE DA FAMILIA II,USF / Saúde da Família,COHAB ALVORADA,RUA MARACANA,-12.9481433666,-51.8326163292,Dados Abertos SUS - CNES Estabelecimentos,"Validar funcionamento, localização e vínculo territorial com APS municipal/ERS.",True,1,1,0000451150; 0001783335
Ribeirãozinho,5107198,2395460,UNIDADE DE SAUDE DA FAMILIA DIREITO DE VIVER,USF / Saúde da Família,CENTRO,RUA DOM AQUINO CORREA,-16.485205386,-52.6928544044,Dados Abertos SUS - CNES Estabelecimentos,"Validar funcionamento, localização e vínculo territorial com APS municipal/ERS.",True,1,1,0000451169; 0001492535; 0001959077
Rio Branco,5107206,2394758,ESTRATEGIA DE SAUDE DA FAMILIA I RIO BRANCO,USF / Saúde da Família,VILA MARIA,AVN INDEPENDENCIA,-15.2372,-58.107019,Dados Abertos SUS - CNES Estabelecimentos,"Validar funcionamento, localização e vínculo territorial com APS municipal/ERS.",True,1,1,0000451177; 0002047861
Rio Branco,5107206,2394766,ESTRATEGIA DE SAUDE DA FAMILIA II RIO BRANCO,USF / Saúde da Família,CIDADE ALTA,AVN SETE DE SETEMBRO,-15.2485285415,-58.1163883209,Dados Abertos SUS - CNES Estabelecimentos,"Validar funcionamento, localização e vínculo territorial com APS municipal/ERS.",True,1,1,0000451185; 0002047888
Rondolândia,5107578,2393816,CENTRO DE SAUDE DE RONDOLANDIA,UBS / Centro de Saúde,CENTRO,RUA RIO MADEIRINHA QUADRA 68,-10.8447917783,-61.4571547508,Dados Abertos SUS - CNES Estabelecimentos,"Validar funcionamento, localização e vínculo territorial com APS municipal/ERS.",True,0,0,
Rondolândia,5107578,4652789,POSTO DE SAUDE INDIGENA ALDEIA CENTRAL,Posto de Saúde,LIBERDADE,ALDEIA BUBUYREJ CENTRAL,-10.8253815822,-61.4540863037,Dados Abertos SUS - CNES Estabelecimentos,"Validar funcionamento, localização e vínculo territorial com APS municipal/ERS.",True,0,0,
Rondolândia,5107578,4652940,POSTO DE SAUDE INDIGENA ALDEIA JOSE,Posto de Saúde,ZONA RURAL,ALDEIA GUWA PUXUREJ JOSE,-10.464297,-60.932781,Dados Abertos SUS - CNES Estabelecimentos,"Validar funcionamento, localização e vínculo territorial com APS municipal/ERS.",True,0,0,
Rondolândia,5107578,9212221,UBSI DA ALDEIA SERTANISTA APOENA MEIREILES,UBS / Centro de Saúde,ALDEIA,ALDEIA SERTANISTA APOENA MEIREILES,-10.812,-61.407,Dados Abertos SUS - CNES Estabelecimentos,"Validar funcionamento, localização e vínculo territorial com APS municipal/ERS.",True,0,0,
Rondonópolis,5107602,2396734,CENTRO DE SAUDE C SAO JOSE I,UBS / Centro de Saúde,CONJUNTO SAO JOSE I,RUA FAUSTINO F DOS SANTOS,-16.4334430937,-54.6402266622,Dados Abertos SUS - CNES Estabelecimentos,"Validar funcionamento, localização e vínculo territorial com APS municipal/ERS.",True,0,0,
Rondonópolis,5107602,2396564,CENTRO DE SAUDE COHAB,UBS / Centro de Saúde,COHAB RIO VERMELHO,TRAVESSA ELEUZA DA PENHA,-16.4792589427,-54.6201181412,Dados Abertos SUS - CNES Estabelecimentos,"Validar funcionamento, localização e vínculo territorial com APS municipal/ERS.",True,1,1,0002131897; 0002144662
Rondonópolis,5107602,2396491,CENTRO DE SAUDE N S DO AMPARO,UBS / Centro de Saúde,N SENHORA DO AMPARO,RUA DOS ESTUDANTES,-16.4641965464,-54.6107840538,Dados Abertos SUS - CNES Estabelecimentos,"Validar funcionamento, localização e vínculo territorial com APS municipal/ERS.",True,1,1,0000451371; 0002431912
Rondonópolis,5107602,2396629,CENTRO DE SAUDE SAO FRANCISCO,UBS / Centro de Saúde,VILA SAO FRANCISCO,RUA JERONIMO JACOB DAS CHAGAS,-16.4710900015,-54.6358680725,Dados Abertos SUS - CNES Estabelecimentos,"Validar funcionamento, localização e vínculo territorial com APS municipal/ERS.",True,1,1,0001626264; 0002431920
Rondonópolis,5107602,3028925,HOSP DE REF SAUDE DA FAMILIA DR ANTONIO DOS S MUNIZ,USF / Saúde da Família,JD SANTA MARTA,RUA SAO SALVADOR,-16.4540308252,-54.6441936493,Dados Abertos SUS - CNES Estabelecimentos,"Validar funcionamento, localização e vínculo territorial com APS municipal/ERS.",True,0,0,
Rondonópolis,5107602,9569839,POSTO DE SAUDE PINDORAMA,Posto de Saúde,JD PINDORAMA,AV RAMIRO DA SILVA,-16.4500590525,-54.6400308609,Dados Abertos SUS - CNES Estabelecimentos,"Validar funcionamento, localização e vínculo territorial com APS municipal/ERS.",True,1,0,0002180820
Rondonópolis,5107602,2397366,POSTO DE SAUDE VILA GOULART,Posto de Saúde,VILA GOULART,RUA SANTOS DUMONT,-16.4899582941,-54.6439576149,Dados Abertos SUS - CNES Estabelecimentos,"Validar funcionamento, localização e vínculo territorial com APS municipal/ERS.",True,1,1,0002180812; 0002269287
Rondonópolis,5107602,7062508,PRONEFRON NEFROLOGIA CLINICA E TERAPIA RENAL SUBSTITUTIVA,UBS / Centro de Saúde,JD GUANABARA,AVENIDA DOM BOSCO,-16.4711723099,-54.6357393265,Dados Abertos SUS - CNES Estabelecimentos,"Validar funcionamento, localização e vínculo territorial com APS municipal/ERS.",True,0,0,
Rondonópolis,5107602,7458592,UNIDADE BASICA DE SAUDE INDIGENA TADARIMANA,UBS / Centro de Saúde,ZONA RURAL,ALDEIA TADARIMANA,-16.471419235,-54.6354389191,Dados Abertos SUS - CNES Estabelecimentos,"Validar funcionamento, localização e vínculo territorial com APS municipal/ERS.",True,0,0,
Rosário Oeste,5107701,2397951,POSTO DE SAUDE DO MARZAGAO,Posto de Saúde,ZONA RURAL,ZONA RURAL,,,Dados Abertos SUS - CNES Estabelecimentos,"Validar funcionamento, localização e vínculo territorial com APS municipal/ERS.",False,0,0,
Rosário Oeste,5107701,2397986,UNIDADE DE SAUDE DA FAMILIA BAUXI,USF / Saúde da Família,ZONA RURAL,ZONA RURAL,-14.8359150661,-56.4282059669,Dados Abertos SUS - CNES Estabelecimentos,"Validar funcionamento, localização e vínculo territorial com APS municipal/ERS.",True,1,1,0002441519; 0002441527
Rosário Oeste,5107701,2397943,UNIDADE DE SAUDE DA FAMILIA I CENTRO,USF / Saúde da Família,CENTRO,AV MARECHAL FLORIANO PEIXOTO,-14.8313724461,-56.4295148849,Dados Abertos SUS - CNES Estabelecimentos,"Validar funcionamento, localização e vínculo territorial com APS municipal/ERS.",True,1,1,0000451746; 0002040832
Rosário Oeste,5107701,2655225,UNIDADE DE SAUDE DA FAMILIA II N SRA APARECIDA,USF / Saúde da Família,NOSSA SRA APARECIDA,RUA WC,-14.8266015553,-56.4281845093,Dados Abertos SUS - CNES Estabelecimentos,"Validar funcionamento, localização e vínculo territorial com APS municipal/ERS.",True,1,1,0000451754; 0002040859
Rosário Oeste,5107701,3339955,UNIDADE DE SAUDE DA FAMILIA III N SRA ROSARIO,USF / Saúde da Família,COHAB N SRA DO ROSAR,RUA B,-14.8415162,-56.4379544,Dados Abertos SUS - CNES Estabelecimentos,"Validar funcionamento, localização e vínculo territorial com APS municipal/ERS.",True,1,1,0000451770; 0002040883
Rosário Oeste,5107701,7847505,UNIDADE DE SAUDE DA FAMILIA RURAL IRMA ELISA,USF / Saúde da Família,CENTRO,RUA PEDRO CELESTINO,-14.8323058689,-56.4288175106,Dados Abertos SUS - CNES Estabelecimentos,"Validar funcionamento, localização e vínculo territorial com APS municipal/ERS.",True,1,1,0001592289; 0002040891
Salto do Céu,5107750,2394162,POSTO DE SAUDE DE VILA PROGRESSO,Posto de Saúde,ZONA RURAL,COMUNIDADE VILA PROGRESSO,-15.021686,-58.2549,Dados Abertos SUS - CNES Estabelecimentos,"Validar funcionamento, localização e vínculo territorial com APS municipal/ERS.",True,0,0,
Salto do Céu,5107750,7782748,POSTO DE SAUDE VILA SAO JORGE,Posto de Saúde,ZONA RURAL,COMUNIDADE VILA SAO JORGE,-15.748,-58.737,Dados Abertos SUS - CNES Estabelecimentos,"Validar funcionamento, localização e vínculo territorial com APS municipal/ERS.",True,0,0,
Salto do Céu,5107750,2394154,UNID DE SAUDE DA FAMILIA II SALTO DO CEU,USF / Saúde da Família,BELA VISTA,RUA DAS OLIVEIRAS,-15.1305367705,-58.1274470687,Dados Abertos SUS - CNES Estabelecimentos,"Validar funcionamento, localização e vínculo territorial com APS municipal/ERS.",True,1,1,0000451797; 0002009471
Salto do Céu,5107750,2615460,UNIDADE DA SAUDE DA FAMILIA I SALTO DO CEU,USF / Saúde da Família,CENTRO,RUA MATO GROSSO,-15.13004,-58.12793,Dados Abertos SUS - CNES Estabelecimentos,"Validar funcionamento, localização e vínculo territorial com APS municipal/ERS.",True,1,1,0000451800; 0001560883; 0002009455
Santa Rita do Trivelato,5107768,7209045,POSTO DE SAUDE DA PACOVAL,Posto de Saúde,RURAL,COMUNIDADE PACOVAL,-14.0100496341,-55.3644257784,Dados Abertos SUS - CNES Estabelecimentos,"Validar funcionamento, localização e vínculo territorial com APS municipal/ERS.",True,0,0,
Santa Rita do Trivelato,5107768,2654512,PROGRAMA DE SAUDE DA FAMILIA,USF / Saúde da Família,CENTRO,RUA MOROCO,-13.811659816,-55.2761650085,Dados Abertos SUS - CNES Estabelecimentos,"Validar funcionamento, localização e vínculo territorial com APS municipal/ERS.",True,1,1,0000451819; 0001892436
Santa Rita do Trivelato,5107768,9675078,PROGRAMA DE SAUDE DA FAMILIA II,USF / Saúde da Família,CENTRO,RUA MOROCO,-13.8123370253,-55.2761542797,Dados Abertos SUS - CNES Estabelecimentos,"Validar funcionamento, localização e vínculo territorial com APS municipal/ERS.",True,1,1,0001676067; 0002263262
Santa Terezinha,5107776,2311550,ESTRATEGIA DE SAUDE DA FAMILIA RURAL,USF / Saúde da Família,CENTRO,RUA 32,-10.468413,-50.512883,Dados Abertos SUS - CNES Estabelecimentos,"Validar funcionamento, localização e vínculo territorial com APS municipal/ERS.",True,2,1,0000451827; 0001470264; 0001805215; 0002549999
Santa Terezinha,5107776,2654954,ESTRATEGIA DE SAUDE DA FAMILIA URBANO,USF / Saúde da Família,CENTRO,RUA 50 QUADRA 58 LOTE 13 14 15 16,-10.477003,-50.513149,Dados Abertos SUS - CNES Estabelecimentos,"Validar funcionamento, localização e vínculo territorial com APS municipal/ERS.",True,1,1,0000451835; 0001804472; 0002367696
Santa Terezinha,5107776,7691505,POSTO DE SAUDE DA ALDEIA LAGO GRANDE,Posto de Saúde,ZONA RURAL,TERRA INDIGENA,,,Dados Abertos SUS - CNES Estabelecimentos,"Validar funcionamento, localização e vínculo territorial com APS municipal/ERS.",False,0,0,
Santa Terezinha,5107776,2311534,POSTO DE SAUDE LAGO GRANDE,Posto de Saúde,CENTRO,RUA PRINCIPAL Q04 LOTE 48,,,Dados Abertos SUS - CNES Estabelecimentos,"Validar funcionamento, localização e vínculo territorial com APS municipal/ERS.",False,0,0,
Santa Terezinha,5107776,7691432,UBSI ALDEIA HAWALORA,UBS / Centro de Saúde,ZONA RURAL,TERRA INDIGENA,-10.64102175,-50.6210191396,Dados Abertos SUS - CNES Estabelecimentos,"Validar funcionamento, localização e vínculo territorial com APS municipal/ERS.",True,0,0,
Santa Terezinha,5107776,7691076,UBSI ALDEIA ITXALA,UBS / Centro de Saúde,ZONA RURAL,ALDEIA ITXALA,-10.655056602,-50.6021064649,Dados Abertos SUS - CNES Estabelecimentos,"Validar funcionamento, localização e vínculo territorial com APS municipal/ERS.",True,0,0,
Santa Terezinha,5107776,7691459,UBSI ALDEIA MAJYTERI,UBS / Centro de Saúde,ZONA RURAL,TERRA INDIGENA,,,Dados Abertos SUS - CNES Estabelecimentos,"Validar funcionamento, localização e vínculo territorial com APS municipal/ERS.",False,0,0,
Santa Terezinha,5107776,7873921,UBSI ALDEIA SANTA LAURA,UBS / Centro de Saúde,ZONA RURAL,TERRA INDIGENA URUBU BRANCO,,,Dados Abertos SUS - CNES Estabelecimentos,"Validar funcionamento, localização e vínculo territorial com APS municipal/ERS.",False,0,0,
Santa Terezinha,5107776,7873913,UBSI ALDEIA URUBU BRANCO,UBS / Centro de Saúde,ZONA RURAL,TERRA INDIGENA URUBU BRANCO,,,Dados Abertos SUS - CNES Estabelecimentos,"Validar funcionamento, localização e vínculo territorial com APS municipal/ERS.",False,0,0,
Santo Afonso,5107263,2472236,POSTO DE SAUDE PADRE SHINAIDER SANTO AFONSO,Posto de Saúde,POVOADO BOA ESPERANC,RUA DOS TUCANOS,-14.4539686983,-57.1575307846,Dados Abertos SUS - CNES Estabelecimentos,"Validar funcionamento, localização e vínculo territorial com APS municipal/ERS.",True,0,0,
Santo Afonso,5107263,3082172,UNIDADE BASICA DE SAUDE JOAO EVANGELISTA PINHEIRO DE ABREU,UBS / Centro de Saúde,VILA ALTA,RUA JOAO ALVES DA SILVA,-14.499318347,-57.0057687163,Dados Abertos SUS - CNES Estabelecimentos,"Validar funcionamento, localização e vínculo territorial com APS municipal/ERS.",True,1,1,0000451207; 0001570250; 0001964828
Santo Antônio de Leverger,5107800,3518582,POSTO DE SAUDE BARREIRINHO,Posto de Saúde,ZONA RURAL,BARREIRINHO,-15.8643426577,-56.0767292976,Dados Abertos SUS - CNES Estabelecimentos,"Validar funcionamento, localização e vínculo territorial com APS municipal/ERS.",True,0,0,
Santo Antônio de Leverger,5107800,2391279,POSTO DE SAUDE DE ENGENHO VELHO,Posto de Saúde,ZONA RURAL,VILA ENGENHO VELHO,-15.8646935439,-56.0770940781,Dados Abertos SUS - CNES Estabelecimentos,"Validar funcionamento, localização e vínculo territorial com APS municipal/ERS.",True,0,0,
Santo Antônio de Leverger,5107800,7513704,POSTO DE SAUDE INDIGENA ALDEIA GOMES CARNEIRO,Posto de Saúde,ZONA RURAL,ALDEIA GOMES CARNEIRO,-16.594225,-55.213928,Dados Abertos SUS - CNES Estabelecimentos,"Validar funcionamento, localização e vínculo territorial com APS municipal/ERS.",True,0,0,
Santo Antônio de Leverger,5107800,7513895,POSTO DE SAUDE INDIGENA ALDEIA PIEBAGA,Posto de Saúde,ZONA RURAL,ALDEIA PIEBAGA,-16.59095,-54.99018,Dados Abertos SUS - CNES Estabelecimentos,"Validar funcionamento, localização e vínculo territorial com APS municipal/ERS.",True,0,0,
Santo Antônio de Leverger,5107800,870986,UNIDADE DE SAUDE DA FAMILIA EAP,USF / Saúde da Família,CENTRO,RUA XV DE NOVEMBRO,-15.866767,-56.071222,Dados Abertos SUS - CNES Estabelecimentos,"Validar funcionamento, localização e vínculo territorial com APS municipal/ERS.",True,0,0,
Santo Antônio do Leste,5107792,9364943,POSTO DE SAUDE ALDEIA AGUA LIMPA,Posto de Saúde,ZONA RURAL,ALDEIA AGUA LIMPA,-14.796,-53.64,Dados Abertos SUS - CNES Estabelecimentos,"Validar funcionamento, localização e vínculo territorial com APS municipal/ERS.",True,0,0,
Santo Antônio do Leste,5107792,2699265,UNIDADE DE SAUDE DA FAMILIA SANTO ANTONIO DO LESTE,USF / Saúde da Família,NOVO CAMPO,AVENIDA FORTALEZA,-14.809168,-53.6112008,Dados Abertos SUS - CNES Estabelecimentos,"Validar funcionamento, localização e vínculo territorial com APS municipal/ERS.",True,1,1,0000451843; 0001615416; 0002122006
Sapezal,5107875,9112065,UNIDADE BASICA DE SAUDE INDIGENA ALDEIA SALTO DA MULHER,UBS / Centro de Saúde,ZONA RURAL,ALDEIA SALTO DA MULHER,-12.989,-58.764,Dados Abertos SUS - CNES Estabelecimentos,"Validar funcionamento, localização e vínculo territorial com APS municipal/ERS.",True,0,0,
Sapezal,5107875,7591470,UNIDADE BASICA DE SAUDE INDIGENA ALDEIA TRES JACU,UBS / Centro de Saúde,ZONA RURAL,ALDEIA TRES JACU,-12.9890701579,-58.7640023232,Dados Abertos SUS - CNES Estabelecimentos,"Validar funcionamento, localização e vínculo territorial com APS municipal/ERS.",True,0,0,
Sapezal,5107875,9112081,UNIDADE BASICA DE SAUDE INDIGENA ALDEIA VALE DO RIO PAPAGAIO,UBS / Centro de Saúde,ZONA RURAL,ALDEIA VALE DO RIO PAPAGAIO,-12.989,-58.764,Dados Abertos SUS - CNES Estabelecimentos,"Validar funcionamento, localização e vínculo territorial com APS municipal/ERS.",True,0,0,
Sapezal,5107875,6152589,UNIDADE BASICA DE SAUDE INDIGENA CAITITU,UBS / Centro de Saúde,ZONA RURAL,ALDEIA CAITITU,-12.9891903825,-58.7641525269,Dados Abertos SUS - CNES Estabelecimentos,"Validar funcionamento, localização e vínculo territorial com APS municipal/ERS.",True,0,0,
Sapezal,5107875,7995458,UNIDADE V DE SAUDE DA FAMILIA MARLENA WEBLER,USF / Saúde da Família,JARDIM SAPEZAL,AVENIDA DO PINTADO,-13.554386374,-58.8269533909,Dados Abertos SUS - CNES Estabelecimentos,"Validar funcionamento, localização e vínculo territorial com APS municipal/ERS.",True,1,1,0001605275; 0001926136
Serra Nova Dourada,5107883,2311593,CENTRO DE SAUDE SERRA NOVA DOURADA UNIDADE SAUDE DA FAMILIA,USF / Saúde da Família,CENTRO,RUA ACAI,-12.0896185742,-51.3967037201,Dados Abertos SUS - CNES Estabelecimentos,"Validar funcionamento, localização e vínculo territorial com APS municipal/ERS.",True,1,1,0000452017; 0001509098; 0001889303
Sinop,5107909,6075606,CENTRO DE SAUDE JARDIM IMPERIAL,UBS / Centro de Saúde,JARDIM IMPERIAL,AVENIDA DOS INGAS,,,Dados Abertos SUS - CNES Estabelecimentos,"Validar funcionamento, localização e vínculo territorial com APS municipal/ERS.",False,0,0,
Sinop,5107909,2534134,UNIDADE BASICA DE SAUDE BOA ESPERANCA,UBS / Centro de Saúde,BOA ESPERANCA,RUA PADRE ANTONIO HAIDLER,-11.8331045738,-55.5220216513,Dados Abertos SUS - CNES Estabelecimentos,"Validar funcionamento, localização e vínculo territorial com APS municipal/ERS.",True,2,2,0000452122; 0000452130; 0001488511; 0001761625; 0001761811
Sinop,5107909,6508030,UNIDADE BASICA DE SAUDE CAMPING CLUB,UBS / Centro de Saúde,CAMPING CLUB,RUA PROJETADA 1,-11.7023747658,-55.447268486,Dados Abertos SUS - CNES Estabelecimentos,"Validar funcionamento, localização e vínculo territorial com APS municipal/ERS.",True,0,0,0002311658
Sinop,5107909,2534177,UNIDADE BASICA DE SAUDE EDUARDO GABRIEL CRIVELARO,UBS / Centro de Saúde,RESID NOSSA SRA APAR,BEIJA FLOR,-11.856982437,-55.5264526606,Dados Abertos SUS - CNES Estabelecimentos,"Validar funcionamento, localização e vínculo territorial com APS municipal/ERS.",True,2,1,0000452149; 0001763156; 0002339862
Sinop,5107909,7112432,UNIDADE BASICA DE SAUDE ENDIRA PICHLER TESTOLIN,UBS / Centro de Saúde,PARQUE DAS ARARAS,AVENIDA PERIMETRAL NORTE,-11.8261056755,-55.4925441742,Dados Abertos SUS - CNES Estabelecimentos,"Validar funcionamento, localização e vínculo territorial com APS municipal/ERS.",True,1,1,0001487361; 0001740946
Sinop,5107909,2534053,UNIDADE BASICA DE SAUDE EUCLIDES LAZARO UCEDA,UBS / Centro de Saúde,JARDIM BOTANICO,AVENIDA DAS ACACIAS,-11.8683273652,-55.5091738701,Dados Abertos SUS - CNES Estabelecimentos,"Validar funcionamento, localização e vínculo territorial com APS municipal/ERS.",True,2,2,0000452092; 0000452106; 0001759434; 0001759620
Sinop,5107909,6355978,UNIDADE BASICA DE SAUDE FATIMA APARECIDA COSTA FRANCA,UBS / Centro de Saúde,JD IBIRAPUERA,RUA JOAQUIM SOCREPA,-11.8854016159,-55.5166599154,Dados Abertos SUS - CNES Estabelecimentos,"Validar funcionamento, localização e vínculo territorial com APS municipal/ERS.",True,2,2,0001636022; 0001650335; 0001774573; 0002453703; 0002461358
Sinop,5107909,6478026,UNIDADE BASICA DE SAUDE GLEBA MERCEDES NUCLEO CAMPOS NOVOS,UBS / Centro de Saúde,GLEBA MERCEDES,ESTRADA SILVANA,-11.3903348487,-55.6352698803,Dados Abertos SUS - CNES Estabelecimentos,"Validar funcionamento, localização e vínculo territorial com APS municipal/ERS.",True,0,1,0002337185; 0002337363
Sinop,5107909,9021795,UNIDADE BASICA DE SAUDE JACARANDAS,UBS / Centro de Saúde,JD JACARANDAS,RUA DAS PITOMBEIRAS,-11.8757608984,-55.5048447847,Dados Abertos SUS - CNES Estabelecimentos,"Validar funcionamento, localização e vínculo territorial com APS municipal/ERS.",True,2,1,0001636030; 0001679600; 0002551837
Sinop,5107909,6508049,UNIDADE BASICA DE SAUDE JARDIM AMERICA,UBS / Centro de Saúde,JARDIM AMERICA,RUA FORMOSA,-11.94264306,-55.5148386955,Dados Abertos SUS - CNES Estabelecimentos,"Validar funcionamento, localização e vínculo territorial com APS municipal/ERS.",True,0,0,0002311682
Sinop,5107909,7112424,UNIDADE BASICA DE SAUDE JOACIR RODRIGUES,UBS / Centro de Saúde,JARDIM VITORIA REGIA,RUA DOS MOGNOS,-11.8399457844,-55.5252027512,Dados Abertos SUS - CNES Estabelecimentos,"Validar funcionamento, localização e vínculo territorial com APS municipal/ERS.",True,2,1,0001487388; 0001487396; 0001757768
Sinop,5107909,9021787,UNIDADE BASICA DE SAUDE JOSE MARCHEZI JUNIOR,UBS / Centro de Saúde,JD PARAISO,AVENIDA DOS INGAS,-11.8693983105,-55.5213296413,Dados Abertos SUS - CNES Estabelecimentos,"Validar funcionamento, localização e vínculo territorial com APS municipal/ERS.",True,1,0,0001636340
Sinop,5107909,9021779,UNIDADE BASICA DE SAUDE JOSE RAMOS PEREIRA ZEQUINHA,UBS / Centro de Saúde,JD MARIA VINDILINA I,RUA TELES PIRES,-11.8195003995,-55.5129343271,Dados Abertos SUS - CNES Estabelecimentos,"Validar funcionamento, localização e vínculo territorial com APS municipal/ERS.",True,2,2,0001636332; 0001650289; 0001775472; 0002548739
Sinop,5107909,2398834,UNIDADE BASICA DE SAUDE JURANIL MARQUES DOS SANTOS,UBS / Centro de Saúde,JARDIM PRIMAVERAS,RUA DAS SALVIAS,-11.8358295278,-55.4974257946,Dados Abertos SUS - CNES Estabelecimentos,"Validar funcionamento, localização e vínculo territorial com APS municipal/ERS.",True,2,2,0000452025; 0000452033; 0001756125; 0002080486
Sinop,5107909,2534061,UNIDADE BASICA DE SAUDE MANOEL LORENTINO DOS SANTOS,UBS / Centro de Saúde,ALTO DA GLORIA,RUA PASSO FUNDO,-11.9889291635,-55.5195808411,Dados Abertos SUS - CNES Estabelecimentos,"Validar funcionamento, localização e vínculo territorial com APS municipal/ERS.",True,2,2,0000452114; 0001760661; 0002336065; 0002339870
Sinop,5107909,7334494,UNIDADE BASICA DE SAUDE MARIA VINDILINA,UBS / Centro de Saúde,MARIA VINDIINA III,AVENIDA PANTANAL,-11.8183715009,-55.5172124505,Dados Abertos SUS - CNES Estabelecimentos,"Validar funcionamento, localização e vínculo territorial com APS municipal/ERS.",True,1,1,0001514504; 0001763237
Sinop,5107909,2398842,UNIDADE BASICA DE SAUDE MARILENE FREITAS CERVANTES,UBS / Centro de Saúde,JARIDM DAS VIOLETAS,RUA DAS CANELAS,-11.8343462951,-55.5146107078,Dados Abertos SUS - CNES Estabelecimentos,"Validar funcionamento, localização e vínculo territorial com APS municipal/ERS.",True,2,1,0000452041; 0000452068; 0001756818
Sinop,5107909,2795876,UNIDADE BASICA DE SAUDE MENINO JESUS,UBS / Centro de Saúde,SAO CRISTOVAO,RUA COLONIZADORA ENIO PEPINO,-11.8973148977,-55.5050110817,Dados Abertos SUS - CNES Estabelecimentos,"Validar funcionamento, localização e vínculo territorial com APS municipal/ERS.",True,2,2,0000452173; 0000452181; 0002565722; 0002565730
Sinop,5107909,3491005,UNIDADE BASICA DE SAUDE OLIVEIRAS,UBS / Centro de Saúde,JARDIM DAS OLIVEIRAS,RUA DAS OLIVEIRAS,-11.82595866,-55.5060946941,Dados Abertos SUS - CNES Estabelecimentos,"Validar funcionamento, localização e vínculo territorial com APS municipal/ERS.",True,2,1,0001581074; 0001649183; 0001774336
Sinop,5107909,2534185,UNIDADE BASICA DE SAUDE PALMEIRAS,UBS / Centro de Saúde,JARDIM DAS PALMEIRAS,RUA DOS MANJOLEIROS,-11.8405416914,-55.5102387071,Dados Abertos SUS - CNES Estabelecimentos,"Validar funcionamento, localização e vínculo territorial com APS municipal/ERS.",True,2,1,0000452157; 0000452165; 0002551845
Sinop,5107909,2534037,UNIDADE BASICA DE SAUDE RUY FERNANDO BARBOSA,UBS / Centro de Saúde,CIDADE JARDIM I,RUA MARIO DE ANDRADE,-11.859917149,-55.4803937674,Dados Abertos SUS - CNES Estabelecimentos,"Validar funcionamento, localização e vínculo territorial com APS municipal/ERS.",True,1,1,0000452084; 0001763105
Sinop,5107909,9021809,UNIDADE BASICA DE SAUDE SABRINA,UBS / Centro de Saúde,RES SABRINA,ESTRADA SABRINA,-11.921334098,-55.5003976822,Dados Abertos SUS - CNES Estabelecimentos,"Validar funcionamento, localização e vínculo territorial com APS municipal/ERS.",True,2,2,0001636359; 0001679074; 0001776614; 0001777750
Sinop,5107909,2534029,UNIDADE BASICA DE SAUDE SAO CRISTOVAO,UBS / Centro de Saúde,SAO CRISTOVAO,ESTRADA JACINTA,-11.894501321,-55.5058693886,Dados Abertos SUS - CNES Estabelecimentos,"Validar funcionamento, localização e vínculo territorial com APS municipal/ERS.",True,1,1,0000452076; 0001739697
Sinop,5107909,6085458,UNIDADE BASICA DE SAUDE SAO FRANCISCO,UBS / Centro de Saúde,RESIDENCIAL SAO FRAN,AV SAO FRANCISCO,-11.8879711914,-55.4785108566,Dados Abertos SUS - CNES Estabelecimentos,"Validar funcionamento, localização e vínculo territorial com APS municipal/ERS.",True,2,2,0001969447; 0002265648; 0002311089; 0002312824
Sinop,5107909,7536380,UNIDADE BASICA DE SAUDE SEBASTIAO DE MATOS,UBS / Centro de Saúde,VILA JULIANA,ESTRADA SABRINA,-11.9256275162,-55.5015188456,Dados Abertos SUS - CNES Estabelecimentos,"Validar funcionamento, localização e vínculo territorial com APS municipal/ERS.",True,2,2,0001551132; 0001551140; 0001763385; 0001763490
Sinop,5107909,2398826,UNIDADE DE SAUDE DA FAMILIA PARQUE DAS ARARAS,USF / Saúde da Família,PARQUE DAS ARRARAS,RUA DAS PRIMAVERAS,,,Dados Abertos SUS - CNES Estabelecimentos,"Validar funcionamento, localização e vínculo territorial com APS municipal/ERS.",False,0,0,
Sorriso,5107925,3845338,NUTRICAO SUBSTANCIAL,UBS / Centro de Saúde,CENTRO NORTE,AVENIDA BRASIL,-12.533220089,-55.7343184948,Dados Abertos SUS - CNES Estabelecimentos,"Validar funcionamento, localização e vínculo territorial com APS municipal/ERS.",True,0,0,
Sorriso,5107925,2533782,POSTO DE SAUDE DISTRITO DE CARAVAGIO,Posto de Saúde,DISTRITO DE CARAVAGI,MT 242,-12.9786313032,-55.7738113403,Dados Abertos SUS - CNES Estabelecimentos,"Validar funcionamento, localização e vínculo territorial com APS municipal/ERS.",True,0,1,0002169959; 0002194953
Sorriso,5107925,2533863,POSTO DE SAUDE UNIAO,Posto de Saúde,UNIAO,RUA CARLOS FIORAVANTE DALLAGNOL,-12.5212725416,-55.7571870089,Dados Abertos SUS - CNES Estabelecimentos,"Validar funcionamento, localização e vínculo territorial com APS municipal/ERS.",True,0,1,0002131196; 0002194945
Sorriso,5107925,6998119,UNIDADE BASICA DE SAUDE,UBS / Centro de Saúde,CENTRO NORTE,AVENIDA BRASIL,-12.5401689447,-55.7240697742,Dados Abertos SUS - CNES Estabelecimentos,"Validar funcionamento, localização e vínculo territorial com APS municipal/ERS.",True,0,1,0002169967; 0002198835
Sorriso,5107925,2795825,UNIDADE DE SAUDE DA FAMILIA ANA NERI USF VI,USF / Saúde da Família,INDUSTRIAL,RUA ALENCAR BORTOLANZA,-12.564768586,-55.7125282288,Dados Abertos SUS - CNES Estabelecimentos,"Validar funcionamento, localização e vínculo territorial com APS municipal/ERS.",True,1,1,0000452297; 0001795007
Sorriso,5107925,2795833,UNIDADE DE SAUDE DA FAMILIA BELA VISTA USF IV,USF / Saúde da Família,JARDIM PRIMAVERA,AVENIDA PERIMETRAL NOROESTE,-12.542250423,-55.7409837842,Dados Abertos SUS - CNES Estabelecimentos,"Validar funcionamento, localização e vínculo territorial com APS municipal/ERS.",True,1,1,0000452300; 0001795171
Sorriso,5107925,3232638,UNIDADE DE SAUDE DA FAMILIA BENJAMIN RAISER USF IX,USF / Saúde da Família,BENJAMIN RAISER,RUA BENE,-12.5432741377,-55.7125067711,Dados Abertos SUS - CNES Estabelecimentos,"Validar funcionamento, localização e vínculo territorial com APS municipal/ERS.",True,1,1,0000452343; 0001795295
Sorriso,5107925,3560864,UNIDADE DE SAUDE DA FAMILIA CENTRO NORTE USF XIV,USF / Saúde da Família,CENTRO NORTE,AVENIDA BRASIL,-12.5401218167,-55.7241207361,Dados Abertos SUS - CNES Estabelecimentos,"Validar funcionamento, localização e vínculo territorial com APS municipal/ERS.",True,1,1,0000452394; 0001795546
Sorriso,5107925,3513890,UNIDADE DE SAUDE DA FAMILIA CENTRO SUL USF XIII,USF / Saúde da Família,CENTRO SUL,AVENIDA PERIMETRAL SUDOESTE,-12.5496519713,-55.7213526964,Dados Abertos SUS - CNES Estabelecimentos,"Validar funcionamento, localização e vínculo territorial com APS municipal/ERS.",True,1,1,0000452386; 0001795643
Sorriso,5107925,6556507,UNIDADE DE SAUDE DA FAMILIA FRATERNIDADE USF XVI,USF / Saúde da Família,INDUSTRIAL II,RUA AURELIANO PEREIRA DA SILVA,-12.5511861885,-55.7033228874,Dados Abertos SUS - CNES Estabelecimentos,"Validar funcionamento, localização e vínculo territorial com APS municipal/ERS.",True,1,1,0000452416; 0001795732
Sorriso,5107925,5513057,UNIDADE DE SAUDE DA FAMILIA JAIME VERISSIMO CAMPOS,USF / Saúde da Família,MORADA DO BOSQUE,AVENIDA JAIME BARICHELLO,-12.5537319896,-55.6987753895,Dados Abertos SUS - CNES Estabelecimentos,"Validar funcionamento, localização e vínculo territorial com APS municipal/ERS.",True,1,1,0002520206; 0002520214
Sorriso,5107925,2795868,UNIDADE DE SAUDE DA FAMILIA JARDIM AMAZONIA USF VII,USF / Saúde da Família,JARDIM AMAZONIA,RUA IZOLINA U PACHE,-12.5607054614,-55.7337284088,Dados Abertos SUS - CNES Estabelecimentos,"Validar funcionamento, localização e vínculo territorial com APS municipal/ERS.",True,1,1,0000452319; 0001795880
Sorriso,5107925,2533790,UNIDADE DE SAUDE DA FAMILIA JARDIM CAROLINA USF X,USF / Saúde da Família,JARDIM CAROLINA,RUA LONDRINA,-12.5472328116,-55.754327774,Dados Abertos SUS - CNES Estabelecimentos,"Validar funcionamento, localização e vínculo territorial com APS municipal/ERS.",True,1,1,0000452238; 0001795899
Sorriso,5107925,6856888,UNIDADE DE SAUDE DA FAMILIA JARDIM ITALIA USF XVIII,USF / Saúde da Família,JARDIM ITALIA,AVENIDA DOS IPES,-12.5568857514,-55.730625093,Dados Abertos SUS - CNES Estabelecimentos,"Validar funcionamento, localização e vínculo territorial com APS municipal/ERS.",True,1,1,0000452459; 0001795953
Sorriso,5107925,2533847,UNIDADE DE SAUDE DA FAMILIA JARDIM PRIMAVERA USF III,USF / Saúde da Família,JARDIM PRIMAVERA,AVENIDA PERIMETRAL NOROESTE,-12.542184968,-55.7409971952,Dados Abertos SUS - CNES Estabelecimentos,"Validar funcionamento, localização e vínculo territorial com APS municipal/ERS.",True,1,1,0000452262; 0001796003
Sorriso,5107925,7764561,UNIDADE DE SAUDE DA FAMILIA JONAS PINHEIRO USF XXI,USF / Saúde da Família,ASSENTAMENTO JONAS P,ESTRADA PACHECO,-12.4884119707,-55.6860494614,Dados Abertos SUS - CNES Estabelecimentos,"Validar funcionamento, localização e vínculo territorial com APS municipal/ERS.",True,1,1,0001627902; 0001796119
Sorriso,5107925,3503003,UNIDADE DE SAUDE DA FAMILIA JOSE ALVES DE OLIVEIRA USF XII,USF / Saúde da Família,BOM JESUS,TRAVESSA ESTRELA,-12.5385194594,-55.7164120674,Dados Abertos SUS - CNES Estabelecimentos,"Validar funcionamento, localização e vínculo territorial com APS municipal/ERS.",True,1,1,0000452378; 0001796208
Sorriso,5107925,3445321,UNIDADE DE SAUDE DA FAMILIA JOSE VILTO GONCALVES USF XI,USF / Saúde da Família,JARDIM EUROPA,RUA CANDIDO RONDON,-12.5502279584,-55.7317757607,Dados Abertos SUS - CNES Estabelecimentos,"Validar funcionamento, localização e vínculo territorial com APS municipal/ERS.",True,1,1,0000452351; 0001796305
Sorriso,5107925,3497267,UNIDADE DE SAUDE DA FAMILIA JUCELI PEREIRA DA COSTA USF XXVI,USF / Saúde da Família,ROTA DO SOL,RUA ROSA DOS VENTOS,-12.5782084,-55.7447245,Dados Abertos SUS - CNES Estabelecimentos,"Validar funcionamento, localização e vínculo territorial com APS municipal/ERS.",True,1,1,0002283344; 0002285169
Sorriso,5107925,6566944,UNIDADE DE SAUDE DA FAMILIA NOVA ALIANCA USF XVII,USF / Saúde da Família,NOVA ALIANCA,RUA D,-12.5693761755,-55.7096743584,Dados Abertos SUS - CNES Estabelecimentos,"Validar funcionamento, localização e vínculo territorial com APS municipal/ERS.",True,1,1,0000452432; 0001796348
Sorriso,5107925,7078013,UNIDADE DE SAUDE DA FAMILIA ROTA DO SOL USF XX,USF / Saúde da Família,ROTA DO SOL,RUA CAMINHO DO SOL,-12.5760675049,-55.7467907667,Dados Abertos SUS - CNES Estabelecimentos,"Validar funcionamento, localização e vínculo territorial com APS municipal/ERS.",True,1,1,0000452467; 0001796380
Sorriso,5107925,2767600,UNIDADE DE SAUDE DA FAMILIA RURAL USF XV,USF / Saúde da Família,DISTRITO PRIMAVERA D,AVENIDA MATO GROSSO,-12.8588642283,-55.8342844248,Dados Abertos SUS - CNES Estabelecimentos,"Validar funcionamento, localização e vínculo territorial com APS municipal/ERS.",True,1,1,0000452289; 0001796526
Sorriso,5107925,2533774,UNIDADE DE SAUDE DA FAMILIA SAO DOMINGOS USF I,USF / Saúde da Família,SAO DOMINGOS,RUA SAO FRANCISCO DE ASSIS,-12.5532859044,-55.7037681341,Dados Abertos SUS - CNES Estabelecimentos,"Validar funcionamento, localização e vínculo territorial com APS municipal/ERS.",True,1,1,0000452211; 0001796615
Sorriso,5107925,6651348,UNIDADE DE SAUDE DA FAMILIA SAO JOSE USF XIX,USF / Saúde da Família,SAO JOSE,RUA SAO NICOLAU,-12.5512437869,-55.7505083084,Dados Abertos SUS - CNES Estabelecimentos,"Validar funcionamento, localização e vínculo territorial com APS municipal/ERS.",True,1,1,0000452440; 0001796682
Sorriso,5107925,3058328,UNIDADE DE SAUDE DA FAMILIA SAO MATEUS USF VIII,USF / Saúde da Família,SAO MATEUS,RUA PANAMBI,-12.5565611128,-55.7067856193,Dados Abertos SUS - CNES Estabelecimentos,"Validar funcionamento, localização e vínculo territorial com APS municipal/ERS.",True,1,1,0000452335; 0001797344
Sorriso,5107925,2533839,UNIDADE DE SAUDE DA FAMILIA VILA BELA USF II,USF / Saúde da Família,SAO DOMINGOS,RUA SAO FRANCISCO DE ASSIS,-12.5612133555,-55.7087570429,Dados Abertos SUS - CNES Estabelecimentos,"Validar funcionamento, localização e vínculo territorial com APS municipal/ERS.",True,1,1,0000452254; 0001795775
Sorriso,5107925,2795892,UNIDADE MISTA DE SAUDE BOA ESPERANCA USF V,USF / Saúde da Família,DIST BOA ESPERANCA,AVENIDA DAS BROMELIAS,-13.5082977701,-55.1519143581,Dados Abertos SUS - CNES Estabelecimentos,"Validar funcionamento, localização e vínculo territorial com APS municipal/ERS.",True,0,0,
Sorriso,5107925,4673344,USF AIRES SOBRINHO BRITO,USF / Saúde da Família,JARDIM AURORA,AVENIDA PERIMETRAL NOROESTE,-12.5382681083,-55.7387495041,Dados Abertos SUS - CNES Estabelecimentos,"Validar funcionamento, localização e vínculo territorial com APS municipal/ERS.",True,1,1,0002458934; 0002458942
Sorriso,5107925,7959346,USF XXII FABIO HIGOR MARQUES TIMOTEO,USF / Saúde da Família,NOVOS CAMPOS,RUA PASSO FUNDO,-12.5579565326,-55.7095992565,Dados Abertos SUS - CNES Estabelecimentos,"Validar funcionamento, localização e vínculo territorial com APS municipal/ERS.",True,1,1,0001623702; 0001797603
Sorriso,5107925,7959354,USF XXIII MARIA ALVES DE OLIVEIRA DANTA,USF / Saúde da Família,NOVOS CAMPOS,RUA PASSO FUNDO,-12.5578622831,-55.7096099854,Dados Abertos SUS - CNES Estabelecimentos,"Validar funcionamento, localização e vínculo territorial com APS municipal/ERS.",True,1,1,0001621629; 0001797697
Sorriso,5107925,9614745,USF XXIV VEREADOR JOAO CARLOS ZIMMERMANN,USF / Saúde da Família,MARIO RAITER,RUA GRAMADO,-12.5875910524,-55.7074427605,Dados Abertos SUS - CNES Estabelecimentos,"Validar funcionamento, localização e vínculo territorial com APS municipal/ERS.",True,1,1,0001683349; 0001797786
Sorriso,5107925,9674357,USF XXV ANEZIA BIAZIN SICHIERI,USF / Saúde da Família,PINHEIROS III,RUA GRACILIANO RAMOS,-12.5375438,-55.764714,Dados Abertos SUS - CNES Estabelecimentos,"Validar funcionamento, localização e vínculo territorial com APS municipal/ERS.",True,1,1,0001677268; 0001797875
São Félix do Araguaia,5107859,532681,LABORATORIO CENTRO DE SAUDE PUBLICA SAO FELIX DO ARAGUAIA,UBS / Centro de Saúde,CENTRO,RUA,-11.6178424738,-50.6649971008,Dados Abertos SUS - CNES Estabelecimentos,"Validar funcionamento, localização e vínculo territorial com APS municipal/ERS.",True,0,0,
São Félix do Araguaia,5107859,2392550,POSTO DE SAUDE DE PONTINOPOLIS,Posto de Saúde,PONTINOPOLIS,R PRINCIPAL,-11.490942,-50.320438,Dados Abertos SUS - CNES Estabelecimentos,"Validar funcionamento, localização e vínculo territorial com APS municipal/ERS.",True,0,0,
São Félix do Araguaia,5107859,7714947,POSTO DE SAUDE INDIGENA ALDEIA CAPIVARA,Posto de Saúde,ZONA RURAL,ALDEIA CAPIVARA PARQUE INDIGENA DO XINGU,-11.099229,-50.52409163,Dados Abertos SUS - CNES Estabelecimentos,"Validar funcionamento, localização e vínculo territorial com APS municipal/ERS.",True,0,0,
São Félix do Araguaia,5107859,2937824,POSTO DE SAUDE PA DOM PEDRO,Posto de Saúde,AGROVILA TREVO DO MA,ASSENTAMENTO PA DOM PEDRO,-11.490942,-50.320438,Dados Abertos SUS - CNES Estabelecimentos,"Validar funcionamento, localização e vínculo territorial com APS municipal/ERS.",True,0,0,
São Félix do Araguaia,5107859,2392542,POSTO DE SAUDE VILA SAO SEBASTIAO,Posto de Saúde,VILA SAO SEBASTIAO,BR 242,-11.589334,-50.92965,Dados Abertos SUS - CNES Estabelecimentos,"Validar funcionamento, localização e vínculo territorial com APS municipal/ERS.",True,0,0,
São Félix do Araguaia,5107859,7714920,UNIDADE BASICA DE SAUDE INDIGENA POLO DIAUARUM,UBS / Centro de Saúde,ZONA RURAL,POLO DIAUARUM,-11.099229,-50.409163,Dados Abertos SUS - CNES Estabelecimentos,"Validar funcionamento, localização e vínculo territorial com APS municipal/ERS.",True,0,0,
São Félix do Araguaia,5107859,2654849,UNIDADE DE SAUDE DA FAMILIA II SFA,USF / Saúde da Família,CENTRO,RUA 08,-11.614709,-50.661392,Dados Abertos SUS - CNES Estabelecimentos,"Validar funcionamento, localização e vínculo territorial com APS municipal/ERS.",True,1,1,0000451959; 0002000024
São Félix do Araguaia,5107859,2569523,UNIDADE DE SAUDE DA FAMILIA III RURAL SFA,USF / Saúde da Família,VILA SANTO ANTONIO,AVENIDA DOM PEDRO CASALDALIGA,-11.622025,-50.684594,Dados Abertos SUS - CNES Estabelecimentos,"Validar funcionamento, localização e vínculo territorial com APS municipal/ERS.",True,1,1,0000451932; 0002000040
São Félix do Araguaia,5107859,2654857,UNIDADE SAUDE DA FAMILIA I SFA,USF / Saúde da Família,VILA SANTO ANTONIO,RUA 08,-11.627614,-50.69445,Dados Abertos SUS - CNES Estabelecimentos,"Validar funcionamento, localização e vínculo territorial com APS municipal/ERS.",True,1,1,0000451967; 0001999958; 0002254743
São José do Povo,5107297,2397145,CENTRO DE SAUDE DE SAO JOSE DO POVO,UBS / Centro de Saúde,CENTRO,RUA CASTELO BRANCO,-16.4645669473,-54.2504239082,Dados Abertos SUS - CNES Estabelecimentos,"Validar funcionamento, localização e vínculo territorial com APS municipal/ERS.",True,0,0,
São José do Povo,5107297,2397129,UBS MOACIR FERNANDES DE MORAIS,UBS / Centro de Saúde,CENTRO,RUA CIRILO JOSE DA SILVA,-16.4690524,-54.2557455,Dados Abertos SUS - CNES Estabelecimentos,"Validar funcionamento, localização e vínculo territorial com APS municipal/ERS.",True,2,1,0000451215; 0001674099; 0001679147; 0001997491
São José do Rio Claro,5107305,3964248,PROGRAMA DE SAUDE DA FAMILIA RURAL,USF / Saúde da Família,JARDIM PLANALTO,AVENIDA ARGENTINA,-13.4554067142,-56.7280769348,Dados Abertos SUS - CNES Estabelecimentos,"Validar funcionamento, localização e vínculo territorial com APS municipal/ERS.",True,1,1,0000451266; 0001741578
São José do Rio Claro,5107305,2767376,UNIDADE DE SAUDE DA FAMILIA I,USF / Saúde da Família,PROGRESSO,RUA CLOVONI DE LUCENA DOCKHORN,-13.4489999415,-56.730029583,Dados Abertos SUS - CNES Estabelecimentos,"Validar funcionamento, localização e vínculo territorial com APS municipal/ERS.",True,1,1,0000451258; 0001738836
São José do Rio Claro,5107305,2655233,UNIDADE DE SAUDE DA FAMILIA II,USF / Saúde da Família,JARDIM PLANALTO,RUA GUILHERME JOAO SEELENT,-13.4578066012,-56.7238926888,Dados Abertos SUS - CNES Estabelecimentos,"Validar funcionamento, localização e vínculo territorial com APS municipal/ERS.",True,1,1,0000451223; 0001741519
São José do Rio Claro,5107305,2655314,UNIDADE DE SAUDE DA FAMILIA III,USF / Saúde da Família,JARDIM RIO CLARO,RUA ANISIO CASTILHO FONSECA,-13.4519737906,-56.7084431648,Dados Abertos SUS - CNES Estabelecimentos,"Validar funcionamento, localização e vínculo territorial com APS municipal/ERS.",True,1,1,0000451231; 0001741535
São José do Rio Claro,5107305,5632285,UNIDADE DE SAUDE DA FAMILIA IV OLIVEIROS VIEIRA LEITE JR,USF / Saúde da Família,CENTRO,RUA PARANA,-13.4473004,-56.7267855,Dados Abertos SUS - CNES Estabelecimentos,"Validar funcionamento, localização e vínculo territorial com APS municipal/ERS.",True,1,1,0000451274; 0001741543
São José do Rio Claro,5107305,7116128,UNIDADE DE SAUDE DA FAMILIA V,USF / Saúde da Família,RESIDENCIAL ARCO IRI,RUA JOAO QUINTINO,-13.4626572,-56.7202891,Dados Abertos SUS - CNES Estabelecimentos,"Validar funcionamento, localização e vínculo territorial com APS municipal/ERS.",True,1,1,0000451282; 0001741551
São José do Xingu,5107354,2311666,CENT SAUDE LUZIA SOARES GUIMARAES UNID SAUDE DA FAMILIA I,USF / Saúde da Família,CENTRO,AV HUMBERTO NUNES DE REZENDE,-10.803126,-52.739006,Dados Abertos SUS - CNES Estabelecimentos,"Validar funcionamento, localização e vínculo territorial com APS municipal/ERS.",True,1,1,0000451304; 0001644629; 0002058820
São José do Xingu,5107354,2311526,UNIDADE DE SAUDE DA FAMILIA II RURAL SJX,USF / Saúde da Família,SANTO ANTONIO,VILA SANTO ANTONIO DO FONTOURA,-10.806876446,-52.7437198162,Dados Abertos SUS - CNES Estabelecimentos,"Validar funcionamento, localização e vínculo territorial com APS municipal/ERS.",True,1,0,0000451290
São José dos Quatro Marcos,5107107,2394197,CENTRO DE SAUDE DE SAO JOSE DOS IV MARCOS,UBS / Centro de Saúde,CENTRO,RUA SETE DE SETEMBRO,-15.62407,-58.182242,Dados Abertos SUS - CNES Estabelecimentos,"Validar funcionamento, localização e vínculo territorial com APS municipal/ERS.",True,0,0,0002475103
São José dos Quatro Marcos,5107107,2394251,POSTO DE SAUDE APARECIDA BELA,Posto de Saúde,ZONA RURAL,COMUNIDADE APARECIDA BELA,,,Dados Abertos SUS - CNES Estabelecimentos,"Validar funcionamento, localização e vínculo territorial com APS municipal/ERS.",False,0,0,
São José dos Quatro Marcos,5107107,2394235,POSTO DE SAUDE SANTA FE,Posto de Saúde,COMUNIDADE SANTA FE,RUA PRINCIPAL,,,Dados Abertos SUS - CNES Estabelecimentos,"Validar funcionamento, localização e vínculo territorial com APS municipal/ERS.",False,0,0,
São José dos Quatro Marcos,5107107,2394278,POSTO DE SAUDE SANTA ROSA IV MARCOS,Posto de Saúde,ZONA RURAL,COMUNIDADE SANTA ROSA,,,Dados Abertos SUS - CNES Estabelecimentos,"Validar funcionamento, localização e vínculo territorial com APS municipal/ERS.",False,0,0,
São José dos Quatro Marcos,5107107,2394219,UNIDADE DE SAUDE DA FAMILIA ZEFERINO I,USF / Saúde da Família,JARDIM ZEFERINO I,RUA FORTALEZA,-15.6169199284,-58.1656336784,Dados Abertos SUS - CNES Estabelecimentos,"Validar funcionamento, localização e vínculo territorial com APS municipal/ERS.",True,1,1,0000451088; 0002427559
São José dos Quatro Marcos,5107107,2394243,UNIDADE DE SAUDE DA FAMILIA ZEFERINO II,USF / Saúde da Família,CENTRO,AVENIDA SERGIPE,-15.627655,-58.177443,Dados Abertos SUS - CNES Estabelecimentos,"Validar funcionamento, localização e vínculo territorial com APS municipal/ERS.",True,1,0,0000451096
São Pedro da Cipa,5107404,2699710,POSTO DE SAUDE DA GLEBA POMBAL II,Posto de Saúde,ZONA RURAL,ZONA RURAL,-16.009196,-54.891125,Dados Abertos SUS - CNES Estabelecimentos,"Validar funcionamento, localização e vínculo territorial com APS municipal/ERS.",True,0,0,
São Pedro da Cipa,5107404,2396874,UNIDADE DE SAUDE DA FAMILIA DAMIAO JOSE FERBONIO,USF / Saúde da Família,CENTRO,AVENIDA PRESIDENTE VARGAS,-16.0003521,-54.920465,Dados Abertos SUS - CNES Estabelecimentos,"Validar funcionamento, localização e vínculo territorial com APS municipal/ERS.",True,1,1,0000451312; 0001489615; 0001893491
São Pedro da Cipa,5107404,7619448,UNIDADE DE SAUDE DA FAMILIA WILMA ALVES PIMENTA FIGUEIREDO,USF / Saúde da Família,VILA ERICA,RUA IRMA VALDINA TAMBOSI,-16.006369,-54.919747,Dados Abertos SUS - CNES Estabelecimentos,"Validar funcionamento, localização e vínculo territorial com APS municipal/ERS.",True,1,1,0001557181; 0001893459
Tabaporã,5107941,3997529,CENTRO DE SAUDE UNIDADE DE SAUDE DA FAMILIA II,USF / Saúde da Família,AMERICANA DO NORTE,RUA ARCENIO HAMMES,-11.640423,-56.140291,Dados Abertos SUS - CNES Estabelecimentos,"Validar funcionamento, localização e vínculo territorial com APS municipal/ERS.",True,1,0,0001681001
Tabaporã,5107941,6383777,NUCLEO DE APOIO A SAUDE DA FAMILIA NASF,USF / Saúde da Família,CENTRO,AVENIDA DR CARLOS VIDOTO,-10.807,-56.62,Dados Abertos SUS - CNES Estabelecimentos,"Validar funcionamento, localização e vínculo territorial com APS municipal/ERS.",True,0,0,
Tabaporã,5107941,9063501,POSTO DE SAUDE DE AMERICANA DO NORTE,Posto de Saúde,ZONA RURAL,DISTRITO DE AMERICANA DO NORTE,-10.807,-56.62,Dados Abertos SUS - CNES Estabelecimentos,"Validar funcionamento, localização e vínculo territorial com APS municipal/ERS.",True,0,0,
Tabaporã,5107941,2392844,POSTO SAO CRISTOVAO POSTO DE SAUDE,Posto de Saúde,ZONA RURAL,KM 33 ESTRADA PARA JUARA,,,Dados Abertos SUS - CNES Estabelecimentos,"Validar funcionamento, localização e vínculo territorial com APS municipal/ERS.",False,0,0,
Tabaporã,5107941,2392836,UNIDADE BASICA DE SAUDE PSF I,UBS / Centro de Saúde,CENTRO,RUA VILAS BOAS,-11.3058674,-56.8189917,Dados Abertos SUS - CNES Estabelecimentos,"Validar funcionamento, localização e vínculo territorial com APS municipal/ERS.",True,1,1,0000452475; 0002078260
Tabaporã,5107941,5503086,UNIDADE BASICA DE SAUDE PSF III RURAL,UBS / Centro de Saúde,DISTRITO NOVA FRONTE,RUA HORTENCIA QUADRA 01 LOTE 52,-10.8067710604,-56.620080471,Dados Abertos SUS - CNES Estabelecimentos,"Validar funcionamento, localização e vínculo territorial com APS municipal/ERS.",True,1,1,0000452491; 0002121808
Tabaporã,5107941,5969662,UNIDADE BASICA DE SAUDE PSF IV,UBS / Centro de Saúde,CENTRO,AVENIDA DR CARLOS VIDOTO,-10.8069186002,-56.6199731827,Dados Abertos SUS - CNES Estabelecimentos,"Validar funcionamento, localização e vínculo territorial com APS municipal/ERS.",True,1,1,0000452505; 0002121794
Tangará da Serra,5107958,2472651,CENTRO DE SAUDE TANGARA DA SERRA,UBS / Centro de Saúde,CENTRO,RUA SEBASTIAO BARRETO,-14.6248630562,-57.4898672104,Dados Abertos SUS - CNES Estabelecimentos,"Validar funcionamento, localização e vínculo territorial com APS municipal/ERS.",True,0,0,
Tangará da Serra,5107958,6694888,POSTO DE SAUDE DA CURVA ASSENTAMENTO,Posto de Saúde,ZONA RURAL,CURVA PARA A CALCARIO,-14.6299082704,-57.559325695,Dados Abertos SUS - CNES Estabelecimentos,"Validar funcionamento, localização e vínculo territorial com APS municipal/ERS.",True,0,0,
Tangará da Serra,5107958,2472368,POSTO DE SAUDE DA TRIANGULO,Posto de Saúde,DIST DE SAO JORGE,GLEBA TRIANGULO,-14.6319636948,-57.6061034203,Dados Abertos SUS - CNES Estabelecimentos,"Validar funcionamento, localização e vínculo territorial com APS municipal/ERS.",True,0,0,
Tangará da Serra,5107958,2472341,POSTO DE SAUDE DE JOAQUIM DO BOCHE,Posto de Saúde,DIST DE SAO JOAQUIM,RUA RAMON SANCHES,-14.6600940828,-57.4209022522,Dados Abertos SUS - CNES Estabelecimentos,"Validar funcionamento, localização e vínculo territorial com APS municipal/ERS.",True,0,0,
Tangará da Serra,5107958,2472643,POSTO DE SAUDE DE SAO JORGE,Posto de Saúde,DISTRITO SAO JORGE,AVN MATO GROSSO,-14.6308217947,-57.5703763962,Dados Abertos SUS - CNES Estabelecimentos,"Validar funcionamento, localização e vínculo territorial com APS municipal/ERS.",True,0,0,
Tangará da Serra,5107958,7080131,POSTO DE SAUDE INDIGENA ALDEIA QUEIMADA,Posto de Saúde,ZONA RURAL,ALDEIA QUEIMADA,-14.6190494969,-57.4859404564,Dados Abertos SUS - CNES Estabelecimentos,"Validar funcionamento, localização e vínculo territorial com APS municipal/ERS.",True,0,0,
Tangará da Serra,5107958,6608922,POSTO DE SAUDE MARECHAL CANDIDO RONDON TANGARA,Posto de Saúde,ZONA RURAL,ASSENTAMENTO ANTONIO CONSELHEIRO,-14.6350364146,-57.5716209412,Dados Abertos SUS - CNES Estabelecimentos,"Validar funcionamento, localização e vínculo territorial com APS municipal/ERS.",True,0,0,
Tangará da Serra,5107958,7781997,UNIDADE BASICA DE SAUDE CENTRO II,UBS / Centro de Saúde,CENTRO,RUA BENEDITO P OLIVEIRA,-14.619547808,-57.492377758,Dados Abertos SUS - CNES Estabelecimentos,"Validar funcionamento, localização e vínculo territorial com APS municipal/ERS.",True,1,0,0001594931
Tangará da Serra,5107958,7080174,UNIDADE BASICA DE SAUDE INDIGENA ALDEIA BATIZA,UBS / Centro de Saúde,ZONA RURAL,ALDEIA BATIZA,-14.6189249189,-57.4859404564,Dados Abertos SUS - CNES Estabelecimentos,"Validar funcionamento, localização e vínculo territorial com APS municipal/ERS.",True,0,0,
Tangará da Serra,5107958,7080093,UNIDADE BASICA DE SAUDE INDIGENA ALDEIA FORMOSO,UBS / Centro de Saúde,ZONA RURAL,ALDEIA FORMOSO,-14.4938546497,-58.1114959717,Dados Abertos SUS - CNES Estabelecimentos,"Validar funcionamento, localização e vínculo territorial com APS municipal/ERS.",True,0,0,
Tangará da Serra,5107958,4032098,UNIDADE BASICA DE SAUDE INDIGENA ALDEIA KOLIDIKI,UBS / Centro de Saúde,ZONA RURAL,ALDEIA KOLIDIKI,-14.2430868627,-58.4692382812,Dados Abertos SUS - CNES Estabelecimentos,"Validar funcionamento, localização e vínculo territorial com APS municipal/ERS.",True,0,0,
Tangará da Serra,5107958,7080166,UNIDADE BASICA DE SAUDE INDIGENA ALDEIA KOTITIKO,UBS / Centro de Saúde,ZONA RURAL,ALDEIA KOTITIKO,-14.6460397202,-58.1080627441,Dados Abertos SUS - CNES Estabelecimentos,"Validar funcionamento, localização e vínculo territorial com APS municipal/ERS.",True,0,0,
Tangará da Serra,5107958,7080182,UNIDADE BASICA DE SAUDE INDIGENA ALDEIA NOVA ESPERANCA,UBS / Centro de Saúde,ZONA RUARAL,ALDEIA NOVA ESPERANCA,-14.3601911584,-58.4307861328,Dados Abertos SUS - CNES Estabelecimentos,"Validar funcionamento, localização e vínculo territorial com APS municipal/ERS.",True,0,0,
Tangará da Serra,5107958,2472279,USF ALTO DA BOA VISTA LAUDEMIRO FRANCISCO ALVES,USF / Saúde da Família,ALTO DA BOA VISTA,AV BEIJA FLOR,-14.6598449734,-57.4697613716,Dados Abertos SUS - CNES Estabelecimentos,"Validar funcionamento, localização e vínculo territorial com APS municipal/ERS.",True,1,1,0001594796; 0002286963
Tangará da Serra,5107958,7782799,USF ALTOS DO TARUMA TEKA BEZERRA TANGARA DA SERRA,USF / Saúde da Família,JARDIM TARUMA,RUA LUIZ FERNANDES DE MOURA,-14.5994898931,-57.4983429909,Dados Abertos SUS - CNES Estabelecimentos,"Validar funcionamento, localização e vínculo territorial com APS municipal/ERS.",True,1,1,0001594834; 0002287617
Tangará da Serra,5107958,7782438,USF BARCELONA TANGARA DA SERRA,USF / Saúde da Família,JD MORADA DO SOL,RUA K ESQ COM A ALAMEDA DAS ACACIAS,-14.6126751675,-57.5182771683,Dados Abertos SUS - CNES Estabelecimentos,"Validar funcionamento, localização e vínculo territorial com APS municipal/ERS.",True,1,0,0001594923
Tangará da Serra,5107958,7623615,USF CENTRO TANGARA DA SERRA,USF / Saúde da Família,CENTRO,RUA BENEDITO PEREIRA DE OLIVEIRA,-14.6248734374,-57.4902427197,Dados Abertos SUS - CNES Estabelecimentos,"Validar funcionamento, localização e vínculo territorial com APS municipal/ERS.",True,1,0,0001594907
Tangará da Serra,5107958,7782780,USF COHAB II TANGARA DA SERRA,USF / Saúde da Família,JARDIM TARUMA,RUA 01 ESQ 24,-14.6069235781,-57.4924850464,Dados Abertos SUS - CNES Estabelecimentos,"Validar funcionamento, localização e vínculo territorial com APS municipal/ERS.",True,1,0,0001594826
Tangará da Serra,5107958,3674479,USF COHAB TANGARA DA SERRA,USF / Saúde da Família,JARDIM TARUMA,RUA 1A ESQ C24,-14.6069235781,-57.4924635887,Dados Abertos SUS - CNES Estabelecimentos,"Validar funcionamento, localização e vínculo territorial com APS municipal/ERS.",True,1,1,0000452580; 0001851969
Tangará da Serra,5107958,3850617,USF JARDIM DOS IPES SEBASTIAO ANALIZ SOARES,USF / Saúde da Família,JARDIM DOS IPES,RUA DAS CABREUVAS,-14.643797582,-57.4757480621,Dados Abertos SUS - CNES Estabelecimentos,"Validar funcionamento, localização e vínculo territorial com APS municipal/ERS.",True,1,1,0000452599; 0001856545
Tangará da Serra,5107958,7781989,USF JARDIM EUROPA TANGARA DA SERRA,USF / Saúde da Família,JARDIM EUROPA,RUA OSVALDO F DE OLIVEIRA ESQ ANTONIO J DA SILVA,-14.6088961618,-57.4763917923,Dados Abertos SUS - CNES Estabelecimentos,"Validar funcionamento, localização e vínculo territorial com APS municipal/ERS.",True,1,0,0001594885
Tangará da Serra,5107958,7781865,USF JARDIM PARAISO TANGARA DA SERRA,USF / Saúde da Família,JARDIM EUROPA,RUA OSVALDO F DE OLIVEIRA ESQ ANTONIO J DA SILVA,-14.60883387,-57.47641325,Dados Abertos SUS - CNES Estabelecimentos,"Validar funcionamento, localização e vínculo territorial com APS municipal/ERS.",True,1,0,0001594877
Tangará da Serra,5107958,2472627,USF JARDIM PRESIDENTE TANGARA DA SERRA,USF / Saúde da Família,JARDIM ESMERALDA,RUA 17,-14.63844127,-57.5226330757,Dados Abertos SUS - CNES Estabelecimentos,"Validar funcionamento, localização e vínculo territorial com APS municipal/ERS.",True,1,1,0000452564; 0001856723
Tangará da Serra,5107958,2472317,USF JARDIM SANTA LUCIA,USF / Saúde da Família,JARDIM SANTA LUCIA,RUA ARLINDO NOGUEIRA GOMES,-14.6187172888,-57.4994373322,Dados Abertos SUS - CNES Estabelecimentos,"Validar funcionamento, localização e vínculo territorial com APS municipal/ERS.",True,1,1,0001594966; 0002278529
Tangará da Serra,5107958,3850625,USF JARDIM SHANGRILA TANGARA DA SERRA,USF / Saúde da Família,JARDIM SHANGRILA,RUA OLIVIO DE LIMA,-14.6313200791,-57.487206459,Dados Abertos SUS - CNES Estabelecimentos,"Validar funcionamento, localização e vínculo territorial com APS municipal/ERS.",True,1,1,0000452602; 0001856758
Tangará da Serra,5107958,4070410,USF JARDIM TANGARA II TANGARA DA SERRA,USF / Saúde da Família,JD PARQUE TANGARA,RUA ARLINDO NOGUEIRA GOMES,-14.625745458,-57.5081598759,Dados Abertos SUS - CNES Estabelecimentos,"Validar funcionamento, localização e vínculo territorial com APS municipal/ERS.",True,1,1,0000452637; 0001856774
Tangará da Serra,5107958,7782446,USF JARDIM TANGARA TANGARA DA SERRA,USF / Saúde da Família,JARDIM TANGARA II,RUA 07 A,-14.6191325488,-57.4853610992,Dados Abertos SUS - CNES Estabelecimentos,"Validar funcionamento, localização e vínculo territorial com APS municipal/ERS.",True,0,0,
Tangará da Serra,5107958,7782691,USF MORADA DO SOL TANGARA DA SERRA,USF / Saúde da Família,MORADA DO SOL,RUA K ESQ COM ALAMEDA DAS ACACIAS,-14.6128620397,-57.518427372,Dados Abertos SUS - CNES Estabelecimentos,"Validar funcionamento, localização e vínculo territorial com APS municipal/ERS.",True,1,1,0001594893; 0002278510
Tangará da Serra,5107958,7783027,USF PARQUE FIGUEIRA JOSE LUIZ DE SOUZA,USF / Saúde da Família,JARDIM MONTE LIBANO,RUA ANTONIO JOSE DA SILVA ENTRE A 56 A E 58 A,-14.6383374642,-57.5154447556,Dados Abertos SUS - CNES Estabelecimentos,"Validar funcionamento, localização e vínculo territorial com APS municipal/ERS.",True,1,0,0001594915
Tangará da Serra,5107958,2472333,USF PROGRESSO MIGUEL GIMENES DE SOUZA,USF / Saúde da Família,DISTRITO DE PROGRESS,RUA SIMIAO GANCALVES DE OLIVEIRA,-14.6639137242,-57.3601233959,Dados Abertos SUS - CNES Estabelecimentos,"Validar funcionamento, localização e vínculo territorial com APS municipal/ERS.",True,1,1,0001594958; 0002553775
Tangará da Serra,5107958,4070380,USF SANTA IZABEL TANGARA DA SERRA,USF / Saúde da Família,VILA HORIZONTE,RUA VER BRASILINO GOMES AMADO,-14.6051378555,-57.4844384193,Dados Abertos SUS - CNES Estabelecimentos,"Validar funcionamento, localização e vínculo territorial com APS municipal/ERS.",True,1,1,0000452629; 0001856901
Tangará da Serra,5107958,2472309,USF VILA ALTA TANGARA DA SERRA,USF / Saúde da Família,CIDADE ALTA,RUA EVELIN CRESTANI,-14.6322958828,-57.4958109856,Dados Abertos SUS - CNES Estabelecimentos,"Validar funcionamento, localização e vínculo territorial com APS municipal/ERS.",True,1,0,0001594850
Tangará da Serra,5107958,2472325,USF VILA ARAPUTANGA TANGARA DA SERRA,USF / Saúde da Família,JD SANTA LUCIA,RUA COXIPONE,-14.6167032669,-57.5033855438,Dados Abertos SUS - CNES Estabelecimentos,"Validar funcionamento, localização e vínculo territorial com APS municipal/ERS.",True,1,1,0000452556; 0001856804
Tangará da Serra,5107958,3850676,USF VILA ESMERALDA TANGARA DA SERRA,USF / Saúde da Família,JARDIM ESMERALDA,RUA 05 ESQ 8,-14.6312785555,-57.5271177292,Dados Abertos SUS - CNES Estabelecimentos,"Validar funcionamento, localização e vínculo territorial com APS municipal/ERS.",True,1,1,0000452610; 0001856847
Tangará da Serra,5107958,2472295,USF VILA GOIANIA TANGARA DA SERRA,USF / Saúde da Família,JARDIM GOIAS,RUA ELISEU PEREIRA LEITE,-14.6208766321,-57.4699115753,Dados Abertos SUS - CNES Estabelecimentos,"Validar funcionamento, localização e vínculo territorial com APS municipal/ERS.",True,1,1,0000452548; 0001856855
Tangará da Serra,5107958,2472260,USF VILA NAZARE MIGUEL ROMANHUK,USF / Saúde da Família,JD NAZARE,RUA JERUZA NERCILIA C MENDES DA SILVA,-14.6426765042,-57.4834728241,Dados Abertos SUS - CNES Estabelecimentos,"Validar funcionamento, localização e vínculo territorial com APS municipal/ERS.",True,1,1,0000452521; 0001856898
Tapurah,5108006,9273425,NUCLEO DE APOIO A SAUDE DA FAMILIA DE TAPURAH NASF II,USF / Saúde da Família,CENTRO,AV DOS TRABALHADORES,-12.7336382,-56.5158197,Dados Abertos SUS - CNES Estabelecimentos,"Validar funcionamento, localização e vínculo territorial com APS municipal/ERS.",True,0,0,
Tapurah,5108006,2654555,USF I UNIDADE DE SAUDE DA FAMILIA DE TAPURAH,USF / Saúde da Família,CRISTO REI,AVENIDA SAO PAULO LOTE 02 C PROJ COLON TAPU,-12.7711646926,-56.5553426743,Dados Abertos SUS - CNES Estabelecimentos,"Validar funcionamento, localização e vínculo territorial com APS municipal/ERS.",True,1,1,0000452645; 0001626302; 0001808060
Tapurah,5108006,5502861,USF II UNIDADE DE SAUDE DA FAMILIA DE TAPURAH,USF / Saúde da Família,SAO CRISTOVAO,AV PERNAMBUCO,-12.7711019122,-56.5561151505,Dados Abertos SUS - CNES Estabelecimentos,"Validar funcionamento, localização e vínculo territorial com APS municipal/ERS.",True,1,1,0000452653; 0001808079
Tapurah,5108006,6696376,USF III UNIDADE DE SAUDE DA FAMILIA DE TAPURAH,USF / Saúde da Família,CRISTO REI,AV TOCANTINS ESQUINA COM RUA DAS ACACIAS QD 55B,-12.7713948876,-56.5536904335,Dados Abertos SUS - CNES Estabelecimentos,"Validar funcionamento, localização e vínculo territorial com APS municipal/ERS.",True,1,1,0000452661; 0001808117
Tapurah,5108006,7808984,USF IV UNIDADE DE SAUDE DA FAMILIA DE TAPURAH B JOELMA,USF / Saúde da Família,JARDIM JOELMA,RUA DAS VIOLETAS,-12.7776937777,-56.554377079,Dados Abertos SUS - CNES Estabelecimentos,"Validar funcionamento, localização e vínculo territorial com APS municipal/ERS.",True,1,1,0001587323; 0001808028
Terra Nova do Norte,5108055,5047455,UNIDADE DE SAUDE DA FAMILIA ANA NERI TERRA NOVA DO NORTE,USF / Saúde da Família,UNIAO,RUA PEDRO ALVARES CABRAL,-10.5171805636,-55.230782032,Dados Abertos SUS - CNES Estabelecimentos,"Validar funcionamento, localização e vínculo territorial com APS municipal/ERS.",True,1,1,0000452734; 0002005778
Terra Nova do Norte,5108055,2571315,UNIDADE DE SAUDE DA FAMILIA NONA AGROVILA,USF / Saúde da Família,ZONA RURAL,NONA AGROVILA,-10.406861,-54.906889,Dados Abertos SUS - CNES Estabelecimentos,"Validar funcionamento, localização e vínculo territorial com APS municipal/ERS.",True,1,1,0000452718; 0002004224
Terra Nova do Norte,5108055,2571323,UNIDADE DE SAUDE DA FAMILIA SAO PEDRO,USF / Saúde da Família,RURAL,COMUNIDADE SAO PEDRO,-10.5970441562,-55.1155972481,Dados Abertos SUS - CNES Estabelecimentos,"Validar funcionamento, localização e vínculo territorial com APS municipal/ERS.",True,1,1,0000452726; 0002211149
Terra Nova do Norte,5108055,2391961,UNIDADE DE SAUDE DA FAMILIA VISTA ALEGRE,USF / Saúde da Família,VISTA ALEGRE,RUA DAS PALMEIRAS,-10.589345,-55.116154,Dados Abertos SUS - CNES Estabelecimentos,"Validar funcionamento, localização e vínculo territorial com APS municipal/ERS.",True,1,1,0000452688; 0002005832
Tesouro,5108105,2397536,UNIDADE DE SAUDE DA FAMILIA JOSE MARTINS VIEIRA BATOVI,USF / Saúde da Família,DISTRITO BATOVI,RUA DO COMERCIO,-15.863205,-53.513403,Dados Abertos SUS - CNES Estabelecimentos,"Validar funcionamento, localização e vínculo territorial com APS municipal/ERS.",True,1,0,0002203154
Tesouro,5108105,2397528,UNIDADE DE SAUDE DA FAMILIA MARIA JOSE DE SA ARAUJO TESOURO,USF / Saúde da Família,CENTRO,RUA DOUTRO PONCE DE ARRUDA,-16.0773415401,-53.5536074634,Dados Abertos SUS - CNES Estabelecimentos,"Validar funcionamento, localização e vínculo territorial com APS municipal/ERS.",True,1,1,0000452742; 0002156946; 0002360063
Torixoréu,5108204,7271174,UNIDADE BASICA DE SAUDE ALTO DIAMANTINO,UBS / Centro de Saúde,ZONA RURAL,ALTO DIAMANTINO,,,Dados Abertos SUS - CNES Estabelecimentos,"Validar funcionamento, localização e vínculo territorial com APS municipal/ERS.",False,0,0,
Torixoréu,5108204,2395568,UNIDADE BASICA DE SAUDE DE TORIXOREU,UBS / Centro de Saúde,CENTRO,AV DOM BOSCO,-16.2031050279,-52.5583764911,Dados Abertos SUS - CNES Estabelecimentos,"Validar funcionamento, localização e vínculo territorial com APS municipal/ERS.",True,1,1,0000452750; 0001505408; 0002113902
Torixoréu,5108204,2395576,UNIDADE BASICA SAUDE DA FAMILIA DE POUSO ALTO,USF / Saúde da Família,ZONA RURAL POVOADO,CENTRO DO POVOADO,-16.455513,-53.036364,Dados Abertos SUS - CNES Estabelecimentos,"Validar funcionamento, localização e vínculo territorial com APS municipal/ERS.",True,1,1,0000452769; 0002113929
União do Sul,5108303,7770804,CENTRO DE SAUDE DE UNIAO DO SUL,UBS / Centro de Saúde,SAO LUIZ,AVENIDA SANTA CATARINA,-11.5280546611,-54.3729954958,Dados Abertos SUS - CNES Estabelecimentos,"Validar funcionamento, localização e vínculo territorial com APS municipal/ERS.",True,0,0,
União do Sul,5108303,9624155,NUCLEO AMPLIADO A SAUDE DA FAMILIA EMULTI,USF / Saúde da Família,CENTRO,RUA XAXIM,-11.5311084976,-54.3708229065,Dados Abertos SUS - CNES Estabelecimentos,"Validar funcionamento, localização e vínculo territorial com APS municipal/ERS.",True,0,0,0001671804
Vale de São Domingos,5108352,7906366,POSTO DE SAUDE JOAO ANTONIO FLOR,Posto de Saúde,ZONA RURAL,DISTRITO MAQUINA QUEIMADA,-15.279576,-59.117003,Dados Abertos SUS - CNES Estabelecimentos,"Validar funcionamento, localização e vínculo territorial com APS municipal/ERS.",True,0,0,
Vale de São Domingos,5108352,2654369,UBS RITA BEZERRA DA SILVA,UBS / Centro de Saúde,CENTRO,AVN TANCREDO NEVES,-15.29755606,-59.0647745132,Dados Abertos SUS - CNES Estabelecimentos,"Validar funcionamento, localização e vínculo territorial com APS municipal/ERS.",True,1,1,0000452793; 0001890700
Vale de São Domingos,5108352,5654955,UBS VALMIR PEREIRA DE SOUZA,UBS / Centro de Saúde,CENTRO,AVENIDA JOSE MEDEIROS,-15.2938511929,-59.0650963783,Dados Abertos SUS - CNES Estabelecimentos,"Validar funcionamento, localização e vínculo territorial com APS municipal/ERS.",True,1,1,0000452807; 0001890735
Vera,5108501,2533677,CENTRO DE SAUDE DR HENRIQUE SOUZA CHAVES,UBS / Centro de Saúde,CENTRO,AVENIDA ESTADOS UNIDOS,-12.2841323491,-55.3005731106,Dados Abertos SUS - CNES Estabelecimentos,"Validar funcionamento, localização e vínculo territorial com APS municipal/ERS.",True,0,0,
Vera,5108501,2654490,UNIDADE DE SAUDE DA FAMILIA DOM GENTIL DELAZARI,USF / Saúde da Família,VIDA NOVA,AVENIDA ESTADOS UNIDOS,-12.2962244359,-55.2960804105,Dados Abertos SUS - CNES Estabelecimentos,"Validar funcionamento, localização e vínculo territorial com APS municipal/ERS.",True,1,1,0000453064; 0001890638
Vera,5108501,2795841,UNIDADE DE SAUDE DA FAMILIA DOM HENRIQUE FROEHLICH,USF / Saúde da Família,CENTRO,RUA CHILE,-12.2852907395,-55.2993929386,Dados Abertos SUS - CNES Estabelecimentos,"Validar funcionamento, localização e vínculo territorial com APS municipal/ERS.",True,1,1,0000453072; 0001891103
Vila Bela da Santíssima Trindade,5105507,2394596,CENTRO DE SAUDE DE VILA BELA,UBS / Centro de Saúde,CENTRO,RUA MAL RONDON,-15.0073237785,-59.9473071098,Dados Abertos SUS - CNES Estabelecimentos,"Validar funcionamento, localização e vínculo territorial com APS municipal/ERS.",True,0,0,
Vila Bela da Santíssima Trindade,5105507,2394618,POSTO DE SAUDE DO PALMARITO,Posto de Saúde,ZONA RURAL,RUA PRINCIPAL,-15.008,-59.951,Dados Abertos SUS - CNES Estabelecimentos,"Validar funcionamento, localização e vínculo territorial com APS municipal/ERS.",True,0,0,
Vila Bela da Santíssima Trindade,5105507,2395053,POSTO DE SAUDE RICARDO FRANCO,Posto de Saúde,ZONA RURAL,RUA PRINCIPAL,-15.008,-59.951,Dados Abertos SUS - CNES Estabelecimentos,"Validar funcionamento, localização e vínculo territorial com APS municipal/ERS.",True,0,0,
Vila Bela da Santíssima Trindade,5105507,9338276,POSTO DE SAUDE RITINHA,Posto de Saúde,ZONA RURAL,RU PRINCIPAL,-15.008,-59.951,Dados Abertos SUS - CNES Estabelecimentos,"Validar funcionamento, localização e vínculo territorial com APS municipal/ERS.",True,0,0,
Vila Bela da Santíssima Trindade,5105507,2395061,POSTO DE SAUDE SANTA CLARA,Posto de Saúde,ZONA RURAL,BR 473,-15.008,-59.951,Dados Abertos SUS - CNES Estabelecimentos,"Validar funcionamento, localização e vínculo territorial com APS municipal/ERS.",True,0,0,
Vila Bela da Santíssima Trindade,5105507,9337644,POSTO DE SAUDE SAO SEBASTIAO,Posto de Saúde,ZONA RURAL,RUA PRINCIPAL,-15.008,-59.951,Dados Abertos SUS - CNES Estabelecimentos,"Validar funcionamento, localização e vínculo territorial com APS municipal/ERS.",True,0,0,
Vila Bela da Santíssima Trindade,5105507,2615495,UNIDADE DE SAUDE DA FAMILIA I VILA BELA,USF / Saúde da Família,CENTRO,RUA CONDE DE AZAMBUJA,-15.0067434551,-59.948015213,Dados Abertos SUS - CNES Estabelecimentos,"Validar funcionamento, localização e vínculo territorial com APS municipal/ERS.",True,1,1,0000449415; 0002012413
Vila Rica,5108600,2392593,UNIDADE DE SAUDE DA FAMILIA I VR,USF / Saúde da Família,VILA NOVA,AV C,-10.17049,-51.108308,Dados Abertos SUS - CNES Estabelecimentos,"Validar funcionamento, localização e vínculo territorial com APS municipal/ERS.",True,1,1,0000453129; 0001886398
Vila Rica,5108600,2654873,UNIDADE DE SAUDE DA FAMILIA III VR,USF / Saúde da Família,SETOR INCONFIDENTES,RUA VISCONDE BARBACENA,-10.0119816,-51.115736,Dados Abertos SUS - CNES Estabelecimentos,"Validar funcionamento, localização e vínculo territorial com APS municipal/ERS.",True,1,1,0000453137; 0001886460
Vila Rica,5108600,3040097,UNIDADE DE SAUDE DA FAMILIA IV RURAL VR,USF / Saúde da Família,SETOR OESTE,AV JONAS PINHEIRO,-10.011981,-51.115822,Dados Abertos SUS - CNES Estabelecimentos,"Validar funcionamento, localização e vínculo territorial com APS municipal/ERS.",True,1,1,0000453145; 0001886487
Vila Rica,5108600,2311542,UNIDADE DE SAUDE DA FAMILIA V RURAL VR,USF / Saúde da Família,SETOR SUL,RUA VERISSIMO MARTINS DOS ANJOS,-10.022024,-51.126016,Dados Abertos SUS - CNES Estabelecimentos,"Validar funcionamento, localização e vínculo territorial com APS municipal/ERS.",True,2,1,0000453102; 0000453110; 0001886509; 0002569825
Vila Rica,5108600,4149343,UNIDADE DE SAUDE DA FAMILIA VII,USF / Saúde da Família,SETOR SUL,RUA 04,-10.01665,-51.118745,Dados Abertos SUS - CNES Estabelecimentos,"Validar funcionamento, localização e vínculo territorial com APS municipal/ERS.",True,1,0,0002312239
Vila Rica,5108600,2311461,UNIDADE SAUDE DA FAMILIA II VR,USF / Saúde da Família,BELA VISTA,PERIMETRAL NORTE,-10.01196,-51.115951,Dados Abertos SUS - CNES Estabelecimentos,"Validar funcionamento, localização e vínculo territorial com APS municipal/ERS.",True,1,1,0000453099; 0001886444
Várzea Grande,5108402,8015937,USF 24 DEZEMBRO MIGUEL BARACAT,USF / Saúde da Família,24 DE DEZEMBRO,AV PRINCIPAL DA PRAIA GRANDE,-15.7193332713,-56.1379694939,Dados Abertos SUS - CNES Estabelecimentos,"Validar funcionamento, localização e vínculo territorial com APS municipal/ERS.",True,4,1,0002290782; 0002293706; 0002293714; 0002299232; 0002419599; 0002419890
Várzea Grande,5108402,2390817,USF AGUA LIMPA LAURENTINO PAULO DE CERQUEIRA,USF / Saúde da Família,AGUA LIMPA,RUA EDUARDO GOMES,-15.6610567256,-56.1289358139,Dados Abertos SUS - CNES Estabelecimentos,"Validar funcionamento, localização e vínculo territorial com APS municipal/ERS.",True,2,0,0002299259; 0002299267
Várzea Grande,5108402,2390779,USF AGUA VERMELHA CELESTINA GOMES COELHO,USF / Saúde da Família,AGUA VERMELHA,RUA VAZ DE CAMOES,-15.6489903072,-56.1495351791,Dados Abertos SUS - CNES Estabelecimentos,"Validar funcionamento, localização e vínculo territorial com APS municipal/ERS.",True,2,0,0000452815; 0001688529
Várzea Grande,5108402,6453457,USF AURILIA SALES CURVO JD UNIAO,USF / Saúde da Família,CRISTO REI,RUA DAS AVENCAS,-15.6457082,-56.0847192,Dados Abertos SUS - CNES Estabelecimentos,"Validar funcionamento, localização e vínculo territorial com APS municipal/ERS.",True,3,1,0000453048; 0000453056; 0002290529; 0002420236
Várzea Grande,5108402,447072,USF CABO MICHEL TEREZINHA MARIA DE CAMPOS KALIX,USF / Saúde da Família,COHAB CABO MICHEL,AVENIDA DOIS,-15.6707824,-56.1495809,Dados Abertos SUS - CNES Estabelecimentos,"Validar funcionamento, localização e vínculo territorial com APS municipal/ERS.",True,0,0,
Várzea Grande,5108402,2390752,USF CAPAO GRANDE MARIA JOSE PEDROSA,USF / Saúde da Família,CAPAO GRANDE,AVENIDA LUIZ PEDRO DE LIMA,-15.7033455473,-56.1599636078,Dados Abertos SUS - CNES Estabelecimentos,"Validar funcionamento, localização e vínculo territorial com APS municipal/ERS.",True,2,0,0001688537; 0001688588
Várzea Grande,5108402,2390795,USF COHAB CRISTO REI,USF / Saúde da Família,COHAB CRISTO REI PQ,RUA PRESIDENTE CARDOSO JUNIOR,-15.6580014,-56.1005925,Dados Abertos SUS - CNES Estabelecimentos,"Validar funcionamento, localização e vínculo territorial com APS municipal/ERS.",True,2,1,0000452831; 0002299208; 0002419963
Várzea Grande,5108402,317217,USF CONSTRUMAT GONCALO GOMES DA SILVA,USF / Saúde da Família,PONTE NOVA,RUA ANTONIO LINO,-15.6235224562,-56.1046564579,Dados Abertos SUS - CNES Estabelecimentos,"Validar funcionamento, localização e vínculo territorial com APS municipal/ERS.",True,0,0,
Várzea Grande,5108402,2390728,USF CRISTO REI VITOR MARQUES PEREIRA MALHEIROS,USF / Saúde da Família,CRISTO REI,AV DOM ORLANDO CHAVES,-15.6290887,-56.1117425,Dados Abertos SUS - CNES Estabelecimentos,"Validar funcionamento, localização e vínculo territorial com APS municipal/ERS.",True,4,1,0000452858; 0002292823; 0002299283; 0002405393; 0002419661; 0002419998
Várzea Grande,5108402,317160,USF JARDIM ELDORADO ALVARO RIBEIRO ROCHA,USF / Saúde da Família,JARDIM ELDORADO,RUA TRIUNFO,-15.662178,-56.1843496,Dados Abertos SUS - CNES Estabelecimentos,"Validar funcionamento, localização e vínculo territorial com APS municipal/ERS.",True,0,0,
Várzea Grande,5108402,2390736,USF JARDIM GLORIA MOACYR D LANNES,USF / Saúde da Família,JARDIM GLORIA II,RUA DA HARMONIA,-15.6040305,-56.1772661,Dados Abertos SUS - CNES Estabelecimentos,"Validar funcionamento, localização e vínculo territorial com APS municipal/ERS.",True,3,1,0002290774; 0002292912; 0002299224; 0002419769; 0002419939
Várzea Grande,5108402,2390787,USF JARDIM IMPERIAL,USF / Saúde da Família,JARDIM IMPERIAL,AVENIDA Z QD 17,-15.6464694929,-56.133055687,Dados Abertos SUS - CNES Estabelecimentos,"Validar funcionamento, localização e vínculo territorial com APS municipal/ERS.",True,3,0,0002293609; 0002293617; 0002293625
Várzea Grande,5108402,5354714,USF JARDIM MARAJOARA DRA ARMINDA GUIMARAES SATO,USF / Saúde da Família,JARDIM MARAJOARA,RUA GOV GENERAL MALLET,-15.6584327534,-56.1688899994,Dados Abertos SUS - CNES Estabelecimentos,"Validar funcionamento, localização e vínculo territorial com APS municipal/ERS.",True,4,1,0002291010; 0002293633; 0002299216; 0002335913; 0002405423; 0002420074
Várzea Grande,5108402,9226230,USF JD OURO VERDE CELINA BATISTA DANTAS,USF / Saúde da Família,JARDIM OURO VERDE,RUA SAO JOSE,-15.6631228217,-56.1427599192,Dados Abertos SUS - CNES Estabelecimentos,"Validar funcionamento, localização e vínculo territorial com APS municipal/ERS.",True,3,0,0002293676; 0002293684; 0002299240
Várzea Grande,5108402,7242034,USF LIMPO GRANDE,USF / Saúde da Família,LIMPO GRANDE,RUA NOSSA SENHORA APARECIDA,-15.5823294,-56.1449499,Dados Abertos SUS - CNES Estabelecimentos,"Validar funcionamento, localização e vínculo territorial com APS municipal/ERS.",True,1,1,0000452882; 0002416743
Várzea Grande,5108402,6870449,USF MANAIRA MARGARIDA TAVARES PEREIRA,USF / Saúde da Família,NOVA ESPERANCA,RUA DA HARMONIA,-15.6041482383,-56.1776232719,Dados Abertos SUS - CNES Estabelecimentos,"Validar funcionamento, localização e vínculo territorial com APS municipal/ERS.",True,5,1,0001480502; 0001480510; 0002290545; 0002404060; 0002404079; 0002420155
Várzea Grande,5108402,3895467,USF MANGA BINOCA MARIA DA COSTA,USF / Saúde da Família,MANGA,AVENIDA ARY PAES BARRETO,-15.6373787,-56.1112889,Dados Abertos SUS - CNES Estabelecimentos,"Validar funcionamento, localização e vínculo territorial com APS municipal/ERS.",True,3,0,0000452998; 0000453005; 0000453013; 0000453021
Várzea Grande,5108402,2390809,USF NOSSA SENHORA DA GUIA,USF / Saúde da Família,NOSSA SENHORA DA GUI,ALZIRA SANTANA,-15.6752952,-56.1298636,Dados Abertos SUS - CNES Estabelecimentos,"Validar funcionamento, localização e vínculo territorial com APS municipal/ERS.",True,2,0,0000452874; 0002299275
Várzea Grande,5108402,2569590,USF PARQUE DO LAGO DR LUCILO DE FREITAS MACEDO,USF / Saúde da Família,JARDIM MARINGA,AVENIDA JULIAO DE BRITO,-15.6624513428,-56.0905373096,Dados Abertos SUS - CNES Estabelecimentos,"Validar funcionamento, localização e vínculo territorial com APS municipal/ERS.",True,4,1,0000452866; 0002293668; 0002299194; 0002299879; 0002335816; 0002420015
Várzea Grande,5108402,9140417,USF PASSAGEM DA CONCEICAO,USF / Saúde da Família,PASSAGEM DA CONCEICA,AVENIDA PRINCIPAL,-15.56654489,-56.14283234,Dados Abertos SUS - CNES Estabelecimentos,"Validar funcionamento, localização e vínculo territorial com APS municipal/ERS.",True,1,0,0002299291
Várzea Grande,5108402,4626435,USF PASTOR JOSE GERARDO DOS ANJOS MARINGA I,USF / Saúde da Família,JARDIM MARINGA,RUA SOL NASCENTE,-15.6721551,-56.0857356,Dados Abertos SUS - CNES Estabelecimentos,"Validar funcionamento, localização e vínculo territorial com APS municipal/ERS.",True,2,0,0002403986; 0002403994
Várzea Grande,5108402,151017,USF SANTA ISABEL NEUZALINA FIGUEIREDO DE FREITAS,USF / Saúde da Família,SANTA ISABEL,RUA ABDALA JOSE DE ALMEIDA,-15.650806,-56.1730179,Dados Abertos SUS - CNES Estabelecimentos,"Validar funcionamento, localização e vínculo territorial com APS municipal/ERS.",True,0,0,
Várzea Grande,5108402,6868908,USF SOUZA LIMA LUIRICO FERREIRA MAGALHAES,USF / Saúde da Família,SOUZA LIMA,AVENIDA PRINCIPAL,-15.72088,-56.12701,Dados Abertos SUS - CNES Estabelecimentos,"Validar funcionamento, localização e vínculo territorial com APS municipal/ERS.",True,2,0,0001688626; 0002398729
Várzea Grande,5108402,3326721,USF UNIPARK MANOEL BERNARDO DE BARROS,USF / Saúde da Família,SANTA LUZIA,AVENIDA PREFEITO MURILO DOMINGOS,-15.6750127988,-56.0929942131,Dados Abertos SUS - CNES Estabelecimentos,"Validar funcionamento, localização e vínculo territorial com APS municipal/ERS.",True,3,0,0000452955; 0000452963; 0000452971
Várzea Grande,5108402,2391627,USF VEREADOR JOAO AVELINO BULHOES SAO MATHEUS II,USF / Saúde da Família,SAO MATHEUS,RUA 14,-15.6736585,-56.186068,Dados Abertos SUS - CNES Estabelecimentos,"Validar funcionamento, localização e vínculo territorial com APS municipal/ERS.",True,4,1,0000452890; 0000452904; 0000452912; 0002293307; 0002420171
Várzea Grande,5108402,3316505,USF VILA ARTHUR MARIA GALDINA DA SILVA,USF / Saúde da Família,VILA ARTHUR,RUA 07 DE SETEMBRO QD 26 LT 09,-15.6470067182,-56.1351799965,Dados Abertos SUS - CNES Estabelecimentos,"Validar funcionamento, localização e vínculo territorial com APS municipal/ERS.",True,3,0,0000452920; 0000452939; 0000452947
Água Boa,5100201,2472899,POSTO DE SAUDE GLEBA MARTINS AB,Posto de Saúde,RURAL,GLEBA MARTINS,-14.07335,-52.969258,Dados Abertos SUS - CNES Estabelecimentos,"Validar funcionamento, localização e vínculo territorial com APS municipal/ERS.",True,0,0,
Água Boa,5100201,7944500,POSTO DE SAUDE INDIGENA BABACU,Posto de Saúde,RURAL,ALDEIA BABACU,-14.091632,-52.163321,Dados Abertos SUS - CNES Estabelecimentos,"Validar funcionamento, localização e vínculo territorial com APS municipal/ERS.",True,0,0,
Água Boa,5100201,2472880,POSTO DE SAUDE PA SANTA MARIA,Posto de Saúde,RURAL,PROJETO DE ASSENTAMENTO SANTA MARIA,-14.405469,-52.2162,Dados Abertos SUS - CNES Estabelecimentos,"Validar funcionamento, localização e vínculo territorial com APS municipal/ERS.",True,0,0,
